,studentID,StudyHours,Attendance,Resources,Extracurricular,Motivation,Internet,Gender,Age,OnlineCourses,Discussions,AssignmentCompletion,ExamScore,EDTech_Usage_Level,StressLevel,FinalGrade,RiskLevel,LearningStyle_1,LearningStyle_2,LearningStyle_3
0,STU00001,19,64,1,0,0,1,0,19,8,1,59,40,0,1,3,3,0,1,0
1,STU00002,19,64,1,0,0,1,0,23,16,0,90,66,0,1,2,2,0,0,1
2,STU00003,19,64,1,0,0,1,0,28,19,0,67,99,1,1,0,0,1,0,0
3,STU00004,19,64,1,1,0,1,0,19,8,1,59,40,0,1,3,3,0,1,0
4,STU00005,19,64,1,1,0,1,0,23,16,0,90,66,0,1,2,2,0,0,1
5,STU00006,19,64,1,1,0,1,0,28,19,0,67,99,1,1,0,0,1,0,0
6,STU00007,19,64,0,1,0,1,0,19,8,1,59,40,0,1,3,3,0,1,0
7,STU00008,19,64,0,1,0,1,0,23,16,0,90,66,0,1,2,2,0,0,1
8,STU00009,19,64,0,1,0,1,0,28,19,0,67,99,1,1,0,0,1,0,0
9,STU00010,19,64,1,1,1,1,0,19,8,1,59,40,0,1,3,3,0,1,0
10,STU00011,19,64,1,1,1,1,0,23,16,0,90,66,0,1,2,2,0,0,1
11,STU00012,19,64,1,1,1,1,0,28,19,0,67,99,1,1,0,0,1,0,0
15,STU00013,19,64,2,0,1,1,0,19,8,1,59,40,0,1,3,3,0,1,0
16,STU00014,19,64,2,0,1,1,0,23,16,0,90,66,0,1,2,2,0,0,1
17,STU00015,19,64,2,0,1,1,0,28,19,0,67,99,1,1,0,0,1,0,0
18,STU00016,24,98,1,1,1,1,1,29,3,0,65,46,1,2,3,3,0,0,0
19,STU00017,24,98,1,1,1,1,1,27,0,1,71,83,1,0,1,1,0,0,0
20,STU00018,24,98,1,1,1,1,1,25,5,1,61,95,1,0,0,0,1,0,0
24,STU00019,24,98,0,0,2,1,1,29,3,0,65,46,1,2,3,3,0,0,0
25,STU00020,24,98,0,0,2,1,1,27,0,1,71,83,1,0,1,1,0,0,0
26,STU00021,24,98,0,0,2,1,1,25,5,1,61,95,1,0,0,0,1,0,0
27,STU00022,24,98,0,0,1,1,1,29,3,0,65,46,1,2,3,3,0,0,0
28,STU00023,24,98,0,0,1,1,1,27,0,1,71,83,1,0,1,1,0,0,0
29,STU00024,24,98,0,0,1,1,1,25,5,1,61,95,1,0,0,0,1,0,0
30,STU00025,24,98,1,1,2,1,1,29,3,0,65,46,1,2,3,3,0,0,0
31,STU00026,24,98,1,1,2,1,1,27,0,1,71,83,1,0,1,1,0,0,0
32,STU00027,24,98,1,1,2,1,1,25,5,1,61,95,1,0,0,0,1,0,0
33,STU00028,24,98,0,0,0,0,1,29,3,0,65,46,1,2,3,3,0,0,0
34,STU00029,24,98,0,0,0,0,1,27,0,1,71,83,1,0,1,1,0,0,0
35,STU00030,24,98,0,0,0,0,1,25,5,1,61,95,1,0,0,0,1,0,0
36,STU00031,29,89,1,1,1,1,1,20,17,1,75,54,1,2,3,3,0,0,0
37,STU00032,29,89,1,1,1,1,1,23,4,1,59,42,1,2,3,3,0,1,0
38,STU00033,29,89,1,1,1,1,1,23,1,0,96,62,1,2,2,2,0,0,0
39,STU00034,29,89,0,1,0,1,1,20,17,1,75,54,1,2,3,3,0,0,0
40,STU00035,29,89,0,1,0,1,1,23,4,1,59,42,1,2,3,3,0,1,0
41,STU00036,29,89,0,1,0,1,1,23,1,0,96,62,1,2,2,2,0,0,0
42,STU00037,19,92,1,1,1,1,0,19,12,1,63,40,1,2,3,3,0,0,1
43,STU00038,19,92,1,1,1,1,0,26,3,0,86,94,1,2,0,0,0,1,0
44,STU00039,19,92,2,0,1,1,0,19,12,1,63,40,1,2,3,3,0,0,1
45,STU00040,19,92,2,0,1,1,0,26,3,0,86,94,1,2,0,0,0,1,0
46,STU00041,19,92,2,1,1,1,0,19,12,1,63,40,1,2,3,3,0,0,1
47,STU00042,19,92,2,1,1,1,0,26,3,0,86,94,1,2,0,0,0,1,0
50,STU00043,19,92,1,0,2,1,0,19,12,1,63,40,1,2,3,3,0,0,1
51,STU00044,19,92,1,0,2,1,0,26,3,0,86,94,1,2,0,0,0,1,0
52,STU00045,29,84,0,1,0,1,1,21,10,1,57,48,1,2,3,3,0,1,0
53,STU00046,29,84,0,1,0,1,1,28,14,0,74,60,1,0,2,2,0,1,0
54,STU00047,29,84,1,1,1,1,1,21,10,1,57,48,1,2,3,3,0,1,0
55,STU00048,29,84,1,1,1,1,1,28,14,0,74,60,1,0,2,2,0,1,0
56,STU00049,25,78,2,1,1,1,1,18,17,0,91,58,1,2,2,2,0,1,0
57,STU00050,25,78,0,1,1,1,1,18,17,0,91,58,1,2,2,2,0,1,0
58,STU00051,17,94,2,0,2,1,1,19,3,1,74,92,0,2,0,0,0,0,1
59,STU00052,17,94,1,0,0,1,1,19,3,1,74,92,0,2,0,0,0,0,1
60,STU00053,17,94,1,0,1,1,1,19,3,1,74,92,0,2,0,0,0,0,1
61,STU00054,17,94,1,1,1,1,1,19,3,1,74,92,0,2,0,0,0,0,1
62,STU00055,17,94,0,0,2,1,1,19,3,1,74,92,0,2,0,0,0,0,1
63,STU00056,17,94,0,1,0,1,1,19,3,1,74,92,0,2,0,0,0,0,1
64,STU00057,17,94,2,1,1,1,1,19,3,1,74,92,0,2,0,0,0,0,1
65,STU00058,23,98,1,1,1,1,1,27,5,0,65,58,0,2,2,2,0,1,0
66,STU00059,23,98,1,1,1,1,1,27,4,1,100,93,0,2,0,0,1,0,0
69,STU00060,23,98,0,0,1,1,1,27,5,0,65,58,0,2,2,2,0,1,0
70,STU00061,23,98,0,0,1,1,1,27,4,1,100,93,0,2,0,0,1,0,0
71,STU00062,23,98,2,0,1,1,1,27,5,0,65,58,0,2,2,2,0,1,0
72,STU00063,23,98,2,0,1,1,1,27,4,1,100,93,0,2,0,0,1,0,0
73,STU00064,23,98,2,1,0,1,1,27,5,0,65,58,0,2,2,2,0,1,0
74,STU00065,23,98,2,1,0,1,1,27,4,1,100,93,0,2,0,0,1,0,0
75,STU00066,17,80,2,0,1,0,1,18,13,1,68,73,0,2,1,1,1,0,0
76,STU00067,17,80,2,0,1,0,1,24,11,1,64,69,1,0,2,2,0,0,1
77,STU00068,17,80,2,0,1,0,1,23,7,1,68,87,1,1,0,0,0,0,0
78,STU00069,17,80,2,0,1,0,1,27,12,0,64,88,1,0,0,0,0,0,0
79,STU00070,17,80,2,0,1,0,1,29,0,1,73,78,1,0,1,1,1,0,0
80,STU00071,17,80,1,0,1,1,1,18,13,1,68,73,0,2,1,1,1,0,0
81,STU00072,17,80,1,0,1,1,1,24,11,1,64,69,1,0,2,2,0,0,1
82,STU00073,17,80,1,0,1,1,1,23,7,1,68,87,1,1,0,0,0,0,0
83,STU00074,17,80,1,0,1,1,1,27,12,0,64,88,1,0,0,0,0,0,0
84,STU00075,17,80,1,0,1,1,1,29,0,1,73,78,1,0,1,1,1,0,0
85,STU00076,17,80,2,0,1,1,1,18,13,1,68,73,0,2,1,1,1,0,0
86,STU00077,17,80,2,0,1,1,1,24,11,1,64,69,1,0,2,2,0,0,1
87,STU00078,17,80,2,0,1,1,1,23,7,1,68,87,1,1,0,0,0,0,0
88,STU00079,17,80,2,0,1,1,1,27,12,0,64,88,1,0,0,0,0,0,0
89,STU00080,17,80,2,0,1,1,1,29,0,1,73,78,1,0,1,1,1,0,0
90,STU00081,17,97,2,1,0,1,1,27,9,0,64,87,1,1,0,0,1,0,0
91,STU00082,17,97,2,1,0,1,1,25,20,1,70,82,1,1,1,1,0,1,0
92,STU00083,17,97,1,0,1,1,1,27,9,0,64,87,1,1,0,0,1,0,0
93,STU00084,17,97,1,0,1,1,1,25,20,1,70,82,1,1,1,1,0,1,0
94,STU00085,17,97,2,0,2,1,1,27,9,0,64,87,1,1,0,0,1,0,0
95,STU00086,17,97,2,0,2,1,1,25,20,1,70,82,1,1,1,1,0,1,0
96,STU00087,17,97,2,1,1,0,1,27,9,0,64,87,1,1,0,0,1,0,0
97,STU00088,17,97,2,1,1,0,1,25,20,1,70,82,1,1,1,1,0,1,0
98,STU00089,17,97,2,0,1,1,1,27,9,0,64,87,1,1,0,0,1,0,0
99,STU00090,17,97,2,0,1,1,1,25,20,1,70,82,1,1,1,1,0,1,0
102,STU00091,17,97,0,1,1,1,1,27,9,0,64,87,1,1,0,0,1,0,0
103,STU00092,17,97,0,1,1,1,1,25,20,1,70,82,1,1,1,1,0,1,0
104,STU00093,17,97,1,1,1,1,1,27,9,0,64,87,1,1,0,0,1,0,0
105,STU00094,17,97,1,1,1,1,1,25,20,1,70,82,1,1,1,1,0,1,0
106,STU00095,17,97,0,0,2,0,1,27,9,0,64,87,1,1,0,0,1,0,0
107,STU00096,17,97,0,0,2,0,1,25,20,1,70,82,1,1,1,1,0,1,0
108,STU00097,17,97,1,1,0,1,1,27,9,0,64,87,1,1,0,0,1,0,0
109,STU00098,17,97,1,1,0,1,1,25,20,1,70,82,1,1,1,1,0,1,0
110,STU00099,21,83,1,1,0,1,1,27,1,0,66,86,0,1,0,0,0,1,0
111,STU00100,21,83,1,1,0,1,1,27,7,1,77,96,1,1,0,0,0,0,0
114,STU00101,21,83,1,1,2,1,1,27,1,0,66,86,0,1,0,0,0,1,0
115,STU00102,21,83,1,1,2,1,1,27,7,1,77,96,1,1,0,0,0,0,0
116,STU00103,21,83,0,0,0,1,1,27,1,0,66,86,0,1,0,0,0,1,0
117,STU00104,21,83,0,0,0,1,1,27,7,1,77,96,1,1,0,0,0,0,0
118,STU00105,21,83,0,1,0,1,1,27,1,0,66,86,0,1,0,0,0,1,0
119,STU00106,21,83,0,1,0,1,1,27,7,1,77,96,1,1,0,0,0,0,0
120,STU00107,21,83,2,1,2,1,1,27,1,0,66,86,0,1,0,0,0,1,0
121,STU00108,21,83,2,1,2,1,1,27,7,1,77,96,1,1,0,0,0,0,0
122,STU00109,21,83,2,0,1,1,1,27,1,0,66,86,0,1,0,0,0,1,0
123,STU00110,21,83,2,0,1,1,1,27,7,1,77,96,1,1,0,0,0,0,0
124,STU00111,9,82,1,1,1,1,1,18,17,0,55,40,1,2,3,3,0,0,1
125,STU00112,9,82,1,1,1,1,1,25,13,0,73,46,1,2,3,3,0,0,1
126,STU00113,10,78,2,1,1,1,1,27,5,0,71,68,1,2,2,2,0,1,0
127,STU00114,10,78,2,1,1,1,1,20,17,0,85,78,1,2,1,1,0,0,1
128,STU00115,17,68,1,0,1,1,0,19,0,1,75,42,1,1,3,3,0,0,1
129,STU00116,17,68,1,0,1,1,0,24,4,1,87,64,1,2,2,2,0,1,0
130,STU00117,17,68,1,0,1,1,0,20,19,1,88,49,1,1,3,3,0,0,1
131,STU00118,17,68,1,1,1,1,0,19,0,1,75,42,1,1,3,3,0,0,1
132,STU00119,17,68,1,1,1,1,0,24,4,1,87,64,1,2,2,2,0,1,0
133,STU00120,17,68,1,1,1,1,0,20,19,1,88,49,1,1,3,3,0,0,1
134,STU00121,17,68,1,0,2,1,0,19,0,1,75,42,1,1,3,3,0,0,1
135,STU00122,17,68,1,0,2,1,0,24,4,1,87,64,1,2,2,2,0,1,0
136,STU00123,17,68,1,0,2,1,0,20,19,1,88,49,1,1,3,3,0,0,1
137,STU00124,17,68,2,1,1,1,0,19,0,1,75,42,1,1,3,3,0,0,1
138,STU00125,17,68,2,1,1,1,0,24,4,1,87,64,1,2,2,2,0,1,0
139,STU00126,17,68,2,1,1,1,0,20,19,1,88,49,1,1,3,3,0,0,1
140,STU00127,17,68,0,1,2,1,0,19,0,1,75,42,1,1,3,3,0,0,1
141,STU00128,17,68,0,1,2,1,0,24,4,1,87,64,1,2,2,2,0,1,0
142,STU00129,17,68,0,1,2,1,0,20,19,1,88,49,1,1,3,3,0,0,1
143,STU00130,22,70,1,1,1,1,0,22,1,1,74,40,1,2,3,3,0,0,1
144,STU00131,22,70,1,0,0,1,0,22,1,1,74,40,1,2,3,3,0,0,1
145,STU00132,22,70,2,1,2,1,0,22,1,1,74,40,1,2,3,3,0,0,1
146,STU00133,22,70,1,1,0,1,0,22,1,1,74,40,1,2,3,3,0,0,1
147,STU00134,22,70,2,1,1,1,0,22,1,1,74,40,1,2,3,3,0,0,1
148,STU00135,15,80,1,1,0,1,0,23,2,0,50,56,0,1,2,2,0,1,0
149,STU00136,15,80,1,1,0,1,0,21,7,1,87,89,1,0,0,0,0,1,0
150,STU00137,15,80,1,1,0,1,0,23,13,1,56,75,1,2,1,1,1,0,0
151,STU00138,15,80,2,0,1,1,0,23,2,0,50,56,0,1,2,2,0,1,0
152,STU00139,15,80,2,0,1,1,0,21,7,1,87,89,1,0,0,0,0,1,0
153,STU00140,15,80,2,0,1,1,0,23,13,1,56,75,1,2,1,1,1,0,0
154,STU00141,15,80,0,0,2,1,0,23,2,0,50,56,0,1,2,2,0,1,0
155,STU00142,15,80,0,0,2,1,0,21,7,1,87,89,1,0,0,0,0,1,0
156,STU00143,15,80,0,0,2,1,0,23,13,1,56,75,1,2,1,1,1,0,0
157,STU00144,15,80,1,0,1,1,0,23,2,0,50,56,0,1,2,2,0,1,0
158,STU00145,15,80,1,0,1,1,0,21,7,1,87,89,1,0,0,0,0,1,0
159,STU00146,15,80,1,0,1,1,0,23,13,1,56,75,1,2,1,1,1,0,0
160,STU00147,15,80,1,1,1,1,0,23,2,0,50,56,0,1,2,2,0,1,0
161,STU00148,15,80,1,1,1,1,0,21,7,1,87,89,1,0,0,0,0,1,0
162,STU00149,15,80,1,1,1,1,0,23,13,1,56,75,1,2,1,1,1,0,0
166,STU00150,12,75,2,1,1,1,1,21,16,1,66,71,1,2,1,1,0,0,0
167,STU00151,12,75,2,1,1,1,1,22,20,1,55,48,1,1,3,3,0,1,0
170,STU00152,29,78,1,0,2,1,0,28,2,1,67,91,1,2,0,0,0,0,0
171,STU00153,29,78,2,1,1,1,0,28,2,1,67,91,1,2,0,0,0,0,0
172,STU00154,19,99,2,0,1,1,1,25,13,1,91,56,1,0,2,2,0,0,1
173,STU00155,19,99,1,0,1,1,1,25,13,1,91,56,1,0,2,2,0,0,1
174,STU00156,19,99,2,0,0,1,1,25,13,1,91,56,1,0,2,2,0,0,1
175,STU00157,19,99,2,1,0,1,1,25,13,1,91,56,1,0,2,2,0,0,1
176,STU00158,19,99,0,0,1,1,1,25,13,1,91,56,1,0,2,2,0,0,1
177,STU00159,19,99,1,1,0,1,1,25,13,1,91,56,1,0,2,2,0,0,1
178,STU00160,19,99,1,1,1,1,1,25,13,1,91,56,1,0,2,2,0,0,1
180,STU00161,19,99,0,0,2,1,1,25,13,1,91,56,1,0,2,2,0,0,1
181,STU00162,19,99,2,1,1,1,1,25,13,1,91,56,1,0,2,2,0,0,1
184,STU00163,20,74,2,0,0,1,0,22,3,1,93,97,1,2,0,0,0,0,1
185,STU00164,20,74,2,0,0,1,0,24,20,1,68,67,0,1,2,2,1,0,0
186,STU00165,20,74,2,0,0,1,0,29,13,0,80,65,0,0,2,2,0,0,0
187,STU00166,20,74,1,1,0,1,0,22,3,1,93,97,1,2,0,0,0,0,1
188,STU00167,20,74,1,1,0,1,0,24,20,1,68,67,0,1,2,2,1,0,0
189,STU00168,20,74,1,1,0,1,0,29,13,0,80,65,0,0,2,2,0,0,0
190,STU00169,20,74,2,1,1,0,0,22,3,1,93,97,1,2,0,0,0,0,1
191,STU00170,20,74,2,1,1,0,0,24,20,1,68,67,0,1,2,2,1,0,0
192,STU00171,20,74,2,1,1,0,0,29,13,0,80,65,0,0,2,2,0,0,0
193,STU00172,20,74,1,1,2,1,0,22,3,1,93,97,1,2,0,0,0,0,1
194,STU00173,20,74,1,1,2,1,0,24,20,1,68,67,0,1,2,2,1,0,0
195,STU00174,20,74,1,1,2,1,0,29,13,0,80,65,0,0,2,2,0,0,0
196,STU00175,20,74,0,1,2,1,0,22,3,1,93,97,1,2,0,0,0,0,1
197,STU00176,20,74,0,1,2,1,0,24,20,1,68,67,0,1,2,2,1,0,0
198,STU00177,20,74,0,1,2,1,0,29,13,0,80,65,0,0,2,2,0,0,0
199,STU00178,11,78,1,1,2,1,1,25,4,1,59,77,0,1,1,1,0,1,0
200,STU00179,11,78,1,1,2,1,1,27,15,0,69,77,1,2,1,1,0,0,0
201,STU00180,11,78,1,1,2,1,1,18,13,0,62,90,1,2,0,0,0,0,0
202,STU00181,11,78,1,1,2,1,1,19,3,1,80,98,1,2,0,0,0,1,0
203,STU00182,11,78,1,1,2,1,1,21,8,1,96,83,1,1,1,1,0,0,1
204,STU00183,11,78,2,1,1,1,1,25,4,1,59,77,0,1,1,1,0,1,0
205,STU00184,11,78,2,1,1,1,1,27,15,0,69,77,1,2,1,1,0,0,0
206,STU00185,11,78,2,1,1,1,1,18,13,0,62,90,1,2,0,0,0,0,0
207,STU00186,11,78,2,1,1,1,1,19,3,1,80,98,1,2,0,0,0,1,0
208,STU00187,11,78,2,1,1,1,1,21,8,1,96,83,1,1,1,1,0,0,1
209,STU00188,17,65,2,1,1,1,0,28,12,0,88,72,0,0,1,1,0,1,0
210,STU00189,17,65,2,1,1,1,0,21,16,0,79,58,1,2,2,2,1,0,0
213,STU00190,17,65,0,1,1,1,0,28,12,0,88,72,0,0,1,1,0,1,0
214,STU00191,17,65,0,1,1,1,0,21,16,0,79,58,1,2,2,2,1,0,0
215,STU00192,17,65,1,0,1,1,0,28,12,0,88,72,0,0,1,1,0,1,0
216,STU00193,17,65,1,0,1,1,0,21,16,0,79,58,1,2,2,2,1,0,0
219,STU00194,21,62,0,1,2,1,1,26,9,1,65,46,0,2,3,3,0,1,0
220,STU00195,21,62,0,0,2,1,1,26,9,1,65,46,0,2,3,3,0,1,0
221,STU00196,21,62,1,0,1,1,1,26,9,1,65,46,0,2,3,3,0,1,0
222,STU00197,13,91,1,0,1,1,0,19,7,1,64,63,0,1,2,2,0,0,0
223,STU00198,13,91,1,0,1,1,0,25,12,0,73,77,0,2,1,1,0,0,1
224,STU00199,13,91,1,0,1,1,0,21,13,1,98,100,0,2,0,0,0,0,0
225,STU00200,13,91,1,0,1,1,0,29,3,1,66,90,1,2,0,0,1,0,0
226,STU00201,13,91,1,0,1,1,0,28,11,1,85,46,1,2,3,3,1,0,0
227,STU00202,13,91,1,0,1,1,0,19,18,0,89,61,0,2,2,2,0,1,0
228,STU00203,13,91,1,1,1,1,0,19,7,1,64,63,0,1,2,2,0,0,0
229,STU00204,13,91,1,1,1,1,0,25,12,0,73,77,0,2,1,1,0,0,1
230,STU00205,13,91,1,1,1,1,0,21,13,1,98,100,0,2,0,0,0,0,0
231,STU00206,13,91,1,1,1,1,0,29,3,1,66,90,1,2,0,0,1,0,0
232,STU00207,13,91,1,1,1,1,0,28,11,1,85,46,1,2,3,3,1,0,0
233,STU00208,13,91,1,1,1,1,0,19,18,0,89,61,0,2,2,2,0,1,0
234,STU00209,22,83,2,1,1,1,1,28,11,0,96,75,1,2,1,1,0,1,0
235,STU00210,22,83,1,1,2,1,1,28,11,0,96,75,1,2,1,1,0,1,0
236,STU00211,22,83,1,1,2,0,1,28,11,0,96,75,1,2,1,1,0,1,0
238,STU00212,22,83,0,1,1,1,1,28,11,0,96,75,1,2,1,1,0,1,0
239,STU00213,16,90,1,0,1,1,0,19,0,1,90,52,0,2,3,3,1,0,0
240,STU00214,16,90,1,0,2,0,0,19,0,1,90,52,0,2,3,3,1,0,0
241,STU00215,16,90,2,1,1,1,0,19,0,1,90,52,0,2,3,3,1,0,0
243,STU00216,16,90,2,1,2,1,0,19,0,1,90,52,0,2,3,3,1,0,0
244,STU00217,18,66,2,0,0,1,1,22,3,0,50,73,1,1,1,1,1,0,0
245,STU00218,18,66,2,0,0,1,1,27,11,0,57,60,1,0,2,2,0,1,0
246,STU00219,18,66,1,0,1,1,1,22,3,0,50,73,1,1,1,1,1,0,0
247,STU00220,18,66,1,0,1,1,1,27,11,0,57,60,1,0,2,2,0,1,0
248,STU00221,18,66,2,0,1,1,1,22,3,0,50,73,1,1,1,1,1,0,0
249,STU00222,18,66,2,0,1,1,1,27,11,0,57,60,1,0,2,2,0,1,0
250,STU00223,18,66,2,1,1,1,1,22,3,0,50,73,1,1,1,1,1,0,0
251,STU00224,18,66,2,1,1,1,1,27,11,0,57,60,1,0,2,2,0,1,0
252,STU00225,18,66,1,1,0,0,1,22,3,0,50,73,1,1,1,1,1,0,0
253,STU00226,18,66,1,1,0,0,1,27,11,0,57,60,1,0,2,2,0,1,0
254,STU00227,18,66,2,1,1,0,1,22,3,0,50,73,1,1,1,1,1,0,0
255,STU00228,18,66,2,1,1,0,1,27,11,0,57,60,1,0,2,2,0,1,0
256,STU00229,18,66,1,1,2,1,1,22,3,0,50,73,1,1,1,1,1,0,0
257,STU00230,18,66,1,1,2,1,1,27,11,0,57,60,1,0,2,2,0,1,0
258,STU00231,18,66,1,1,1,1,1,22,3,0,50,73,1,1,1,1,1,0,0
259,STU00232,18,66,1,1,1,1,1,27,11,0,57,60,1,0,2,2,0,1,0
260,STU00233,16,83,1,0,1,1,0,27,12,1,52,66,0,1,2,2,1,0,0
261,STU00234,16,83,1,0,1,1,0,26,0,0,96,56,1,0,2,2,1,0,0
262,STU00235,16,83,2,1,0,1,0,27,12,1,52,66,0,1,2,2,1,0,0
263,STU00236,16,83,2,1,0,1,0,26,0,0,96,56,1,0,2,2,1,0,0
264,STU00237,16,83,1,1,1,1,0,27,12,1,52,66,0,1,2,2,1,0,0
265,STU00238,16,83,1,1,1,1,0,26,0,0,96,56,1,0,2,2,1,0,0
268,STU00239,16,83,1,1,2,1,0,27,12,1,52,66,0,1,2,2,1,0,0
269,STU00240,16,83,1,1,2,1,0,26,0,0,96,56,1,0,2,2,1,0,0
272,STU00241,16,83,1,1,0,1,0,27,12,1,52,66,0,1,2,2,1,0,0
273,STU00242,16,83,1,1,0,1,0,26,0,0,96,56,1,0,2,2,1,0,0
274,STU00243,16,83,1,0,0,1,0,27,12,1,52,66,0,1,2,2,1,0,0
275,STU00244,16,83,1,0,0,1,0,26,0,0,96,56,1,0,2,2,1,0,0
276,STU00245,31,70,2,1,1,1,1,28,1,0,52,71,1,2,1,1,0,1,0
277,STU00246,20,69,1,1,1,1,1,21,3,1,87,79,1,0,1,1,0,0,1
278,STU00247,20,69,1,1,1,1,1,18,9,0,82,97,0,2,0,0,0,0,1
279,STU00248,20,69,2,1,1,1,1,21,3,1,87,79,1,0,1,1,0,0,1
280,STU00249,20,69,2,1,1,1,1,18,9,0,82,97,0,2,0,0,0,0,1
281,STU00250,20,69,2,0,0,1,1,21,3,1,87,79,1,0,1,1,0,0,1
282,STU00251,20,69,2,0,0,1,1,18,9,0,82,97,0,2,0,0,0,0,1
283,STU00252,20,69,1,1,2,1,1,21,3,1,87,79,1,0,1,1,0,0,1
284,STU00253,20,69,1,1,2,1,1,18,9,0,82,97,0,2,0,0,0,0,1
285,STU00254,14,60,1,0,1,1,0,18,6,0,88,52,1,2,3,3,0,0,0
286,STU00255,14,60,0,1,0,1,0,18,6,0,88,52,1,2,3,3,0,0,0
287,STU00256,25,65,1,0,1,1,0,25,0,1,62,51,0,1,3,3,0,0,1
288,STU00257,25,65,1,0,1,1,0,28,12,1,100,55,1,0,2,2,0,0,1
289,STU00258,25,65,2,1,2,1,0,25,0,1,62,51,0,1,3,3,0,0,1
290,STU00259,25,65,2,1,2,1,0,28,12,1,100,55,1,0,2,2,0,0,1
291,STU00260,25,65,0,1,1,1,0,25,0,1,62,51,0,1,3,3,0,0,1
292,STU00261,25,65,0,1,1,1,0,28,12,1,100,55,1,0,2,2,0,0,1
293,STU00262,25,65,1,1,1,1,0,25,0,1,62,51,0,1,3,3,0,0,1
294,STU00263,25,65,1,1,1,1,0,28,12,1,100,55,1,0,2,2,0,0,1
297,STU00264,25,65,2,1,0,0,0,25,0,1,62,51,0,1,3,3,0,0,1
298,STU00265,25,65,2,1,0,0,0,28,12,1,100,55,1,0,2,2,0,0,1
299,STU00266,21,65,0,1,0,1,0,20,1,1,54,54,1,0,3,3,0,0,1
300,STU00267,21,65,0,1,0,1,0,24,2,1,96,78,0,2,1,1,1,0,0
301,STU00268,21,65,2,1,0,0,0,20,1,1,54,54,1,0,3,3,0,0,1
302,STU00269,21,65,2,1,0,0,0,24,2,1,96,78,0,2,1,1,1,0,0
303,STU00270,8,99,1,0,0,1,0,28,9,1,99,97,0,1,0,0,0,1,0
304,STU00271,8,99,1,0,0,1,0,23,4,1,89,54,1,1,3,3,1,0,0
305,STU00272,8,99,1,0,0,1,0,20,6,1,59,91,0,0,0,0,0,0,1
306,STU00273,8,99,2,1,1,1,0,28,9,1,99,97,0,1,0,0,0,1,0
307,STU00274,8,99,2,1,1,1,0,23,4,1,89,54,1,1,3,3,1,0,0
308,STU00275,8,99,2,1,1,1,0,20,6,1,59,91,0,0,0,0,0,0,1
309,STU00276,12,72,1,1,1,1,0,28,15,1,58,100,0,1,0,0,1,0,0
310,STU00277,12,72,1,1,1,1,0,26,20,1,51,42,1,2,3,3,0,1,0
311,STU00278,12,72,1,1,1,1,0,29,5,0,61,73,1,1,1,1,1,0,0
312,STU00279,12,72,0,1,2,1,0,28,15,1,58,100,0,1,0,0,1,0,0
313,STU00280,12,72,0,1,2,1,0,26,20,1,51,42,1,2,3,3,0,1,0
314,STU00281,12,72,0,1,2,1,0,29,5,0,61,73,1,1,1,1,1,0,0
315,STU00282,12,72,1,0,2,1,0,28,15,1,58,100,0,1,0,0,1,0,0
316,STU00283,12,72,1,0,2,1,0,26,20,1,51,42,1,2,3,3,0,1,0
317,STU00284,12,72,1,0,2,1,0,29,5,0,61,73,1,1,1,1,1,0,0
321,STU00285,12,72,1,0,0,1,0,28,15,1,58,100,0,1,0,0,1,0,0
322,STU00286,12,72,1,0,0,1,0,26,20,1,51,42,1,2,3,3,0,1,0
323,STU00287,12,72,1,0,0,1,0,29,5,0,61,73,1,1,1,1,1,0,0
324,STU00288,21,65,1,1,0,1,1,21,0,0,93,95,1,1,0,0,0,0,0
325,STU00289,21,65,0,1,2,0,1,21,0,0,93,95,1,1,0,0,0,0,0
326,STU00290,21,65,1,0,2,1,1,21,0,0,93,95,1,1,0,0,0,0,0
327,STU00291,21,65,2,0,0,1,1,21,0,0,93,95,1,1,0,0,0,0,0
328,STU00292,21,65,1,1,1,1,1,21,0,0,93,95,1,1,0,0,0,0,0
329,STU00293,21,65,1,0,1,1,1,21,0,0,93,95,1,1,0,0,0,0,0
330,STU00294,21,65,2,1,2,1,1,21,0,0,93,95,1,1,0,0,0,0,0
331,STU00295,21,65,2,0,1,1,1,21,0,0,93,95,1,1,0,0,0,0,0
332,STU00296,24,68,1,0,0,1,1,29,13,1,78,61,1,1,2,2,0,1,0
333,STU00297,24,68,1,0,1,1,1,29,13,1,78,61,1,1,2,2,0,1,0
334,STU00298,24,68,1,1,2,1,1,29,13,1,78,61,1,1,2,2,0,1,0
335,STU00299,24,68,1,1,0,1,1,29,13,1,78,61,1,1,2,2,0,1,0
336,STU00300,24,68,2,1,0,1,1,29,13,1,78,61,1,1,2,2,0,1,0
337,STU00301,24,68,1,1,1,1,1,29,13,1,78,61,1,1,2,2,0,1,0
338,STU00302,24,68,1,1,1,0,1,29,13,1,78,61,1,1,2,2,0,1,0
339,STU00303,24,68,0,1,0,1,1,29,13,1,78,61,1,1,2,2,0,1,0
340,STU00304,21,84,1,1,0,1,0,23,11,0,79,56,1,2,2,2,0,0,0
341,STU00305,21,84,0,0,0,1,0,23,11,0,79,56,1,2,2,2,0,0,0
342,STU00306,21,84,1,0,1,1,0,23,11,0,79,56,1,2,2,2,0,0,0
343,STU00307,21,84,2,1,0,1,0,23,11,0,79,56,1,2,2,2,0,0,0
344,STU00308,21,84,0,1,0,1,0,23,11,0,79,56,1,2,2,2,0,0,0
345,STU00309,18,94,2,1,1,1,1,21,0,1,83,93,1,2,0,0,0,0,0
346,STU00310,18,94,2,1,1,1,1,29,17,1,55,51,1,2,3,3,1,0,0
347,STU00311,18,94,1,1,2,1,1,21,0,1,83,93,1,2,0,0,0,0,0
348,STU00312,18,94,1,1,2,1,1,29,17,1,55,51,1,2,3,3,1,0,0
349,STU00313,18,94,2,1,0,1,1,21,0,1,83,93,1,2,0,0,0,0,0
350,STU00314,18,94,2,1,0,1,1,29,17,1,55,51,1,2,3,3,1,0,0
351,STU00315,18,94,1,1,1,1,1,21,0,1,83,93,1,2,0,0,0,0,0
352,STU00316,18,94,1,1,1,1,1,29,17,1,55,51,1,2,3,3,1,0,0
353,STU00317,18,94,1,0,0,1,1,21,0,1,83,93,1,2,0,0,0,0,0
354,STU00318,18,94,1,0,0,1,1,29,17,1,55,51,1,2,3,3,1,0,0
355,STU00319,18,94,1,1,0,0,1,21,0,1,83,93,1,2,0,0,0,0,0
356,STU00320,18,94,1,1,0,0,1,29,17,1,55,51,1,2,3,3,1,0,0
359,STU00321,11,98,1,1,0,1,1,25,11,0,77,81,1,0,1,1,0,0,0
360,STU00322,11,98,1,1,0,1,1,25,7,1,94,52,1,2,3,3,0,1,0
361,STU00323,11,98,1,1,0,1,1,26,12,0,58,87,0,2,0,0,0,0,0
362,STU00324,11,98,2,1,2,1,1,25,11,0,77,81,1,0,1,1,0,0,0
363,STU00325,11,98,2,1,2,1,1,25,7,1,94,52,1,2,3,3,0,1,0
364,STU00326,11,98,2,1,2,1,1,26,12,0,58,87,0,2,0,0,0,0,0
365,STU00327,16,70,1,1,1,1,1,28,7,1,94,84,1,0,1,1,0,1,0
366,STU00328,16,70,1,1,1,1,1,22,20,0,89,83,1,2,1,1,0,0,0
367,STU00329,16,70,1,1,1,1,1,19,20,1,53,86,1,2,0,0,0,1,0
368,STU00330,16,70,2,1,2,1,1,28,7,1,94,84,1,0,1,1,0,1,0
369,STU00331,16,70,2,1,2,1,1,22,20,0,89,83,1,2,1,1,0,0,0
370,STU00332,16,70,2,1,2,1,1,19,20,1,53,86,1,2,0,0,0,1,0
374,STU00333,17,78,1,1,1,1,0,24,14,1,84,59,0,0,2,2,1,0,0
375,STU00334,17,78,1,1,1,1,0,26,9,0,90,85,1,2,0,0,0,0,1
376,STU00335,17,78,1,1,1,1,0,29,20,1,58,85,0,2,0,0,1,0,0
377,STU00336,17,78,2,0,1,1,0,24,14,1,84,59,0,0,2,2,1,0,0
378,STU00337,17,78,2,0,1,1,0,26,9,0,90,85,1,2,0,0,0,0,1
379,STU00338,17,78,2,0,1,1,0,29,20,1,58,85,0,2,0,0,1,0,0
383,STU00339,17,78,1,0,1,0,0,24,14,1,84,59,0,0,2,2,1,0,0
384,STU00340,17,78,1,0,1,0,0,26,9,0,90,85,1,2,0,0,0,0,1
385,STU00341,17,78,1,0,1,0,0,29,20,1,58,85,0,2,0,0,1,0,0
386,STU00342,17,78,1,1,0,1,0,24,14,1,84,59,0,0,2,2,1,0,0
387,STU00343,17,78,1,1,0,1,0,26,9,0,90,85,1,2,0,0,0,0,1
388,STU00344,17,78,1,1,0,1,0,29,20,1,58,85,0,2,0,0,1,0,0
389,STU00345,26,61,0,1,1,1,0,28,20,0,69,99,1,2,0,0,0,1,0
390,STU00346,26,61,1,1,2,1,0,28,20,0,69,99,1,2,0,0,0,1,0
391,STU00347,26,61,2,1,1,0,0,28,20,0,69,99,1,2,0,0,0,1,0
392,STU00348,22,86,1,1,0,1,1,23,9,0,60,47,1,2,3,3,0,0,0
393,STU00349,22,86,1,1,0,1,1,24,6,1,73,55,1,2,2,2,0,0,1
394,STU00350,22,86,1,1,0,1,1,19,8,0,100,87,1,0,0,0,1,0,0
395,STU00351,22,86,1,1,0,1,1,24,7,1,86,96,1,2,0,0,0,0,1
396,STU00352,22,86,0,0,1,1,1,23,9,0,60,47,1,2,3,3,0,0,0
397,STU00353,22,86,0,0,1,1,1,24,6,1,73,55,1,2,2,2,0,0,1
398,STU00354,22,86,0,0,1,1,1,19,8,0,100,87,1,0,0,0,1,0,0
399,STU00355,22,86,0,0,1,1,1,24,7,1,86,96,1,2,0,0,0,0,1
400,STU00356,22,86,1,1,2,1,1,23,9,0,60,47,1,2,3,3,0,0,0
401,STU00357,22,86,1,1,2,1,1,24,6,1,73,55,1,2,2,2,0,0,1
402,STU00358,22,86,1,1,2,1,1,19,8,0,100,87,1,0,0,0,1,0,0
403,STU00359,22,86,1,1,2,1,1,24,7,1,86,96,1,2,0,0,0,0,1
404,STU00360,22,86,1,1,1,1,1,23,9,0,60,47,1,2,3,3,0,0,0
405,STU00361,22,86,1,1,1,1,1,24,6,1,73,55,1,2,2,2,0,0,1
406,STU00362,22,86,1,1,1,1,1,19,8,0,100,87,1,0,0,0,1,0,0
407,STU00363,22,86,1,1,1,1,1,24,7,1,86,96,1,2,0,0,0,0,1
408,STU00364,22,86,1,0,0,1,1,23,9,0,60,47,1,2,3,3,0,0,0
409,STU00365,22,86,1,0,0,1,1,24,6,1,73,55,1,2,2,2,0,0,1
410,STU00366,22,86,1,0,0,1,1,19,8,0,100,87,1,0,0,0,1,0,0
411,STU00367,22,86,1,0,0,1,1,24,7,1,86,96,1,2,0,0,0,0,1
416,STU00368,22,86,1,0,2,1,1,23,9,0,60,47,1,2,3,3,0,0,0
417,STU00369,22,86,1,0,2,1,1,24,6,1,73,55,1,2,2,2,0,0,1
418,STU00370,22,86,1,0,2,1,1,19,8,0,100,87,1,0,0,0,1,0,0
419,STU00371,22,86,1,0,2,1,1,24,7,1,86,96,1,2,0,0,0,0,1
424,STU00372,9,77,1,0,1,1,1,24,4,1,63,76,1,0,1,1,0,0,1
425,STU00373,9,77,1,0,1,1,1,18,3,1,61,65,1,0,2,2,0,1,0
426,STU00374,9,77,1,0,1,1,1,28,16,0,51,66,1,2,2,2,1,0,0
427,STU00375,9,77,1,0,0,1,1,24,4,1,63,76,1,0,1,1,0,0,1
428,STU00376,9,77,1,0,0,1,1,18,3,1,61,65,1,0,2,2,0,1,0
429,STU00377,9,77,1,0,0,1,1,28,16,0,51,66,1,2,2,2,1,0,0
430,STU00378,9,77,2,1,1,1,1,24,4,1,63,76,1,0,1,1,0,0,1
431,STU00379,9,77,2,1,1,1,1,18,3,1,61,65,1,0,2,2,0,1,0
432,STU00380,9,77,2,1,1,1,1,28,16,0,51,66,1,2,2,2,1,0,0
433,STU00381,9,77,0,0,1,1,1,24,4,1,63,76,1,0,1,1,0,0,1
434,STU00382,9,77,0,0,1,1,1,18,3,1,61,65,1,0,2,2,0,1,0
435,STU00383,9,77,0,0,1,1,1,28,16,0,51,66,1,2,2,2,1,0,0
436,STU00384,22,71,1,1,0,1,1,20,18,0,71,52,1,2,3,3,0,0,0
437,STU00385,22,71,1,0,2,1,1,20,18,0,71,52,1,2,3,3,0,0,0
438,STU00386,22,71,1,0,0,1,1,20,18,0,71,52,1,2,3,3,0,0,0
439,STU00387,22,71,1,1,1,1,1,20,18,0,71,52,1,2,3,3,0,0,0
440,STU00388,22,71,2,1,1,1,1,20,18,0,71,52,1,2,3,3,0,0,0
441,STU00389,22,71,0,1,1,1,1,20,18,0,71,52,1,2,3,3,0,0,0
443,STU00390,18,68,1,0,1,1,1,26,20,0,93,92,0,2,0,0,0,0,0
444,STU00391,18,68,1,0,1,1,1,18,20,0,55,98,0,0,0,0,0,0,1
445,STU00392,18,68,2,0,0,1,1,26,20,0,93,92,0,2,0,0,0,0,0
446,STU00393,18,68,2,0,0,1,1,18,20,0,55,98,0,0,0,0,0,0,1
447,STU00394,18,68,2,1,0,1,1,26,20,0,93,92,0,2,0,0,0,0,0
448,STU00395,18,68,2,1,0,1,1,18,20,0,55,98,0,0,0,0,0,0,1
449,STU00396,18,68,2,1,2,1,1,26,20,0,93,92,0,2,0,0,0,0,0
450,STU00397,18,68,2,1,2,1,1,18,20,0,55,98,0,0,0,0,0,0,1
451,STU00398,18,68,1,1,2,1,1,26,20,0,93,92,0,2,0,0,0,0,0
452,STU00399,18,68,1,1,2,1,1,18,20,0,55,98,0,0,0,0,0,0,1
455,STU00400,18,68,0,1,1,1,1,26,20,0,93,92,0,2,0,0,0,0,0
456,STU00401,18,68,0,1,1,1,1,18,20,0,55,98,0,0,0,0,0,0,1
457,STU00402,18,68,2,0,1,1,1,26,20,0,93,92,0,2,0,0,0,0,0
458,STU00403,18,68,2,0,1,1,1,18,20,0,55,98,0,0,0,0,0,0,1
461,STU00404,16,86,1,1,1,1,1,26,10,1,92,94,1,1,0,0,1,0,0
462,STU00405,16,86,1,1,1,1,1,18,15,1,100,98,1,1,0,0,0,1,0
463,STU00406,16,86,1,1,1,1,1,29,15,0,60,92,1,2,0,0,1,0,0
464,STU00407,16,86,2,0,1,1,1,26,10,1,92,94,1,1,0,0,1,0,0
465,STU00408,16,86,2,0,1,1,1,18,15,1,100,98,1,1,0,0,0,1,0
466,STU00409,16,86,2,0,1,1,1,29,15,0,60,92,1,2,0,0,1,0,0
467,STU00410,16,86,1,1,0,1,1,26,10,1,92,94,1,1,0,0,1,0,0
468,STU00411,16,86,1,1,0,1,1,18,15,1,100,98,1,1,0,0,0,1,0
469,STU00412,16,86,1,1,0,1,1,29,15,0,60,92,1,2,0,0,1,0,0
470,STU00413,16,86,1,1,2,1,1,26,10,1,92,94,1,1,0,0,1,0,0
471,STU00414,16,86,1,1,2,1,1,18,15,1,100,98,1,1,0,0,0,1,0
472,STU00415,16,86,1,1,2,1,1,29,15,0,60,92,1,2,0,0,1,0,0
473,STU00416,16,86,1,0,2,1,1,26,10,1,92,94,1,1,0,0,1,0,0
474,STU00417,16,86,1,0,2,1,1,18,15,1,100,98,1,1,0,0,0,1,0
475,STU00418,16,86,1,0,2,1,1,29,15,0,60,92,1,2,0,0,1,0,0
476,STU00419,16,86,0,0,0,1,1,26,10,1,92,94,1,1,0,0,1,0,0
477,STU00420,16,86,0,0,0,1,1,18,15,1,100,98,1,1,0,0,0,1,0
478,STU00421,16,86,0,0,0,1,1,29,15,0,60,92,1,2,0,0,1,0,0
479,STU00422,24,77,0,0,1,1,0,22,13,1,99,66,0,0,2,2,0,0,0
480,STU00423,24,77,0,0,1,1,0,19,13,0,82,51,1,2,3,3,1,0,0
481,STU00424,24,77,0,0,1,1,0,26,16,0,76,62,1,0,2,2,0,0,1
482,STU00425,24,77,0,0,1,1,0,19,10,1,71,62,0,1,2,2,0,1,0
483,STU00426,24,77,2,0,2,1,0,22,13,1,99,66,0,0,2,2,0,0,0
484,STU00427,24,77,2,0,2,1,0,19,13,0,82,51,1,2,3,3,1,0,0
485,STU00428,24,77,2,0,2,1,0,26,16,0,76,62,1,0,2,2,0,0,1
486,STU00429,24,77,2,0,2,1,0,19,10,1,71,62,0,1,2,2,0,1,0
487,STU00430,24,77,1,0,2,1,0,22,13,1,99,66,0,0,2,2,0,0,0
488,STU00431,24,77,1,0,2,1,0,19,13,0,82,51,1,2,3,3,1,0,0
489,STU00432,24,77,1,0,2,1,0,26,16,0,76,62,1,0,2,2,0,0,1
490,STU00433,24,77,1,0,2,1,0,19,10,1,71,62,0,1,2,2,0,1,0
491,STU00434,26,67,2,1,0,1,0,26,0,1,91,82,0,0,1,1,1,0,0
492,STU00435,26,67,2,1,0,1,0,18,15,0,75,43,1,1,3,3,0,0,0
493,STU00436,26,67,2,1,0,1,0,19,0,1,100,63,1,2,2,2,0,0,0
494,STU00437,26,67,2,0,1,1,0,26,0,1,91,82,0,0,1,1,1,0,0
495,STU00438,26,67,2,0,1,1,0,18,15,0,75,43,1,1,3,3,0,0,0
496,STU00439,26,67,2,0,1,1,0,19,0,1,100,63,1,2,2,2,0,0,0
497,STU00440,26,67,1,1,1,1,0,26,0,1,91,82,0,0,1,1,1,0,0
498,STU00441,26,67,1,1,1,1,0,18,15,0,75,43,1,1,3,3,0,0,0
499,STU00442,26,67,1,1,1,1,0,19,0,1,100,63,1,2,2,2,0,0,0
500,STU00443,26,67,1,0,1,1,0,26,0,1,91,82,0,0,1,1,1,0,0
501,STU00444,26,67,1,0,1,1,0,18,15,0,75,43,1,1,3,3,0,0,0
502,STU00445,26,67,1,0,1,1,0,19,0,1,100,63,1,2,2,2,0,0,0
503,STU00446,26,67,0,1,1,1,0,26,0,1,91,82,0,0,1,1,1,0,0
504,STU00447,26,67,0,1,1,1,0,18,15,0,75,43,1,1,3,3,0,0,0
505,STU00448,26,67,0,1,1,1,0,19,0,1,100,63,1,2,2,2,0,0,0
506,STU00449,26,88,2,1,1,1,1,28,4,1,98,62,1,1,2,2,0,0,1
507,STU00450,26,88,2,1,1,1,1,19,9,0,55,50,1,2,3,3,1,0,0
508,STU00451,26,88,2,1,1,1,1,28,4,1,54,54,1,2,3,3,0,1,0
509,STU00452,26,88,0,0,0,1,1,28,4,1,98,62,1,1,2,2,0,0,1
510,STU00453,26,88,0,0,0,1,1,19,9,0,55,50,1,2,3,3,1,0,0
511,STU00454,26,88,0,0,0,1,1,28,4,1,54,54,1,2,3,3,0,1,0
512,STU00455,26,88,2,0,1,1,1,28,4,1,98,62,1,1,2,2,0,0,1
513,STU00456,26,88,2,0,1,1,1,19,9,0,55,50,1,2,3,3,1,0,0
514,STU00457,26,88,2,0,1,1,1,28,4,1,54,54,1,2,3,3,0,1,0
515,STU00458,26,88,1,1,1,1,1,28,4,1,98,62,1,1,2,2,0,0,1
516,STU00459,26,88,1,1,1,1,1,19,9,0,55,50,1,2,3,3,1,0,0
517,STU00460,26,88,1,1,1,1,1,28,4,1,54,54,1,2,3,3,0,1,0
518,STU00461,15,83,2,0,0,0,0,20,5,0,50,93,1,1,0,0,1,0,0
519,STU00462,15,83,2,0,0,0,0,22,9,1,69,64,1,1,2,2,0,1,0
520,STU00463,15,83,0,1,1,1,0,20,5,0,50,93,1,1,0,0,1,0,0
521,STU00464,15,83,0,1,1,1,0,22,9,1,69,64,1,1,2,2,0,1,0
522,STU00465,15,83,1,0,1,1,0,20,5,0,50,93,1,1,0,0,1,0,0
523,STU00466,15,83,1,0,1,1,0,22,9,1,69,64,1,1,2,2,0,1,0
524,STU00467,15,83,2,1,1,1,0,20,5,0,50,93,1,1,0,0,1,0,0
525,STU00468,15,83,2,1,1,1,0,22,9,1,69,64,1,1,2,2,0,1,0
526,STU00469,15,83,2,0,0,1,0,20,5,0,50,93,1,1,0,0,1,0,0
527,STU00470,15,83,2,0,0,1,0,22,9,1,69,64,1,1,2,2,0,1,0
528,STU00471,15,83,0,1,0,1,0,20,5,0,50,93,1,1,0,0,1,0,0
529,STU00472,15,83,0,1,0,1,0,22,9,1,69,64,1,1,2,2,0,1,0
530,STU00473,22,65,0,0,1,1,0,24,11,1,79,42,1,2,3,3,0,0,0
531,STU00474,22,65,2,1,1,1,0,24,11,1,79,42,1,2,3,3,0,0,0
532,STU00475,22,65,1,1,0,1,0,24,11,1,79,42,1,2,3,3,0,0,0
533,STU00476,22,65,1,0,0,1,0,24,11,1,79,42,1,2,3,3,0,0,0
534,STU00477,22,65,1,1,2,1,0,24,11,1,79,42,1,2,3,3,0,0,0
536,STU00478,22,65,1,0,2,1,0,24,11,1,79,42,1,2,3,3,0,0,0
537,STU00479,26,91,0,1,1,1,1,21,5,1,95,69,0,1,2,2,0,0,0
538,STU00480,26,91,0,1,1,1,1,23,18,0,54,88,0,2,0,0,0,0,1
539,STU00481,26,91,0,1,1,1,1,22,17,1,80,89,1,2,0,0,0,0,1
540,STU00482,26,91,1,1,0,1,1,21,5,1,95,69,0,1,2,2,0,0,0
541,STU00483,26,91,1,1,0,1,1,23,18,0,54,88,0,2,0,0,0,0,1
542,STU00484,26,91,1,1,0,1,1,22,17,1,80,89,1,2,0,0,0,0,1
546,STU00485,26,91,1,0,0,1,1,21,5,1,95,69,0,1,2,2,0,0,0
547,STU00486,26,91,1,0,0,1,1,23,18,0,54,88,0,2,0,0,0,0,1
548,STU00487,26,91,1,0,0,1,1,22,17,1,80,89,1,2,0,0,0,0,1
549,STU00488,17,87,1,0,1,1,0,26,3,0,66,45,1,0,3,3,0,0,0
550,STU00489,17,87,1,0,1,1,0,24,18,0,86,90,1,0,0,0,0,1,0
551,STU00490,17,87,1,1,1,1,0,26,3,0,66,45,1,0,3,3,0,0,0
552,STU00491,17,87,1,1,1,1,0,24,18,0,86,90,1,0,0,0,0,1,0
553,STU00492,17,87,1,1,2,1,0,26,3,0,66,45,1,0,3,3,0,0,0
554,STU00493,17,87,1,1,2,1,0,24,18,0,86,90,1,0,0,0,0,1,0
555,STU00494,17,87,2,1,1,1,0,26,3,0,66,45,1,0,3,3,0,0,0
556,STU00495,17,87,2,1,1,1,0,24,18,0,86,90,1,0,0,0,0,1,0
557,STU00496,17,87,2,1,0,1,0,26,3,0,66,45,1,0,3,3,0,0,0
558,STU00497,17,87,2,1,0,1,0,24,18,0,86,90,1,0,0,0,0,1,0
559,STU00498,17,87,0,1,1,1,0,26,3,0,66,45,1,0,3,3,0,0,0
560,STU00499,17,87,0,1,1,1,0,24,18,0,86,90,1,0,0,0,0,1,0
561,STU00500,17,87,1,1,0,1,0,26,3,0,66,45,1,0,3,3,0,0,0
562,STU00501,17,87,1,1,0,1,0,24,18,0,86,90,1,0,0,0,0,1,0
565,STU00502,19,65,1,1,0,1,1,21,16,1,60,46,1,2,3,3,0,0,0
566,STU00503,19,65,2,1,1,1,1,21,16,1,60,46,1,2,3,3,0,0,0
567,STU00504,19,65,0,1,1,1,1,21,16,1,60,46,1,2,3,3,0,0,0
568,STU00505,19,65,2,1,0,1,1,21,16,1,60,46,1,2,3,3,0,0,0
569,STU00506,19,65,1,0,0,1,1,21,16,1,60,46,1,2,3,3,0,0,0
570,STU00507,19,65,1,0,1,1,1,21,16,1,60,46,1,2,3,3,0,0,0
572,STU00508,19,65,0,0,1,1,1,21,16,1,60,46,1,2,3,3,0,0,0
573,STU00509,19,65,1,1,1,1,1,21,16,1,60,46,1,2,3,3,0,0,0
574,STU00510,13,88,2,1,2,1,1,29,14,1,84,88,1,0,0,0,1,0,0
575,STU00511,13,88,2,1,2,1,1,24,6,1,79,47,0,2,3,3,1,0,0
576,STU00512,13,88,1,1,1,1,1,29,14,1,84,88,1,0,0,0,1,0,0
577,STU00513,13,88,1,1,1,1,1,24,6,1,79,47,0,2,3,3,1,0,0
578,STU00514,13,78,2,1,2,1,1,24,2,1,96,50,0,2,3,3,0,0,1
579,STU00515,13,78,2,1,2,1,1,25,16,0,62,42,0,2,3,3,0,0,1
580,STU00516,13,78,2,1,2,1,1,21,0,1,63,54,0,2,3,3,0,0,1
581,STU00517,13,78,2,1,2,1,1,18,17,1,100,71,1,1,1,1,1,0,0
586,STU00518,13,78,1,1,1,1,1,24,2,1,96,50,0,2,3,3,0,0,1
587,STU00519,13,78,1,1,1,1,1,25,16,0,62,42,0,2,3,3,0,0,1
588,STU00520,13,78,1,1,1,1,1,21,0,1,63,54,0,2,3,3,0,0,1
589,STU00521,13,78,1,1,1,1,1,18,17,1,100,71,1,1,1,1,1,0,0
590,STU00522,13,78,0,1,0,1,1,24,2,1,96,50,0,2,3,3,0,0,1
591,STU00523,13,78,0,1,0,1,1,25,16,0,62,42,0,2,3,3,0,0,1
592,STU00524,13,78,0,1,0,1,1,21,0,1,63,54,0,2,3,3,0,0,1
593,STU00525,13,78,0,1,0,1,1,18,17,1,100,71,1,1,1,1,1,0,0
594,STU00526,28,66,2,1,1,1,1,27,7,0,79,97,1,2,0,0,0,0,1
595,STU00527,28,66,2,1,1,1,1,20,14,1,63,91,1,1,0,0,0,0,1
596,STU00528,28,66,2,1,1,1,1,22,5,0,85,41,1,1,3,3,0,1,0
597,STU00529,28,66,1,1,1,1,1,27,7,0,79,97,1,2,0,0,0,0,1
598,STU00530,28,66,1,1,1,1,1,20,14,1,63,91,1,1,0,0,0,0,1
599,STU00531,28,66,1,1,1,1,1,22,5,0,85,41,1,1,3,3,0,1,0
600,STU00532,28,66,1,0,0,1,1,27,7,0,79,97,1,2,0,0,0,0,1
601,STU00533,28,66,1,0,0,1,1,20,14,1,63,91,1,1,0,0,0,0,1
602,STU00534,28,66,1,0,0,1,1,22,5,0,85,41,1,1,3,3,0,1,0
603,STU00535,20,86,1,1,1,1,1,24,8,1,89,53,0,1,3,3,0,0,1
604,STU00536,20,86,0,1,1,1,1,24,8,1,89,53,0,1,3,3,0,0,1
605,STU00537,20,86,1,1,2,1,1,24,8,1,89,53,0,1,3,3,0,0,1
606,STU00538,20,86,2,0,1,1,1,24,8,1,89,53,0,1,3,3,0,0,1
608,STU00539,20,86,1,0,0,1,1,24,8,1,89,53,0,1,3,3,0,0,1
609,STU00540,20,86,1,1,0,1,1,24,8,1,89,53,0,1,3,3,0,0,1
610,STU00541,20,86,1,0,1,1,1,24,8,1,89,53,0,1,3,3,0,0,1
611,STU00542,26,75,2,1,2,1,1,28,18,1,66,86,1,2,0,0,0,1,0
612,STU00543,26,75,1,0,0,1,1,28,18,1,66,86,1,2,0,0,0,1,0
613,STU00544,26,75,1,0,1,1,1,28,18,1,66,86,1,2,0,0,0,1,0
614,STU00545,26,75,1,1,1,1,1,28,18,1,66,86,1,2,0,0,0,1,0
615,STU00546,26,75,0,1,1,1,1,28,18,1,66,86,1,2,0,0,0,1,0
616,STU00547,26,75,2,0,1,1,1,28,18,1,66,86,1,2,0,0,0,1,0
618,STU00548,22,98,2,0,0,0,0,19,20,0,52,75,0,2,1,1,1,0,0
619,STU00549,22,98,2,0,0,0,0,29,16,1,58,66,1,2,2,2,0,0,0
620,STU00550,22,98,0,1,1,0,0,19,20,0,52,75,0,2,1,1,1,0,0
621,STU00551,22,98,0,1,1,0,0,29,16,1,58,66,1,2,2,2,0,0,0
622,STU00552,22,98,0,1,1,1,0,19,20,0,52,75,0,2,1,1,1,0,0
623,STU00553,22,98,0,1,1,1,0,29,16,1,58,66,1,2,2,2,0,0,0
624,STU00554,22,98,1,0,0,1,0,19,20,0,52,75,0,2,1,1,1,0,0
625,STU00555,22,98,1,0,0,1,0,29,16,1,58,66,1,2,2,2,0,0,0
626,STU00556,22,98,1,1,1,1,0,19,20,0,52,75,0,2,1,1,1,0,0
627,STU00557,22,98,1,1,1,1,0,29,16,1,58,66,1,2,2,2,0,0,0
628,STU00558,22,98,1,1,0,1,0,19,20,0,52,75,0,2,1,1,1,0,0
629,STU00559,22,98,1,1,0,1,0,29,16,1,58,66,1,2,2,2,0,0,0
630,STU00560,22,98,0,0,1,1,0,19,20,0,52,75,0,2,1,1,1,0,0
631,STU00561,22,98,0,0,1,1,0,29,16,1,58,66,1,2,2,2,0,0,0
632,STU00562,22,98,1,0,2,1,0,19,20,0,52,75,0,2,1,1,1,0,0
633,STU00563,22,98,1,0,2,1,0,29,16,1,58,66,1,2,2,2,0,0,0
634,STU00564,16,73,1,0,1,1,1,24,20,1,68,69,0,1,2,2,1,0,0
635,STU00565,16,73,0,1,1,1,1,24,20,1,68,69,0,1,2,2,1,0,0
636,STU00566,16,73,1,1,0,1,1,24,20,1,68,69,0,1,2,2,1,0,0
638,STU00567,16,73,1,1,1,1,1,24,20,1,68,69,0,1,2,2,1,0,0
639,STU00568,16,73,2,1,1,1,1,24,20,1,68,69,0,1,2,2,1,0,0
640,STU00569,16,73,2,1,0,1,1,24,20,1,68,69,0,1,2,2,1,0,0
641,STU00570,29,96,0,1,1,1,1,28,5,1,90,59,0,0,2,2,1,0,0
642,STU00571,29,96,0,1,1,1,1,19,1,1,72,90,0,1,0,0,0,0,1
643,STU00572,29,96,0,1,1,1,1,20,20,1,50,84,0,2,1,1,0,1,0
644,STU00573,29,96,2,1,0,1,1,28,5,1,90,59,0,0,2,2,1,0,0
645,STU00574,29,96,2,1,0,1,1,19,1,1,72,90,0,1,0,0,0,0,1
646,STU00575,29,96,2,1,0,1,1,20,20,1,50,84,0,2,1,1,0,1,0
647,STU00576,29,96,2,0,2,0,1,28,5,1,90,59,0,0,2,2,1,0,0
648,STU00577,29,96,2,0,2,0,1,19,1,1,72,90,0,1,0,0,0,0,1
649,STU00578,29,96,2,0,2,0,1,20,20,1,50,84,0,2,1,1,0,1,0
650,STU00579,29,96,1,0,0,1,1,28,5,1,90,59,0,0,2,2,1,0,0
651,STU00580,29,96,1,0,0,1,1,19,1,1,72,90,0,1,0,0,0,0,1
652,STU00581,29,96,1,0,0,1,1,20,20,1,50,84,0,2,1,1,0,1,0
653,STU00582,20,71,1,1,1,1,0,25,14,0,68,81,1,0,1,1,0,1,0
655,STU00583,20,71,1,0,2,1,0,25,14,0,68,81,1,0,1,1,0,1,0
656,STU00584,20,71,1,1,1,0,0,25,14,0,68,81,1,0,1,1,0,1,0
657,STU00585,20,71,1,0,1,1,0,25,14,0,68,81,1,0,1,1,0,1,0
658,STU00586,29,92,1,0,1,1,0,26,19,1,96,60,1,2,2,2,0,1,0
659,STU00587,29,92,1,0,1,1,0,24,8,1,72,89,1,1,0,0,0,1,0
660,STU00588,29,92,1,1,0,1,0,26,19,1,96,60,1,2,2,2,0,1,0
661,STU00589,29,92,1,1,0,1,0,24,8,1,72,89,1,1,0,0,0,1,0
662,STU00590,25,70,1,0,1,1,0,23,19,1,65,75,1,2,1,1,0,0,0
663,STU00591,25,70,1,0,1,1,0,24,7,1,75,78,0,0,1,1,0,0,0
664,STU00592,25,70,1,1,0,0,0,23,19,1,65,75,1,2,1,1,0,0,0
665,STU00593,25,70,1,1,0,0,0,24,7,1,75,78,0,0,1,1,0,0,0
668,STU00594,25,70,1,0,0,1,0,23,19,1,65,75,1,2,1,1,0,0,0
669,STU00595,25,70,1,0,0,1,0,24,7,1,75,78,0,0,1,1,0,0,0
670,STU00596,25,70,0,0,1,0,0,23,19,1,65,75,1,2,1,1,0,0,0
671,STU00597,25,70,0,0,1,0,0,24,7,1,75,78,0,0,1,1,0,0,0
672,STU00598,21,77,1,1,1,1,1,23,20,1,73,47,0,2,3,3,0,0,1
673,STU00599,21,77,1,1,1,1,1,18,1,1,97,50,1,2,3,3,0,0,0
674,STU00600,21,77,0,1,1,1,1,23,20,1,73,47,0,2,3,3,0,0,1
675,STU00601,21,77,0,1,1,1,1,18,1,1,97,50,1,2,3,3,0,0,0
676,STU00602,21,77,2,1,0,0,1,23,20,1,73,47,0,2,3,3,0,0,1
677,STU00603,21,77,2,1,0,0,1,18,1,1,97,50,1,2,3,3,0,0,0
678,STU00604,21,77,1,0,2,1,1,23,20,1,73,47,0,2,3,3,0,0,1
679,STU00605,21,77,1,0,2,1,1,18,1,1,97,50,1,2,3,3,0,0,0
682,STU00606,21,77,0,1,0,1,1,23,20,1,73,47,0,2,3,3,0,0,1
683,STU00607,21,77,0,1,0,1,1,18,1,1,97,50,1,2,3,3,0,0,0
684,STU00608,21,77,1,0,0,1,1,23,20,1,73,47,0,2,3,3,0,0,1
685,STU00609,21,77,1,0,0,1,1,18,1,1,97,50,1,2,3,3,0,0,0
690,STU00610,18,81,0,1,1,1,0,25,2,1,65,87,1,0,0,0,0,1,0
691,STU00611,18,81,0,1,1,1,0,23,3,0,95,77,1,2,1,1,0,0,0
692,STU00612,18,81,0,1,2,1,0,25,2,1,65,87,1,0,0,0,0,1,0
693,STU00613,18,81,0,1,2,1,0,23,3,0,95,77,1,2,1,1,0,0,0
694,STU00614,18,81,1,1,0,1,0,25,2,1,65,87,1,0,0,0,0,1,0
695,STU00615,18,81,1,1,0,1,0,23,3,0,95,77,1,2,1,1,0,0,0
696,STU00616,18,81,1,1,1,1,0,25,2,1,65,87,1,0,0,0,0,1,0
697,STU00617,18,81,1,1,1,1,0,23,3,0,95,77,1,2,1,1,0,0,0
698,STU00618,8,61,1,1,1,1,1,25,8,1,70,73,0,2,1,1,0,0,1
699,STU00619,8,61,1,1,1,1,1,27,11,0,92,84,0,0,1,1,0,0,1
700,STU00620,19,69,2,1,2,1,1,18,1,0,71,96,0,0,0,0,0,0,0
701,STU00621,19,69,2,1,2,1,1,28,2,0,68,84,0,2,1,1,1,0,0
702,STU00622,19,69,1,1,2,1,1,18,1,0,71,96,0,0,0,0,0,0,0
703,STU00623,19,69,1,1,2,1,1,28,2,0,68,84,0,2,1,1,1,0,0
704,STU00624,19,69,1,1,1,0,1,18,1,0,71,96,0,0,0,0,0,0,0
705,STU00625,19,69,1,1,1,0,1,28,2,0,68,84,0,2,1,1,1,0,0
706,STU00626,19,69,1,1,1,1,1,18,1,0,71,96,0,0,0,0,0,0,0
707,STU00627,19,69,1,1,1,1,1,28,2,0,68,84,0,2,1,1,1,0,0
712,STU00628,19,69,1,1,0,0,1,18,1,0,71,96,0,0,0,0,0,0,0
713,STU00629,19,69,1,1,0,0,1,28,2,0,68,84,0,2,1,1,1,0,0
714,STU00630,19,69,0,0,1,1,1,18,1,0,71,96,0,0,0,0,0,0,0
715,STU00631,19,69,0,0,1,1,1,28,2,0,68,84,0,2,1,1,1,0,0
716,STU00632,29,78,2,1,0,1,1,22,12,0,65,71,1,2,1,1,1,0,0
717,STU00633,29,78,1,0,1,1,1,22,12,0,65,71,1,2,1,1,1,0,0
718,STU00634,29,78,1,1,2,1,1,22,12,0,65,71,1,2,1,1,1,0,0
719,STU00635,29,78,1,1,1,1,1,22,12,0,65,71,1,2,1,1,1,0,0
720,STU00636,17,67,1,1,2,1,0,29,9,0,52,69,0,0,2,2,1,0,0
721,STU00637,17,67,1,1,2,1,0,28,18,1,78,70,1,0,1,1,0,1,0
722,STU00638,17,67,2,1,1,1,0,29,9,0,52,69,0,0,2,2,1,0,0
723,STU00639,17,67,2,1,1,1,0,28,18,1,78,70,1,0,1,1,0,1,0
724,STU00640,17,67,1,1,1,1,0,29,9,0,52,69,0,0,2,2,1,0,0
725,STU00641,17,67,1,1,1,1,0,28,18,1,78,70,1,0,1,1,0,1,0
728,STU00642,17,67,1,0,1,1,0,29,9,0,52,69,0,0,2,2,1,0,0
729,STU00643,17,67,1,0,1,1,0,28,18,1,78,70,1,0,1,1,0,1,0
736,STU00644,17,67,0,1,1,1,0,29,9,0,52,69,0,0,2,2,1,0,0
737,STU00645,17,67,0,1,1,1,0,28,18,1,78,70,1,0,1,1,0,1,0
738,STU00646,15,95,1,0,1,1,1,20,12,0,64,64,0,2,2,2,0,0,0
739,STU00647,15,95,1,0,1,1,1,22,6,1,79,41,0,0,3,3,1,0,0
740,STU00648,15,95,1,0,1,1,1,20,16,1,80,53,1,1,3,3,0,1,0
741,STU00649,15,95,0,1,0,1,1,20,12,0,64,64,0,2,2,2,0,0,0
742,STU00650,15,95,0,1,0,1,1,22,6,1,79,41,0,0,3,3,1,0,0
743,STU00651,15,95,0,1,0,1,1,20,16,1,80,53,1,1,3,3,0,1,0
744,STU00652,15,95,1,1,0,1,1,20,12,0,64,64,0,2,2,2,0,0,0
745,STU00653,15,95,1,1,0,1,1,22,6,1,79,41,0,0,3,3,1,0,0
746,STU00654,15,95,1,1,0,1,1,20,16,1,80,53,1,1,3,3,0,1,0
747,STU00655,15,95,1,0,1,0,1,20,12,0,64,64,0,2,2,2,0,0,0
748,STU00656,15,95,1,0,1,0,1,22,6,1,79,41,0,0,3,3,1,0,0
749,STU00657,15,95,1,0,1,0,1,20,16,1,80,53,1,1,3,3,0,1,0
750,STU00658,15,95,2,1,1,1,1,20,12,0,64,64,0,2,2,2,0,0,0
751,STU00659,15,95,2,1,1,1,1,22,6,1,79,41,0,0,3,3,1,0,0
752,STU00660,15,95,2,1,1,1,1,20,16,1,80,53,1,1,3,3,0,1,0
753,STU00661,17,88,2,1,0,1,1,20,7,0,95,66,0,1,2,2,0,0,0
754,STU00662,17,88,2,1,0,1,1,26,15,1,64,79,1,0,1,1,1,0,0
755,STU00663,17,88,2,1,0,1,1,29,16,1,69,46,1,2,3,3,1,0,0
756,STU00664,17,88,2,1,0,1,1,24,15,1,53,61,0,1,2,2,0,1,0
757,STU00665,17,88,1,1,1,1,1,20,7,0,95,66,0,1,2,2,0,0,0
758,STU00666,17,88,1,1,1,1,1,26,15,1,64,79,1,0,1,1,1,0,0
759,STU00667,17,88,1,1,1,1,1,29,16,1,69,46,1,2,3,3,1,0,0
760,STU00668,17,88,1,1,1,1,1,24,15,1,53,61,0,1,2,2,0,1,0
761,STU00669,17,88,0,0,1,0,1,20,7,0,95,66,0,1,2,2,0,0,0
762,STU00670,17,88,0,0,1,0,1,26,15,1,64,79,1,0,1,1,1,0,0
763,STU00671,17,88,0,0,1,0,1,29,16,1,69,46,1,2,3,3,1,0,0
764,STU00672,17,88,0,0,1,0,1,24,15,1,53,61,0,1,2,2,0,1,0
765,STU00673,17,88,2,1,1,0,1,20,7,0,95,66,0,1,2,2,0,0,0
766,STU00674,17,88,2,1,1,0,1,26,15,1,64,79,1,0,1,1,1,0,0
767,STU00675,17,88,2,1,1,0,1,29,16,1,69,46,1,2,3,3,1,0,0
768,STU00676,17,88,2,1,1,0,1,24,15,1,53,61,0,1,2,2,0,1,0
769,STU00677,25,63,2,1,1,1,1,20,18,0,82,82,1,2,1,1,0,0,1
770,STU00678,25,63,2,1,1,1,1,23,15,1,79,55,1,2,2,2,0,0,1
771,STU00679,25,63,2,1,1,1,1,20,1,1,55,45,1,0,3,3,0,0,0
772,STU00680,25,63,1,1,1,1,1,20,18,0,82,82,1,2,1,1,0,0,1
773,STU00681,25,63,1,1,1,1,1,23,15,1,79,55,1,2,2,2,0,0,1
774,STU00682,25,63,1,1,1,1,1,20,1,1,55,45,1,0,3,3,0,0,0
778,STU00683,25,63,0,0,2,1,1,20,18,0,82,82,1,2,1,1,0,0,1
779,STU00684,25,63,0,0,2,1,1,23,15,1,79,55,1,2,2,2,0,0,1
780,STU00685,25,63,0,0,2,1,1,20,1,1,55,45,1,0,3,3,0,0,0
781,STU00686,17,86,2,0,2,1,1,19,12,0,92,97,1,1,0,0,0,0,0
782,STU00687,17,86,2,0,2,1,1,26,0,0,54,95,1,1,0,0,1,0,0
783,STU00688,17,86,2,0,2,1,1,24,20,1,88,73,1,2,1,1,0,0,1
784,STU00689,17,86,0,0,0,0,1,19,12,0,92,97,1,1,0,0,0,0,0
785,STU00690,17,86,0,0,0,0,1,26,0,0,54,95,1,1,0,0,1,0,0
786,STU00691,17,86,0,0,0,0,1,24,20,1,88,73,1,2,1,1,0,0,1
787,STU00692,17,86,1,1,0,1,1,19,12,0,92,97,1,1,0,0,0,0,0
788,STU00693,17,86,1,1,0,1,1,26,0,0,54,95,1,1,0,0,1,0,0
789,STU00694,17,86,1,1,0,1,1,24,20,1,88,73,1,2,1,1,0,0,1
790,STU00695,17,86,1,0,1,0,1,19,12,0,92,97,1,1,0,0,0,0,0
791,STU00696,17,86,1,0,1,0,1,26,0,0,54,95,1,1,0,0,1,0,0
792,STU00697,17,86,1,0,1,0,1,24,20,1,88,73,1,2,1,1,0,0,1
793,STU00698,17,86,1,1,1,1,1,19,12,0,92,97,1,1,0,0,0,0,0
794,STU00699,17,86,1,1,1,1,1,26,0,0,54,95,1,1,0,0,1,0,0
795,STU00700,17,86,1,1,1,1,1,24,20,1,88,73,1,2,1,1,0,0,1
796,STU00701,17,86,2,1,1,1,1,19,12,0,92,97,1,1,0,0,0,0,0
797,STU00702,17,86,2,1,1,1,1,26,0,0,54,95,1,1,0,0,1,0,0
798,STU00703,17,86,2,1,1,1,1,24,20,1,88,73,1,2,1,1,0,0,1
802,STU00704,17,86,2,0,1,1,1,19,12,0,92,97,1,1,0,0,0,0,0
803,STU00705,17,86,2,0,1,1,1,26,0,0,54,95,1,1,0,0,1,0,0
804,STU00706,17,86,2,0,1,1,1,24,20,1,88,73,1,2,1,1,0,0,1
805,STU00707,23,98,0,1,0,1,0,28,2,0,76,89,0,0,0,0,0,0,1
806,STU00708,23,98,0,1,0,1,0,22,1,0,99,84,1,0,1,1,0,0,0
807,STU00709,23,98,0,1,0,1,0,20,19,1,59,46,0,2,3,3,0,1,0
808,STU00710,23,98,1,0,2,1,0,28,2,0,76,89,0,0,0,0,0,0,1
809,STU00711,23,98,1,0,2,1,0,22,1,0,99,84,1,0,1,1,0,0,0
810,STU00712,23,98,1,0,2,1,0,20,19,1,59,46,0,2,3,3,0,1,0
811,STU00713,23,98,2,1,1,1,0,28,2,0,76,89,0,0,0,0,0,0,1
812,STU00714,23,98,2,1,1,1,0,22,1,0,99,84,1,0,1,1,0,0,0
813,STU00715,23,98,2,1,1,1,0,20,19,1,59,46,0,2,3,3,0,1,0
814,STU00716,23,98,2,1,0,1,0,28,2,0,76,89,0,0,0,0,0,0,1
815,STU00717,23,98,2,1,0,1,0,22,1,0,99,84,1,0,1,1,0,0,0
816,STU00718,23,98,2,1,0,1,0,20,19,1,59,46,0,2,3,3,0,1,0
817,STU00719,26,70,0,1,1,1,0,28,18,0,77,54,0,2,3,3,0,0,0
818,STU00720,26,70,0,1,1,1,0,22,14,1,89,92,0,0,0,0,1,0,0
819,STU00721,26,70,0,1,1,1,0,19,20,1,73,43,1,2,3,3,1,0,0
820,STU00722,26,70,2,1,1,1,0,28,18,0,77,54,0,2,3,3,0,0,0
821,STU00723,26,70,2,1,1,1,0,22,14,1,89,92,0,0,0,0,1,0,0
822,STU00724,26,70,2,1,1,1,0,19,20,1,73,43,1,2,3,3,1,0,0
823,STU00725,16,97,1,1,0,1,1,20,6,1,74,85,1,2,0,0,0,0,1
824,STU00726,16,97,1,1,0,1,1,26,19,1,71,99,1,2,0,0,0,1,0
825,STU00727,16,97,1,1,0,1,1,21,3,0,74,94,1,2,0,0,0,0,1
826,STU00728,16,97,1,1,0,1,1,21,4,1,60,54,0,1,3,3,0,0,0
831,STU00729,16,97,0,1,1,1,1,20,6,1,74,85,1,2,0,0,0,0,1
832,STU00730,16,97,0,1,1,1,1,26,19,1,71,99,1,2,0,0,0,1,0
833,STU00731,16,97,0,1,1,1,1,21,3,0,74,94,1,2,0,0,0,0,1
834,STU00732,16,97,0,1,1,1,1,21,4,1,60,54,0,1,3,3,0,0,0
835,STU00733,16,97,0,1,2,1,1,20,6,1,74,85,1,2,0,0,0,0,1
836,STU00734,16,97,0,1,2,1,1,26,19,1,71,99,1,2,0,0,0,1,0
837,STU00735,16,97,0,1,2,1,1,21,3,0,74,94,1,2,0,0,0,0,1
838,STU00736,16,97,0,1,2,1,1,21,4,1,60,54,0,1,3,3,0,0,0
839,STU00737,18,89,1,1,1,1,0,28,5,1,81,68,1,0,2,2,0,0,1
840,STU00738,18,89,1,1,1,1,0,25,8,1,99,94,1,1,0,0,1,0,0
841,STU00739,18,89,1,1,1,1,0,29,0,0,80,40,0,1,3,3,0,0,0
842,STU00740,18,89,1,1,1,1,0,23,10,1,84,58,0,2,2,2,0,0,1
843,STU00741,18,89,1,1,1,1,0,28,19,0,63,74,0,2,1,1,0,0,1
844,STU00742,18,89,2,1,0,1,0,28,5,1,81,68,1,0,2,2,0,0,1
845,STU00743,18,89,2,1,0,1,0,25,8,1,99,94,1,1,0,0,1,0,0
846,STU00744,18,89,2,1,0,1,0,29,0,0,80,40,0,1,3,3,0,0,0
847,STU00745,18,89,2,1,0,1,0,23,10,1,84,58,0,2,2,2,0,0,1
848,STU00746,18,89,2,1,0,1,0,28,19,0,63,74,0,2,1,1,0,0,1
849,STU00747,18,89,0,1,0,1,0,28,5,1,81,68,1,0,2,2,0,0,1
850,STU00748,18,89,0,1,0,1,0,25,8,1,99,94,1,1,0,0,1,0,0
851,STU00749,18,89,0,1,0,1,0,29,0,0,80,40,0,1,3,3,0,0,0
852,STU00750,18,89,0,1,0,1,0,23,10,1,84,58,0,2,2,2,0,0,1
853,STU00751,18,89,0,1,0,1,0,28,19,0,63,74,0,2,1,1,0,0,1
854,STU00752,18,89,0,1,1,1,0,28,5,1,81,68,1,0,2,2,0,0,1
855,STU00753,18,89,0,1,1,1,0,25,8,1,99,94,1,1,0,0,1,0,0
856,STU00754,18,89,0,1,1,1,0,29,0,0,80,40,0,1,3,3,0,0,0
857,STU00755,18,89,0,1,1,1,0,23,10,1,84,58,0,2,2,2,0,0,1
858,STU00756,18,89,0,1,1,1,0,28,19,0,63,74,0,2,1,1,0,0,1
864,STU00757,11,91,1,0,1,1,1,27,1,1,57,46,1,2,3,3,0,0,1
865,STU00758,11,91,1,0,1,1,1,24,18,0,58,43,1,1,3,3,0,0,1
866,STU00759,11,91,0,0,1,1,1,27,1,1,57,46,1,2,3,3,0,0,1
867,STU00760,11,91,0,0,1,1,1,24,18,0,58,43,1,1,3,3,0,0,1
868,STU00761,11,91,2,0,1,1,1,27,1,1,57,46,1,2,3,3,0,0,1
869,STU00762,11,91,2,0,1,1,1,24,18,0,58,43,1,1,3,3,0,0,1
872,STU00763,11,91,0,1,0,1,1,27,1,1,57,46,1,2,3,3,0,0,1
873,STU00764,11,91,0,1,0,1,1,24,18,0,58,43,1,1,3,3,0,0,1
874,STU00765,22,64,1,0,0,0,1,18,6,1,70,97,1,0,0,0,0,1,0
875,STU00766,22,64,1,0,0,0,1,27,14,1,85,90,1,1,0,0,0,0,0
876,STU00767,22,64,1,0,0,0,1,29,20,1,88,74,1,2,1,1,0,1,0
877,STU00768,22,64,1,0,0,0,1,24,15,1,55,49,0,0,3,3,1,0,0
878,STU00769,22,64,2,1,1,1,1,18,6,1,70,97,1,0,0,0,0,1,0
879,STU00770,22,64,2,1,1,1,1,27,14,1,85,90,1,1,0,0,0,0,0
880,STU00771,22,64,2,1,1,1,1,29,20,1,88,74,1,2,1,1,0,1,0
881,STU00772,22,64,2,1,1,1,1,24,15,1,55,49,0,0,3,3,1,0,0
882,STU00773,22,64,1,1,1,1,1,18,6,1,70,97,1,0,0,0,0,1,0
883,STU00774,22,64,1,1,1,1,1,27,14,1,85,90,1,1,0,0,0,0,0
884,STU00775,22,64,1,1,1,1,1,29,20,1,88,74,1,2,1,1,0,1,0
885,STU00776,22,64,1,1,1,1,1,24,15,1,55,49,0,0,3,3,1,0,0
886,STU00777,22,64,2,0,0,1,1,18,6,1,70,97,1,0,0,0,0,1,0
887,STU00778,22,64,2,0,0,1,1,27,14,1,85,90,1,1,0,0,0,0,0
888,STU00779,22,64,2,0,0,1,1,29,20,1,88,74,1,2,1,1,0,1,0
889,STU00780,22,64,2,0,0,1,1,24,15,1,55,49,0,0,3,3,1,0,0
890,STU00781,22,64,1,1,2,1,1,18,6,1,70,97,1,0,0,0,0,1,0
891,STU00782,22,64,1,1,2,1,1,27,14,1,85,90,1,1,0,0,0,0,0
892,STU00783,22,64,1,1,2,1,1,29,20,1,88,74,1,2,1,1,0,1,0
893,STU00784,22,64,1,1,2,1,1,24,15,1,55,49,0,0,3,3,1,0,0
894,STU00785,22,64,1,0,1,1,1,18,6,1,70,97,1,0,0,0,0,1,0
895,STU00786,22,64,1,0,1,1,1,27,14,1,85,90,1,1,0,0,0,0,0
896,STU00787,22,64,1,0,1,1,1,29,20,1,88,74,1,2,1,1,0,1,0
897,STU00788,22,64,1,0,1,1,1,24,15,1,55,49,0,0,3,3,1,0,0
902,STU00789,22,81,1,1,0,1,0,27,14,1,80,79,1,0,1,1,0,1,0
903,STU00790,22,81,1,1,0,1,0,27,4,1,75,54,1,2,3,3,0,0,1
904,STU00791,22,81,1,1,0,1,0,28,5,0,52,95,1,2,0,0,0,0,0
905,STU00792,22,81,2,1,2,1,0,27,14,1,80,79,1,0,1,1,0,1,0
906,STU00793,22,81,2,1,2,1,0,27,4,1,75,54,1,2,3,3,0,0,1
907,STU00794,22,81,2,1,2,1,0,28,5,0,52,95,1,2,0,0,0,0,0
908,STU00795,22,81,1,0,0,1,0,27,14,1,80,79,1,0,1,1,0,1,0
909,STU00796,22,81,1,0,0,1,0,27,4,1,75,54,1,2,3,3,0,0,1
910,STU00797,22,81,1,0,0,1,0,28,5,0,52,95,1,2,0,0,0,0,0
911,STU00798,22,81,0,1,0,1,0,27,14,1,80,79,1,0,1,1,0,1,0
912,STU00799,22,81,0,1,0,1,0,27,4,1,75,54,1,2,3,3,0,0,1
913,STU00800,22,81,0,1,0,1,0,28,5,0,52,95,1,2,0,0,0,0,0
914,STU00801,22,81,0,0,1,1,0,27,14,1,80,79,1,0,1,1,0,1,0
915,STU00802,22,81,0,0,1,1,0,27,4,1,75,54,1,2,3,3,0,0,1
916,STU00803,22,81,0,0,1,1,0,28,5,0,52,95,1,2,0,0,0,0,0
917,STU00804,19,67,1,0,2,1,1,19,8,1,74,81,0,2,1,1,0,0,0
919,STU00805,19,67,1,1,2,1,1,19,8,1,74,81,0,2,1,1,0,0,0
920,STU00806,19,67,2,0,1,1,1,19,8,1,74,81,0,2,1,1,0,0,0
921,STU00807,19,67,0,1,1,0,1,19,8,1,74,81,0,2,1,1,0,0,0
922,STU00808,19,67,0,0,1,1,1,19,8,1,74,81,0,2,1,1,0,0,0
923,STU00809,19,67,1,1,0,1,1,19,8,1,74,81,0,2,1,1,0,0,0
924,STU00810,19,67,0,0,2,0,1,19,8,1,74,81,0,2,1,1,0,0,0
925,STU00811,12,92,1,0,2,1,1,21,11,0,62,89,1,2,0,0,1,0,0
926,STU00812,12,92,1,0,2,1,1,23,20,0,86,98,0,1,0,0,0,1,0
927,STU00813,12,92,1,0,0,1,1,21,11,0,62,89,1,2,0,0,1,0,0
928,STU00814,12,92,1,0,0,1,1,23,20,0,86,98,0,1,0,0,0,1,0
929,STU00815,12,92,0,1,1,1,1,21,11,0,62,89,1,2,0,0,1,0,0
930,STU00816,12,92,0,1,1,1,1,23,20,0,86,98,0,1,0,0,0,1,0
931,STU00817,12,92,1,0,1,1,1,21,11,0,62,89,1,2,0,0,1,0,0
932,STU00818,12,92,1,0,1,1,1,23,20,0,86,98,0,1,0,0,0,1,0
935,STU00819,12,92,0,1,2,1,1,21,11,0,62,89,1,2,0,0,1,0,0
936,STU00820,12,92,0,1,2,1,1,23,20,0,86,98,0,1,0,0,0,1,0
937,STU00821,18,79,1,1,1,1,1,29,15,1,75,64,0,1,2,2,0,0,0
938,STU00822,18,79,1,1,0,1,1,29,15,1,75,64,0,1,2,2,0,0,0
939,STU00823,18,79,2,1,1,1,1,29,15,1,75,64,0,1,2,2,0,0,0
941,STU00824,18,79,0,0,2,1,1,29,15,1,75,64,0,1,2,2,0,0,0
943,STU00825,18,79,2,0,0,1,1,29,15,1,75,64,0,1,2,2,0,0,0
944,STU00826,15,98,1,0,2,1,1,21,3,1,95,100,0,2,0,0,0,1,0
945,STU00827,15,98,1,1,0,1,1,21,3,1,95,100,0,2,0,0,0,1,0
946,STU00828,15,98,1,0,0,1,1,21,3,1,95,100,0,2,0,0,0,1,0
947,STU00829,15,98,1,1,0,0,1,21,3,1,95,100,0,2,0,0,0,1,0
948,STU00830,22,99,0,1,0,1,1,21,2,1,64,80,0,2,1,1,1,0,0
949,STU00831,22,99,0,1,0,1,1,25,2,1,88,73,1,1,1,1,0,1,0
950,STU00832,22,99,0,1,0,1,1,22,7,1,95,82,0,2,1,1,0,0,1
951,STU00833,22,99,2,1,1,1,1,21,2,1,64,80,0,2,1,1,1,0,0
952,STU00834,22,99,2,1,1,1,1,25,2,1,88,73,1,1,1,1,0,1,0
953,STU00835,22,99,2,1,1,1,1,22,7,1,95,82,0,2,1,1,0,0,1
954,STU00836,22,99,1,1,2,1,1,21,2,1,64,80,0,2,1,1,1,0,0
955,STU00837,22,99,1,1,2,1,1,25,2,1,88,73,1,1,1,1,0,1,0
956,STU00838,22,99,1,1,2,1,1,22,7,1,95,82,0,2,1,1,0,0,1
957,STU00839,22,99,1,0,0,1,1,21,2,1,64,80,0,2,1,1,1,0,0
958,STU00840,22,99,1,0,0,1,1,25,2,1,88,73,1,1,1,1,0,1,0
959,STU00841,22,99,1,0,0,1,1,22,7,1,95,82,0,2,1,1,0,0,1
963,STU00842,31,100,1,0,1,1,1,21,7,0,64,97,1,1,0,0,0,0,0
964,STU00843,21,82,2,1,2,1,0,28,16,0,62,47,1,1,3,3,0,1,0
965,STU00844,21,82,1,1,2,1,0,28,16,0,62,47,1,1,3,3,0,1,0
966,STU00845,21,82,1,0,1,1,0,28,16,0,62,47,1,1,3,3,0,1,0
967,STU00846,22,67,1,1,2,1,0,27,19,1,76,100,0,0,0,0,0,0,0
968,STU00847,22,67,1,0,0,1,0,27,19,1,76,100,0,0,0,0,0,0,0
969,STU00848,22,67,1,0,1,1,0,27,19,1,76,100,0,0,0,0,0,0,0
970,STU00849,22,67,1,1,1,1,0,27,19,1,76,100,0,0,0,0,0,0,0
971,STU00850,20,73,1,1,1,1,1,24,14,0,58,45,0,2,3,3,0,1,0
972,STU00851,20,73,1,1,0,1,1,24,14,0,58,45,0,2,3,3,0,1,0
973,STU00852,20,73,1,1,2,1,1,24,14,0,58,45,0,2,3,3,0,1,0
974,STU00853,20,73,2,1,0,1,1,24,14,0,58,45,0,2,3,3,0,1,0
975,STU00854,20,73,1,0,0,1,1,24,14,0,58,45,0,2,3,3,0,1,0
977,STU00855,20,73,0,1,2,1,1,24,14,0,58,45,0,2,3,3,0,1,0
978,STU00856,20,73,2,0,2,1,1,24,14,0,58,45,0,2,3,3,0,1,0
979,STU00857,20,73,0,1,1,1,1,24,14,0,58,45,0,2,3,3,0,1,0
980,STU00858,20,73,2,1,1,1,1,24,14,0,58,45,0,2,3,3,0,1,0
981,STU00859,8,77,1,1,1,1,1,23,13,0,77,86,1,2,0,0,1,0,0
982,STU00860,8,77,1,1,1,1,1,18,14,1,58,88,0,2,0,0,0,1,0
983,STU00861,8,77,1,1,1,1,1,28,10,1,77,70,0,2,1,1,0,1,0
984,STU00862,8,77,0,1,0,1,1,23,13,0,77,86,1,2,0,0,1,0,0
985,STU00863,8,77,0,1,0,1,1,18,14,1,58,88,0,2,0,0,0,1,0
986,STU00864,8,77,0,1,0,1,1,28,10,1,77,70,0,2,1,1,0,1,0
987,STU00865,20,72,1,0,1,1,1,19,13,1,55,50,0,2,3,3,0,1,0
988,STU00866,20,72,2,1,0,1,1,19,13,1,55,50,0,2,3,3,0,1,0
989,STU00867,20,72,0,0,0,1,1,19,13,1,55,50,0,2,3,3,0,1,0
990,STU00868,20,72,1,1,2,1,1,19,13,1,55,50,0,2,3,3,0,1,0
991,STU00869,20,72,0,1,1,1,1,19,13,1,55,50,0,2,3,3,0,1,0
992,STU00870,20,72,0,1,0,1,1,19,13,1,55,50,0,2,3,3,0,1,0
993,STU00871,20,72,1,0,0,1,1,19,13,1,55,50,0,2,3,3,0,1,0
994,STU00872,20,72,1,1,1,1,1,19,13,1,55,50,0,2,3,3,0,1,0
996,STU00873,20,71,2,1,2,1,1,29,15,1,83,62,1,2,2,2,0,1,0
997,STU00874,20,71,2,1,2,1,1,19,5,0,83,87,1,2,0,0,0,0,1
998,STU00875,20,71,1,0,1,1,1,29,15,1,83,62,1,2,2,2,0,1,0
999,STU00876,20,71,1,0,1,1,1,19,5,0,83,87,1,2,0,0,0,0,1
1000,STU00877,20,71,0,0,2,1,1,29,15,1,83,62,1,2,2,2,0,1,0
1001,STU00878,20,71,0,0,2,1,1,19,5,0,83,87,1,2,0,0,0,0,1
1002,STU00879,20,71,1,0,2,1,1,29,15,1,83,62,1,2,2,2,0,1,0
1003,STU00880,20,71,1,0,2,1,1,19,5,0,83,87,1,2,0,0,0,0,1
1004,STU00881,20,71,1,1,0,1,1,29,15,1,83,62,1,2,2,2,0,1,0
1005,STU00882,20,71,1,1,0,1,1,19,5,0,83,87,1,2,0,0,0,0,1
1006,STU00883,20,71,1,1,1,1,1,29,15,1,83,62,1,2,2,2,0,1,0
1007,STU00884,20,71,1,1,1,1,1,19,5,0,83,87,1,2,0,0,0,0,1
1010,STU00885,20,71,0,1,2,1,1,29,15,1,83,62,1,2,2,2,0,1,0
1011,STU00886,20,71,0,1,2,1,1,19,5,0,83,87,1,2,0,0,0,0,1
1018,STU00887,20,71,2,1,1,1,1,29,15,1,83,62,1,2,2,2,0,1,0
1019,STU00888,20,71,2,1,1,1,1,19,5,0,83,87,1,2,0,0,0,0,1
1022,STU00889,35,99,2,1,0,1,0,18,3,0,81,64,1,2,2,2,0,1,0
1023,STU00890,19,66,1,0,1,1,0,26,12,1,99,96,1,2,0,0,0,0,0
1024,STU00891,19,66,2,1,1,1,0,26,12,1,99,96,1,2,0,0,0,0,0
1025,STU00892,19,66,2,0,0,1,0,26,12,1,99,96,1,2,0,0,0,0,0
1026,STU00893,19,66,0,0,1,1,0,26,12,1,99,96,1,2,0,0,0,0,0
1027,STU00894,19,66,1,0,0,0,0,26,12,1,99,96,1,2,0,0,0,0,0
1029,STU00895,22,89,2,1,1,1,0,23,13,1,68,76,0,2,1,1,0,0,0
1030,STU00896,22,89,2,1,1,1,0,21,8,0,69,96,1,0,0,0,0,1,0
1031,STU00897,22,89,1,0,0,1,0,23,13,1,68,76,0,2,1,1,0,0,0
1032,STU00898,22,89,1,0,0,1,0,21,8,0,69,96,1,0,0,0,0,1,0
1033,STU00899,22,89,1,1,1,1,0,23,13,1,68,76,0,2,1,1,0,0,0
1034,STU00900,22,89,1,1,1,1,0,21,8,0,69,96,1,0,0,0,0,1,0
1037,STU00901,20,60,2,0,2,1,1,22,9,1,92,48,0,0,3,3,0,0,1
1038,STU00902,20,60,2,0,2,1,1,24,1,0,84,79,1,0,1,1,0,0,1
1039,STU00903,20,60,1,0,2,1,1,22,9,1,92,48,0,0,3,3,0,0,1
1040,STU00904,20,60,1,0,2,1,1,24,1,0,84,79,1,0,1,1,0,0,1
1041,STU00905,20,60,1,1,0,1,1,22,9,1,92,48,0,0,3,3,0,0,1
1042,STU00906,20,60,1,1,0,1,1,24,1,0,84,79,1,0,1,1,0,0,1
1043,STU00907,20,60,1,1,1,1,1,22,9,1,92,48,0,0,3,3,0,0,1
1044,STU00908,20,60,1,1,1,1,1,24,1,0,84,79,1,0,1,1,0,0,1
1045,STU00909,13,84,1,0,1,1,1,24,19,0,59,63,0,0,2,2,0,0,1
1046,STU00910,13,84,1,0,1,1,1,28,15,1,73,58,1,1,2,2,1,0,0
1047,STU00911,13,84,1,0,1,1,1,23,13,0,61,79,1,0,1,1,0,1,0
1048,STU00912,13,84,1,0,1,1,1,26,0,0,87,86,1,2,0,0,0,1,0
1049,STU00913,13,84,1,0,1,1,1,24,12,0,89,84,1,1,1,1,0,0,0
1050,STU00914,13,84,1,0,1,1,1,29,10,0,99,71,1,0,1,1,0,1,0
1051,STU00915,13,84,1,0,1,0,1,24,19,0,59,63,0,0,2,2,0,0,1
1052,STU00916,13,84,1,0,1,0,1,28,15,1,73,58,1,1,2,2,1,0,0
1053,STU00917,13,84,1,0,1,0,1,23,13,0,61,79,1,0,1,1,0,1,0
1054,STU00918,13,84,1,0,1,0,1,26,0,0,87,86,1,2,0,0,0,1,0
1055,STU00919,13,84,1,0,1,0,1,24,12,0,89,84,1,1,1,1,0,0,0
1056,STU00920,13,84,1,0,1,0,1,29,10,0,99,71,1,0,1,1,0,1,0
1057,STU00921,13,84,1,1,1,1,1,24,19,0,59,63,0,0,2,2,0,0,1
1058,STU00922,13,84,1,1,1,1,1,28,15,1,73,58,1,1,2,2,1,0,0
1059,STU00923,13,84,1,1,1,1,1,23,13,0,61,79,1,0,1,1,0,1,0
1060,STU00924,13,84,1,1,1,1,1,26,0,0,87,86,1,2,0,0,0,1,0
1061,STU00925,13,84,1,1,1,1,1,24,12,0,89,84,1,1,1,1,0,0,0
1062,STU00926,13,84,1,1,1,1,1,29,10,0,99,71,1,0,1,1,0,1,0
1063,STU00927,13,84,1,0,0,1,1,24,19,0,59,63,0,0,2,2,0,0,1
1064,STU00928,13,84,1,0,0,1,1,28,15,1,73,58,1,1,2,2,1,0,0
1065,STU00929,13,84,1,0,0,1,1,23,13,0,61,79,1,0,1,1,0,1,0
1066,STU00930,13,84,1,0,0,1,1,26,0,0,87,86,1,2,0,0,0,1,0
1067,STU00931,13,84,1,0,0,1,1,24,12,0,89,84,1,1,1,1,0,0,0
1068,STU00932,13,84,1,0,0,1,1,29,10,0,99,71,1,0,1,1,0,1,0
1069,STU00933,27,97,2,1,1,1,0,25,3,1,59,46,0,1,3,3,0,1,0
1070,STU00934,27,97,2,1,1,1,0,20,1,1,80,62,1,1,2,2,0,1,0
1071,STU00935,27,97,2,1,1,1,0,18,11,1,54,66,1,0,2,2,0,0,1
1072,STU00936,27,97,2,0,1,1,0,25,3,1,59,46,0,1,3,3,0,1,0
1073,STU00937,27,97,2,0,1,1,0,20,1,1,80,62,1,1,2,2,0,1,0
1074,STU00938,27,97,2,0,1,1,0,18,11,1,54,66,1,0,2,2,0,0,1
1075,STU00939,27,97,1,0,1,1,0,25,3,1,59,46,0,1,3,3,0,1,0
1076,STU00940,27,97,1,0,1,1,0,20,1,1,80,62,1,1,2,2,0,1,0
1077,STU00941,27,97,1,0,1,1,0,18,11,1,54,66,1,0,2,2,0,0,1
1078,STU00942,25,72,2,1,0,1,0,23,14,0,66,57,1,0,2,2,0,0,0
1079,STU00943,25,72,2,1,0,1,0,18,15,1,86,76,1,1,1,1,0,1,0
1080,STU00944,25,72,1,1,1,1,0,23,14,0,66,57,1,0,2,2,0,0,0
1081,STU00945,25,72,1,1,1,1,0,18,15,1,86,76,1,1,1,1,0,1,0
1082,STU00946,25,72,2,1,1,1,0,23,14,0,66,57,1,0,2,2,0,0,0
1083,STU00947,25,72,2,1,1,1,0,18,15,1,86,76,1,1,1,1,0,1,0
1086,STU00948,25,72,1,0,2,1,0,23,14,0,66,57,1,0,2,2,0,0,0
1087,STU00949,25,72,1,0,2,1,0,18,15,1,86,76,1,1,1,1,0,1,0
1088,STU00950,25,67,1,0,2,1,0,28,7,1,61,59,1,1,2,2,0,0,1
1089,STU00951,25,67,1,0,2,1,0,21,8,0,59,50,1,2,3,3,0,0,1
1090,STU00952,25,67,1,0,2,1,0,23,13,1,67,99,1,1,0,0,0,0,0
1091,STU00953,25,67,1,0,2,1,0,19,15,1,95,98,1,2,0,0,0,0,1
1092,STU00954,25,67,2,0,1,1,0,28,7,1,61,59,1,1,2,2,0,0,1
1093,STU00955,25,67,2,0,1,1,0,21,8,0,59,50,1,2,3,3,0,0,1
1094,STU00956,25,67,2,0,1,1,0,23,13,1,67,99,1,1,0,0,0,0,0
1095,STU00957,25,67,2,0,1,1,0,19,15,1,95,98,1,2,0,0,0,0,1
1096,STU00958,25,67,1,0,1,1,0,28,7,1,61,59,1,1,2,2,0,0,1
1097,STU00959,25,67,1,0,1,1,0,21,8,0,59,50,1,2,3,3,0,0,1
1098,STU00960,25,67,1,0,1,1,0,23,13,1,67,99,1,1,0,0,0,0,0
1099,STU00961,25,67,1,0,1,1,0,19,15,1,95,98,1,2,0,0,0,0,1
1100,STU00962,15,86,1,1,1,1,1,28,3,1,67,55,1,0,2,2,0,0,0
1101,STU00963,15,86,2,1,1,1,1,28,3,1,67,55,1,0,2,2,0,0,0
1104,STU00964,15,86,0,0,1,1,1,28,3,1,67,55,1,0,2,2,0,0,0
1105,STU00965,15,86,1,0,1,1,1,28,3,1,67,55,1,0,2,2,0,0,0
1106,STU00966,15,86,1,1,2,1,1,28,3,1,67,55,1,0,2,2,0,0,0
1107,STU00967,15,86,2,0,1,1,1,28,3,1,67,55,1,0,2,2,0,0,0
1108,STU00968,15,86,1,1,0,1,1,28,3,1,67,55,1,0,2,2,0,0,0
1109,STU00969,15,86,2,0,2,1,1,28,3,1,67,55,1,0,2,2,0,0,0
1110,STU00970,28,89,2,1,2,1,0,26,6,1,52,68,1,1,2,2,0,0,1
1111,STU00971,28,89,2,1,2,1,0,18,7,0,90,51,1,2,3,3,0,0,1
1112,STU00972,28,89,2,1,2,1,0,23,5,0,80,96,1,2,0,0,0,0,0
1113,STU00973,28,89,2,1,2,1,0,25,14,0,79,87,1,0,0,0,1,0,0
1114,STU00974,28,89,2,1,2,1,0,24,11,0,74,46,1,2,3,3,0,0,1
1115,STU00975,28,89,2,1,2,1,0,21,4,1,91,90,0,0,0,0,0,1,0
1122,STU00976,28,89,0,1,2,1,0,26,6,1,52,68,1,1,2,2,0,0,1
1123,STU00977,28,89,0,1,2,1,0,18,7,0,90,51,1,2,3,3,0,0,1
1124,STU00978,28,89,0,1,2,1,0,23,5,0,80,96,1,2,0,0,0,0,0
1125,STU00979,28,89,0,1,2,1,0,25,14,0,79,87,1,0,0,0,1,0,0
1126,STU00980,28,89,0,1,2,1,0,24,11,0,74,46,1,2,3,3,0,0,1
1127,STU00981,28,89,0,1,2,1,0,21,4,1,91,90,0,0,0,0,0,1,0
1128,STU00982,12,88,1,0,0,1,1,22,18,0,87,55,1,2,2,2,0,0,0
1129,STU00983,12,88,1,0,0,1,1,22,15,1,63,96,1,2,0,0,0,0,1
1130,STU00984,12,88,1,0,0,1,1,20,12,1,86,77,1,1,1,1,0,1,0
1131,STU00985,12,88,1,0,1,1,1,22,18,0,87,55,1,2,2,2,0,0,0
1132,STU00986,12,88,1,0,1,1,1,22,15,1,63,96,1,2,0,0,0,0,1
1133,STU00987,12,88,1,0,1,1,1,20,12,1,86,77,1,1,1,1,0,1,0
1134,STU00988,12,88,1,1,2,1,1,22,18,0,87,55,1,2,2,2,0,0,0
1135,STU00989,12,88,1,1,2,1,1,22,15,1,63,96,1,2,0,0,0,0,1
1136,STU00990,12,88,1,1,2,1,1,20,12,1,86,77,1,1,1,1,0,1,0
1137,STU00991,12,88,1,1,1,1,1,22,18,0,87,55,1,2,2,2,0,0,0
1138,STU00992,12,88,1,1,1,1,1,22,15,1,63,96,1,2,0,0,0,0,1
1139,STU00993,12,88,1,1,1,1,1,20,12,1,86,77,1,1,1,1,0,1,0
1140,STU00994,12,88,1,0,0,0,1,22,18,0,87,55,1,2,2,2,0,0,0
1141,STU00995,12,88,1,0,0,0,1,22,15,1,63,96,1,2,0,0,0,0,1
1142,STU00996,12,88,1,0,0,0,1,20,12,1,86,77,1,1,1,1,0,1,0
1143,STU00997,24,73,2,1,1,1,1,28,18,1,61,59,1,2,2,2,0,0,1
1144,STU00998,24,73,1,1,2,1,1,28,18,1,61,59,1,2,2,2,0,0,1
1145,STU00999,24,73,0,1,1,1,1,28,18,1,61,59,1,2,2,2,0,0,1
1146,STU01000,24,73,1,1,0,1,1,28,18,1,61,59,1,2,2,2,0,0,1
1147,STU01001,14,98,1,0,1,1,0,25,20,0,60,73,1,0,1,1,0,0,0
1148,STU01002,14,98,1,0,1,1,0,26,17,1,74,65,1,2,2,2,0,1,0
1149,STU01003,14,98,1,0,1,1,0,20,20,0,68,65,1,1,2,2,0,0,1
1150,STU01004,14,98,1,0,1,1,0,23,5,0,72,91,0,0,0,0,0,0,1
1151,STU01005,14,98,1,1,0,1,0,25,20,0,60,73,1,0,1,1,0,0,0
1152,STU01006,14,98,1,1,0,1,0,26,17,1,74,65,1,2,2,2,0,1,0
1153,STU01007,14,98,1,1,0,1,0,20,20,0,68,65,1,1,2,2,0,0,1
1154,STU01008,14,98,1,1,0,1,0,23,5,0,72,91,0,0,0,0,0,0,1
1155,STU01009,21,78,1,1,1,1,1,27,6,0,95,90,1,2,0,0,0,0,0
1156,STU01010,21,78,0,0,1,1,1,27,6,0,95,90,1,2,0,0,0,0,0
1157,STU01011,21,78,1,0,0,1,1,27,6,0,95,90,1,2,0,0,0,0,0
1158,STU01012,21,78,1,0,1,1,1,27,6,0,95,90,1,2,0,0,0,0,0
1160,STU01013,21,78,0,1,1,1,1,27,6,0,95,90,1,2,0,0,0,0,0
1161,STU01014,21,78,2,0,1,1,1,27,6,0,95,90,1,2,0,0,0,0,0
1162,STU01015,17,94,1,1,0,1,0,19,6,0,73,59,1,2,2,2,0,0,0
1163,STU01016,17,94,1,1,0,1,0,26,5,0,63,87,1,0,0,0,0,0,0
1164,STU01017,17,94,1,1,0,1,0,29,9,1,57,50,1,1,3,3,1,0,0
1165,STU01018,17,94,1,1,1,1,0,19,6,0,73,59,1,2,2,2,0,0,0
1166,STU01019,17,94,1,1,1,1,0,26,5,0,63,87,1,0,0,0,0,0,0
1167,STU01020,17,94,1,1,1,1,0,29,9,1,57,50,1,1,3,3,1,0,0
1168,STU01021,20,77,1,0,0,1,0,19,20,1,76,59,1,1,2,2,0,0,0
1169,STU01022,20,77,1,0,0,1,0,29,14,1,53,69,1,2,2,2,0,0,0
1172,STU01023,20,77,0,1,1,0,0,19,20,1,76,59,1,1,2,2,0,0,0
1173,STU01024,20,77,0,1,1,0,0,29,14,1,53,69,1,2,2,2,0,0,0
1174,STU01025,20,77,0,0,0,1,0,19,20,1,76,59,1,1,2,2,0,0,0
1175,STU01026,20,77,0,0,0,1,0,29,14,1,53,69,1,2,2,2,0,0,0
1178,STU01027,14,66,0,0,1,1,1,21,13,1,62,82,0,2,1,1,1,0,0
1179,STU01028,14,66,0,0,1,1,1,28,0,1,74,83,0,2,1,1,0,0,0
1180,STU01029,14,66,1,1,0,1,1,21,13,1,62,82,0,2,1,1,1,0,0
1181,STU01030,14,66,1,1,0,1,1,28,0,1,74,83,0,2,1,1,0,0,0
1182,STU01031,14,66,1,1,1,1,1,21,13,1,62,82,0,2,1,1,1,0,0
1183,STU01032,14,66,1,1,1,1,1,28,0,1,74,83,0,2,1,1,0,0,0
1186,STU01033,23,77,1,1,1,1,1,27,9,0,59,46,1,2,3,3,0,0,0
1187,STU01034,23,77,1,1,1,1,1,19,0,1,92,62,0,2,2,2,1,0,0
1188,STU01035,23,77,2,1,1,1,1,27,9,0,59,46,1,2,3,3,0,0,0
1189,STU01036,23,77,2,1,1,1,1,19,0,1,92,62,0,2,2,2,1,0,0
1192,STU01037,23,77,1,0,0,1,1,27,9,0,59,46,1,2,3,3,0,0,0
1193,STU01038,23,77,1,0,0,1,1,19,0,1,92,62,0,2,2,2,1,0,0
1194,STU01039,23,77,2,0,0,1,1,27,9,0,59,46,1,2,3,3,0,0,0
1195,STU01040,23,77,2,0,0,1,1,19,0,1,92,62,0,2,2,2,1,0,0
1198,STU01041,23,77,0,0,1,1,1,27,9,0,59,46,1,2,3,3,0,0,0
1199,STU01042,23,77,0,0,1,1,1,19,0,1,92,62,0,2,2,2,1,0,0
1200,STU01043,14,81,1,0,1,1,0,23,18,0,91,49,1,2,3,3,0,0,0
1201,STU01044,14,81,2,1,0,0,0,23,18,0,91,49,1,2,3,3,0,0,0
1202,STU01045,14,81,1,0,0,1,0,23,18,0,91,49,1,2,3,3,0,0,0
1204,STU01046,14,81,1,0,1,0,0,23,18,0,91,49,1,2,3,3,0,0,0
1206,STU01047,14,81,2,0,1,1,0,23,18,0,91,49,1,2,3,3,0,0,0
1207,STU01048,29,61,2,1,0,1,0,29,11,1,93,86,1,1,0,0,1,0,0
1208,STU01049,29,61,2,1,0,1,0,21,3,1,96,71,0,2,1,1,0,0,0
1209,STU01050,29,61,2,1,0,1,0,28,15,1,88,84,0,0,1,1,0,0,1
1210,STU01051,15,78,2,0,0,1,1,22,14,0,89,86,1,2,0,0,0,1,0
1211,STU01052,15,78,2,0,1,0,1,22,14,0,89,86,1,2,0,0,0,1,0
1212,STU01053,15,78,2,1,2,1,1,22,14,0,89,86,1,2,0,0,0,1,0
1213,STU01054,15,78,2,1,0,1,1,22,14,0,89,86,1,2,0,0,0,1,0
1214,STU01055,15,78,1,1,1,1,1,22,14,0,89,86,1,2,0,0,0,1,0
1215,STU01056,15,78,1,1,2,1,1,22,14,0,89,86,1,2,0,0,0,1,0
1216,STU01057,15,78,1,0,1,1,1,22,14,0,89,86,1,2,0,0,0,1,0
1217,STU01058,15,78,0,1,0,1,1,22,14,0,89,86,1,2,0,0,0,1,0
1218,STU01059,15,78,2,0,2,1,1,22,14,0,89,86,1,2,0,0,0,1,0
1219,STU01060,15,78,2,0,1,1,1,22,14,0,89,86,1,2,0,0,0,1,0
1220,STU01061,18,91,1,1,1,1,0,26,4,0,92,71,1,2,1,1,0,0,1
1221,STU01062,18,91,1,1,1,1,0,27,10,0,69,100,1,2,0,0,0,0,0
1222,STU01063,18,91,1,1,1,1,0,22,16,0,93,82,1,0,1,1,0,0,0
1223,STU01064,18,91,1,1,1,1,0,20,17,1,58,79,1,0,1,1,1,0,0
1224,STU01065,18,91,1,0,1,1,0,26,4,0,92,71,1,2,1,1,0,0,1
1225,STU01066,18,91,1,0,1,1,0,27,10,0,69,100,1,2,0,0,0,0,0
1226,STU01067,18,91,1,0,1,1,0,22,16,0,93,82,1,0,1,1,0,0,0
1227,STU01068,18,91,1,0,1,1,0,20,17,1,58,79,1,0,1,1,1,0,0
1232,STU01069,25,87,0,0,2,1,1,26,6,0,62,72,0,1,1,1,0,0,1
1233,STU01070,25,87,0,0,2,1,1,21,19,1,62,50,0,0,3,3,0,1,0
1234,STU01071,25,87,0,0,2,1,1,19,5,1,94,82,1,2,1,1,1,0,0
1235,STU01072,25,87,0,1,0,1,1,26,6,0,62,72,0,1,1,1,0,0,1
1236,STU01073,25,87,0,1,0,1,1,21,19,1,62,50,0,0,3,3,0,1,0
1237,STU01074,25,87,0,1,0,1,1,19,5,1,94,82,1,2,1,1,1,0,0
1238,STU01075,25,87,2,0,0,1,1,26,6,0,62,72,0,1,1,1,0,0,1
1239,STU01076,25,87,2,0,0,1,1,21,19,1,62,50,0,0,3,3,0,1,0
1240,STU01077,25,87,2,0,0,1,1,19,5,1,94,82,1,2,1,1,1,0,0
1241,STU01078,25,87,1,0,1,1,1,26,6,0,62,72,0,1,1,1,0,0,1
1242,STU01079,25,87,1,0,1,1,1,21,19,1,62,50,0,0,3,3,0,1,0
1243,STU01080,25,87,1,0,1,1,1,19,5,1,94,82,1,2,1,1,1,0,0
1244,STU01081,25,87,0,0,0,1,1,26,6,0,62,72,0,1,1,1,0,0,1
1245,STU01082,25,87,0,0,0,1,1,21,19,1,62,50,0,0,3,3,0,1,0
1246,STU01083,25,87,0,0,0,1,1,19,5,1,94,82,1,2,1,1,1,0,0
1247,STU01084,25,87,1,1,1,1,1,26,6,0,62,72,0,1,1,1,0,0,1
1248,STU01085,25,87,1,1,1,1,1,21,19,1,62,50,0,0,3,3,0,1,0
1249,STU01086,25,87,1,1,1,1,1,19,5,1,94,82,1,2,1,1,1,0,0
1250,STU01087,25,87,1,1,1,0,1,26,6,0,62,72,0,1,1,1,0,0,1
1251,STU01088,25,87,1,1,1,0,1,21,19,1,62,50,0,0,3,3,0,1,0
1252,STU01089,25,87,1,1,1,0,1,19,5,1,94,82,1,2,1,1,1,0,0
1253,STU01090,25,87,2,1,0,1,1,26,6,0,62,72,0,1,1,1,0,0,1
1254,STU01091,25,87,2,1,0,1,1,21,19,1,62,50,0,0,3,3,0,1,0
1255,STU01092,25,87,2,1,0,1,1,19,5,1,94,82,1,2,1,1,1,0,0
1256,STU01093,25,87,1,0,2,1,1,26,6,0,62,72,0,1,1,1,0,0,1
1257,STU01094,25,87,1,0,2,1,1,21,19,1,62,50,0,0,3,3,0,1,0
1258,STU01095,25,87,1,0,2,1,1,19,5,1,94,82,1,2,1,1,1,0,0
1259,STU01096,13,85,1,0,1,1,1,18,0,0,97,50,1,1,3,3,0,0,1
1260,STU01097,13,85,1,0,1,1,1,27,18,1,79,68,0,2,2,2,0,0,0
1261,STU01098,13,85,1,0,1,1,1,22,19,1,98,40,1,2,3,3,0,1,0
1262,STU01099,13,85,1,0,1,1,1,28,2,1,81,67,1,2,2,2,1,0,0
1263,STU01100,13,85,1,0,1,1,1,20,6,1,72,99,1,2,0,0,0,0,1
1264,STU01101,13,85,1,0,0,1,1,18,0,0,97,50,1,1,3,3,0,0,1
1265,STU01102,13,85,1,0,0,1,1,27,18,1,79,68,0,2,2,2,0,0,0
1266,STU01103,13,85,1,0,0,1,1,22,19,1,98,40,1,2,3,3,0,1,0
1267,STU01104,13,85,1,0,0,1,1,28,2,1,81,67,1,2,2,2,1,0,0
1268,STU01105,13,85,1,0,0,1,1,20,6,1,72,99,1,2,0,0,0,0,1
1269,STU01106,13,85,2,1,2,1,1,18,0,0,97,50,1,1,3,3,0,0,1
1270,STU01107,13,85,2,1,2,1,1,27,18,1,79,68,0,2,2,2,0,0,0
1271,STU01108,13,85,2,1,2,1,1,22,19,1,98,40,1,2,3,3,0,1,0
1272,STU01109,13,85,2,1,2,1,1,28,2,1,81,67,1,2,2,2,1,0,0
1273,STU01110,13,85,2,1,2,1,1,20,6,1,72,99,1,2,0,0,0,0,1
1274,STU01111,21,96,1,0,2,1,1,21,15,1,81,63,0,0,2,2,1,0,0
1275,STU01112,21,96,1,0,2,1,1,21,18,1,55,65,0,1,2,2,0,1,0
1276,STU01113,21,96,2,1,1,1,1,21,15,1,81,63,0,0,2,2,1,0,0
1277,STU01114,21,96,2,1,1,1,1,21,18,1,55,65,0,1,2,2,0,1,0
1278,STU01115,21,96,2,1,0,1,1,21,15,1,81,63,0,0,2,2,1,0,0
1279,STU01116,21,96,2,1,0,1,1,21,18,1,55,65,0,1,2,2,0,1,0
1280,STU01117,21,96,0,0,0,1,1,21,15,1,81,63,0,0,2,2,1,0,0
1281,STU01118,21,96,0,0,0,1,1,21,18,1,55,65,0,1,2,2,0,1,0
1282,STU01119,21,96,1,1,1,1,1,21,15,1,81,63,0,0,2,2,1,0,0
1283,STU01120,21,96,1,1,1,1,1,21,18,1,55,65,0,1,2,2,0,1,0
1286,STU01121,21,96,1,1,0,1,1,21,15,1,81,63,0,0,2,2,1,0,0
1287,STU01122,21,96,1,1,0,1,1,21,18,1,55,65,0,1,2,2,0,1,0
1290,STU01123,28,61,2,0,2,1,1,20,6,0,51,93,1,1,0,0,0,0,1
1291,STU01124,28,61,1,0,2,1,1,20,6,0,51,93,1,1,0,0,0,0,1
1292,STU01125,10,82,0,0,1,1,0,23,9,0,71,66,1,1,2,2,0,0,1
1293,STU01126,10,82,0,0,1,1,0,26,0,1,65,89,1,0,0,0,0,1,0
1294,STU01127,21,91,1,0,1,1,0,20,8,1,95,44,1,1,3,3,1,0,0
1295,STU01128,21,91,1,0,1,1,0,26,4,1,86,91,1,2,0,0,1,0,0
1296,STU01129,21,91,1,0,1,1,0,19,4,1,93,95,1,1,0,0,0,1,0
1300,STU01130,21,91,2,0,1,1,0,20,8,1,95,44,1,1,3,3,1,0,0
1301,STU01131,21,91,2,0,1,1,0,26,4,1,86,91,1,2,0,0,1,0,0
1302,STU01132,21,91,2,0,1,1,0,19,4,1,93,95,1,1,0,0,0,1,0
1303,STU01133,21,91,1,1,2,1,0,20,8,1,95,44,1,1,3,3,1,0,0
1304,STU01134,21,91,1,1,2,1,0,26,4,1,86,91,1,2,0,0,1,0,0
1305,STU01135,21,91,1,1,2,1,0,19,4,1,93,95,1,1,0,0,0,1,0
1312,STU01136,21,91,2,1,1,1,0,20,8,1,95,44,1,1,3,3,1,0,0
1313,STU01137,21,91,2,1,1,1,0,26,4,1,86,91,1,2,0,0,1,0,0
1314,STU01138,21,91,2,1,1,1,0,19,4,1,93,95,1,1,0,0,0,1,0
1315,STU01139,21,91,1,0,0,1,0,20,8,1,95,44,1,1,3,3,1,0,0
1316,STU01140,21,91,1,0,0,1,0,26,4,1,86,91,1,2,0,0,1,0,0
1317,STU01141,21,91,1,0,0,1,0,19,4,1,93,95,1,1,0,0,0,1,0
1318,STU01142,21,91,2,1,0,1,0,20,8,1,95,44,1,1,3,3,1,0,0
1319,STU01143,21,91,2,1,0,1,0,26,4,1,86,91,1,2,0,0,1,0,0
1320,STU01144,21,91,2,1,0,1,0,19,4,1,93,95,1,1,0,0,0,1,0
1324,STU01145,22,82,1,0,1,1,0,26,14,1,93,70,0,0,1,1,0,0,0
1325,STU01146,22,82,1,0,1,1,0,21,14,0,97,86,0,2,0,0,0,1,0
1326,STU01147,22,82,1,1,0,1,0,26,14,1,93,70,0,0,1,1,0,0,0
1327,STU01148,22,82,1,1,0,1,0,21,14,0,97,86,0,2,0,0,0,1,0
1328,STU01149,22,82,1,1,2,1,0,26,14,1,93,70,0,0,1,1,0,0,0
1329,STU01150,22,82,1,1,2,1,0,21,14,0,97,86,0,2,0,0,0,1,0
1330,STU01151,22,82,1,0,0,1,0,26,14,1,93,70,0,0,1,1,0,0,0
1331,STU01152,22,82,1,0,0,1,0,21,14,0,97,86,0,2,0,0,0,1,0
1332,STU01153,22,82,2,0,1,0,0,26,14,1,93,70,0,0,1,1,0,0,0
1333,STU01154,22,82,2,0,1,0,0,21,14,0,97,86,0,2,0,0,0,1,0
1334,STU01155,25,73,2,0,2,0,0,25,1,0,82,45,0,2,3,3,0,0,0
1335,STU01156,25,73,2,0,2,0,0,27,4,0,81,62,1,2,2,2,0,0,0
1336,STU01157,25,73,2,0,2,0,0,19,0,0,57,54,1,0,3,3,0,0,1
1337,STU01158,25,73,0,0,1,1,0,25,1,0,82,45,0,2,3,3,0,0,0
1338,STU01159,25,73,0,0,1,1,0,27,4,0,81,62,1,2,2,2,0,0,0
1339,STU01160,25,73,0,0,1,1,0,19,0,0,57,54,1,0,3,3,0,0,1
1340,STU01161,25,73,1,1,0,1,0,25,1,0,82,45,0,2,3,3,0,0,0
1341,STU01162,25,73,1,1,0,1,0,27,4,0,81,62,1,2,2,2,0,0,0
1342,STU01163,25,73,1,1,0,1,0,19,0,0,57,54,1,0,3,3,0,0,1
1343,STU01164,25,73,1,1,1,1,0,25,1,0,82,45,0,2,3,3,0,0,0
1344,STU01165,25,73,1,1,1,1,0,27,4,0,81,62,1,2,2,2,0,0,0
1345,STU01166,25,73,1,1,1,1,0,19,0,0,57,54,1,0,3,3,0,0,1
1352,STU01167,25,73,2,1,1,1,0,25,1,0,82,45,0,2,3,3,0,0,0
1353,STU01168,25,73,2,1,1,1,0,27,4,0,81,62,1,2,2,2,0,0,0
1354,STU01169,25,73,2,1,1,1,0,19,0,0,57,54,1,0,3,3,0,0,1
1358,STU01170,25,73,1,0,2,1,0,25,1,0,82,45,0,2,3,3,0,0,0
1359,STU01171,25,73,1,0,2,1,0,27,4,0,81,62,1,2,2,2,0,0,0
1360,STU01172,25,73,1,0,2,1,0,19,0,0,57,54,1,0,3,3,0,0,1
1361,STU01173,23,79,2,1,0,1,0,29,0,1,98,61,1,2,2,2,1,0,0
1362,STU01174,23,79,2,1,0,1,0,18,19,1,57,54,1,1,3,3,0,0,1
1363,STU01175,23,79,2,1,0,1,0,21,7,1,98,97,1,2,0,0,0,1,0
1364,STU01176,23,79,2,1,0,1,0,23,17,1,51,42,1,1,3,3,1,0,0
1365,STU01177,23,79,1,0,1,1,0,29,0,1,98,61,1,2,2,2,1,0,0
1366,STU01178,23,79,1,0,1,1,0,18,19,1,57,54,1,1,3,3,0,0,1
1367,STU01179,23,79,1,0,1,1,0,21,7,1,98,97,1,2,0,0,0,1,0
1368,STU01180,23,79,1,0,1,1,0,23,17,1,51,42,1,1,3,3,1,0,0
1369,STU01181,23,79,1,1,1,1,0,29,0,1,98,61,1,2,2,2,1,0,0
1370,STU01182,23,79,1,1,1,1,0,18,19,1,57,54,1,1,3,3,0,0,1
1371,STU01183,23,79,1,1,1,1,0,21,7,1,98,97,1,2,0,0,0,1,0
1372,STU01184,23,79,1,1,1,1,0,23,17,1,51,42,1,1,3,3,1,0,0
1377,STU01185,23,79,0,1,0,1,0,29,0,1,98,61,1,2,2,2,1,0,0
1378,STU01186,23,79,0,1,0,1,0,18,19,1,57,54,1,1,3,3,0,0,1
1379,STU01187,23,79,0,1,0,1,0,21,7,1,98,97,1,2,0,0,0,1,0
1380,STU01188,23,79,0,1,0,1,0,23,17,1,51,42,1,1,3,3,1,0,0
1381,STU01189,22,95,2,1,1,1,0,26,6,1,67,49,1,2,3,3,0,0,1
1382,STU01190,22,95,2,1,1,1,0,21,10,1,64,40,1,1,3,3,0,0,0
1383,STU01191,22,95,2,1,1,1,0,22,7,0,56,72,1,2,1,1,1,0,0
1384,STU01192,22,95,2,1,1,1,0,24,6,1,98,92,0,0,0,0,0,1,0
1385,STU01193,22,95,2,1,1,1,0,21,10,1,98,64,0,2,2,2,1,0,0
1386,STU01194,22,95,0,1,1,0,0,26,6,1,67,49,1,2,3,3,0,0,1
1387,STU01195,22,95,0,1,1,0,0,21,10,1,64,40,1,1,3,3,0,0,0
1388,STU01196,22,95,0,1,1,0,0,22,7,0,56,72,1,2,1,1,1,0,0
1389,STU01197,22,95,0,1,1,0,0,24,6,1,98,92,0,0,0,0,0,1,0
1390,STU01198,22,95,0,1,1,0,0,21,10,1,98,64,0,2,2,2,1,0,0
1391,STU01199,22,95,0,0,1,1,0,26,6,1,67,49,1,2,3,3,0,0,1
1392,STU01200,22,95,0,0,1,1,0,21,10,1,64,40,1,1,3,3,0,0,0
1393,STU01201,22,95,0,0,1,1,0,22,7,0,56,72,1,2,1,1,1,0,0
1394,STU01202,22,95,0,0,1,1,0,24,6,1,98,92,0,0,0,0,0,1,0
1395,STU01203,22,95,0,0,1,1,0,21,10,1,98,64,0,2,2,2,1,0,0
1396,STU01204,22,83,2,1,1,1,0,22,18,0,73,44,1,0,3,3,0,0,0
1397,STU01205,22,83,2,1,1,1,0,20,20,1,71,64,1,2,2,2,0,0,1
1398,STU01206,22,83,2,1,1,1,0,20,2,0,66,87,1,2,0,0,0,1,0
1399,STU01207,22,83,1,1,0,0,0,22,18,0,73,44,1,0,3,3,0,0,0
1400,STU01208,22,83,1,1,0,0,0,20,20,1,71,64,1,2,2,2,0,0,1
1401,STU01209,22,83,1,1,0,0,0,20,2,0,66,87,1,2,0,0,0,1,0
1402,STU01210,22,83,2,0,1,0,0,22,18,0,73,44,1,0,3,3,0,0,0
1403,STU01211,22,83,2,0,1,0,0,20,20,1,71,64,1,2,2,2,0,0,1
1404,STU01212,22,83,2,0,1,0,0,20,2,0,66,87,1,2,0,0,0,1,0
1405,STU01213,22,83,2,1,1,0,0,22,18,0,73,44,1,0,3,3,0,0,0
1406,STU01214,22,83,2,1,1,0,0,20,20,1,71,64,1,2,2,2,0,0,1
1407,STU01215,22,83,2,1,1,0,0,20,2,0,66,87,1,2,0,0,0,1,0
1411,STU01216,22,83,0,1,1,1,0,22,18,0,73,44,1,0,3,3,0,0,0
1412,STU01217,22,83,0,1,1,1,0,20,20,1,71,64,1,2,2,2,0,0,1
1413,STU01218,22,83,0,1,1,1,0,20,2,0,66,87,1,2,0,0,0,1,0
1414,STU01219,22,83,1,0,0,1,0,22,18,0,73,44,1,0,3,3,0,0,0
1415,STU01220,22,83,1,0,0,1,0,20,20,1,71,64,1,2,2,2,0,0,1
1416,STU01221,22,83,1,0,0,1,0,20,2,0,66,87,1,2,0,0,0,1,0
1417,STU01222,22,87,2,0,0,1,0,29,6,0,100,61,1,2,2,2,0,0,1
1418,STU01223,22,87,2,0,0,1,0,27,15,1,53,45,1,2,3,3,0,1,0
1419,STU01224,22,87,2,0,0,1,0,27,1,1,83,83,0,1,1,1,0,0,1
1420,STU01225,22,87,2,0,0,1,0,22,18,1,89,86,1,1,0,0,0,1,0
1421,STU01226,22,87,2,0,0,1,0,26,6,1,52,47,0,2,3,3,0,0,1
1422,STU01227,22,87,2,1,1,1,0,29,6,0,100,61,1,2,2,2,0,0,1
1423,STU01228,22,87,2,1,1,1,0,27,15,1,53,45,1,2,3,3,0,1,0
1424,STU01229,22,87,2,1,1,1,0,27,1,1,83,83,0,1,1,1,0,0,1
1425,STU01230,22,87,2,1,1,1,0,22,18,1,89,86,1,1,0,0,0,1,0
1426,STU01231,22,87,2,1,1,1,0,26,6,1,52,47,0,2,3,3,0,0,1
1432,STU01232,22,87,2,1,1,0,0,29,6,0,100,61,1,2,2,2,0,0,1
1433,STU01233,22,87,2,1,1,0,0,27,15,1,53,45,1,2,3,3,0,1,0
1434,STU01234,22,87,2,1,1,0,0,27,1,1,83,83,0,1,1,1,0,0,1
1435,STU01235,22,87,2,1,1,0,0,22,18,1,89,86,1,1,0,0,0,1,0
1436,STU01236,22,87,2,1,1,0,0,26,6,1,52,47,0,2,3,3,0,0,1
1437,STU01237,16,92,2,1,0,1,1,29,16,1,67,66,1,2,2,2,1,0,0
1438,STU01238,16,92,2,1,0,1,1,24,3,1,74,61,1,2,2,2,1,0,0
1439,STU01239,16,92,2,1,0,1,1,25,10,0,84,56,0,2,2,2,1,0,0
1440,STU01240,16,92,1,1,2,1,1,29,16,1,67,66,1,2,2,2,1,0,0
1441,STU01241,16,92,1,1,2,1,1,24,3,1,74,61,1,2,2,2,1,0,0
1442,STU01242,16,92,1,1,2,1,1,25,10,0,84,56,0,2,2,2,1,0,0
1443,STU01243,16,92,2,1,1,1,1,29,16,1,67,66,1,2,2,2,1,0,0
1444,STU01244,16,92,2,1,1,1,1,24,3,1,74,61,1,2,2,2,1,0,0
1445,STU01245,16,92,2,1,1,1,1,25,10,0,84,56,0,2,2,2,1,0,0
1446,STU01246,16,92,1,1,2,0,1,29,16,1,67,66,1,2,2,2,1,0,0
1447,STU01247,16,92,1,1,2,0,1,24,3,1,74,61,1,2,2,2,1,0,0
1448,STU01248,16,92,1,1,2,0,1,25,10,0,84,56,0,2,2,2,1,0,0
1452,STU01249,21,86,1,1,1,1,0,28,3,0,85,69,1,2,2,2,0,0,1
1453,STU01250,21,86,0,0,1,1,0,28,3,0,85,69,1,2,2,2,0,0,1
1454,STU01251,22,76,1,1,1,1,0,19,0,1,50,44,1,2,3,3,0,0,1
1455,STU01252,22,76,0,0,1,1,0,19,0,1,50,44,1,2,3,3,0,0,1
1456,STU01253,22,76,0,0,0,1,0,19,0,1,50,44,1,2,3,3,0,0,1
1458,STU01254,22,76,2,0,0,1,0,19,0,1,50,44,1,2,3,3,0,0,1
1459,STU01255,16,81,1,1,1,1,0,26,9,1,50,50,0,1,3,3,0,0,0
1460,STU01256,16,81,2,1,1,1,0,26,9,1,50,50,0,1,3,3,0,0,0
1461,STU01257,23,75,2,0,0,1,1,28,6,0,73,100,0,2,0,0,0,0,0
1462,STU01258,23,75,2,0,0,1,1,28,0,1,65,85,1,1,0,0,1,0,0
1463,STU01259,23,75,1,0,2,1,1,28,6,0,73,100,0,2,0,0,0,0,0
1464,STU01260,23,75,1,0,2,1,1,28,0,1,65,85,1,1,0,0,1,0,0
1465,STU01261,23,75,0,1,1,1,1,28,6,0,73,100,0,2,0,0,0,0,0
1466,STU01262,23,75,0,1,1,1,1,28,0,1,65,85,1,1,0,0,1,0,0
1469,STU01263,13,76,2,0,0,1,0,22,6,1,85,84,1,0,1,1,0,0,0
1470,STU01264,13,76,2,0,0,1,0,23,10,1,89,63,1,2,2,2,1,0,0
1471,STU01265,13,76,2,0,0,1,0,26,16,0,62,98,1,0,0,0,0,0,0
1472,STU01266,24,64,1,1,2,1,1,28,5,0,81,55,1,0,2,2,0,0,1
1473,STU01267,24,64,1,1,2,1,1,26,17,1,60,63,1,2,2,2,0,0,1
1474,STU01268,24,64,1,1,2,1,1,27,6,0,89,45,1,2,3,3,1,0,0
1475,STU01269,24,64,2,1,2,1,1,28,5,0,81,55,1,0,2,2,0,0,1
1476,STU01270,24,64,2,1,2,1,1,26,17,1,60,63,1,2,2,2,0,0,1
1477,STU01271,24,64,2,1,2,1,1,27,6,0,89,45,1,2,3,3,1,0,0
1478,STU01272,24,64,1,1,0,1,1,28,5,0,81,55,1,0,2,2,0,0,1
1479,STU01273,24,64,1,1,0,1,1,26,17,1,60,63,1,2,2,2,0,0,1
1480,STU01274,24,64,1,1,0,1,1,27,6,0,89,45,1,2,3,3,1,0,0
1481,STU01275,24,64,0,0,1,1,1,28,5,0,81,55,1,0,2,2,0,0,1
1482,STU01276,24,64,0,0,1,1,1,26,17,1,60,63,1,2,2,2,0,0,1
1483,STU01277,24,64,0,0,1,1,1,27,6,0,89,45,1,2,3,3,1,0,0
1484,STU01278,14,97,1,1,1,1,0,19,0,1,75,79,1,2,1,1,1,0,0
1485,STU01279,14,97,1,1,1,1,0,20,6,1,77,57,1,2,2,2,0,0,1
1486,STU01280,14,97,1,1,1,1,0,20,2,1,94,86,1,0,0,0,0,0,0
1487,STU01281,14,97,1,1,1,1,0,29,3,1,93,48,1,1,3,3,0,0,1
1492,STU01282,14,97,0,0,2,1,0,19,0,1,75,79,1,2,1,1,1,0,0
1493,STU01283,14,97,0,0,2,1,0,20,6,1,77,57,1,2,2,2,0,0,1
1494,STU01284,14,97,0,0,2,1,0,20,2,1,94,86,1,0,0,0,0,0,0
1495,STU01285,14,97,0,0,2,1,0,29,3,1,93,48,1,1,3,3,0,0,1
1496,STU01286,14,97,2,0,1,0,0,19,0,1,75,79,1,2,1,1,1,0,0
1497,STU01287,14,97,2,0,1,0,0,20,6,1,77,57,1,2,2,2,0,0,1
1498,STU01288,14,97,2,0,1,0,0,20,2,1,94,86,1,0,0,0,0,0,0
1499,STU01289,14,97,2,0,1,0,0,29,3,1,93,48,1,1,3,3,0,0,1
1504,STU01290,14,97,1,1,2,1,0,19,0,1,75,79,1,2,1,1,1,0,0
1505,STU01291,14,97,1,1,2,1,0,20,6,1,77,57,1,2,2,2,0,0,1
1506,STU01292,14,97,1,1,2,1,0,20,2,1,94,86,1,0,0,0,0,0,0
1507,STU01293,14,97,1,1,2,1,0,29,3,1,93,48,1,1,3,3,0,0,1
1508,STU01294,25,64,2,0,0,1,1,20,4,0,100,93,1,2,0,0,0,0,1
1509,STU01295,25,64,2,0,0,1,1,22,7,1,57,40,1,0,3,3,1,0,0
1510,STU01296,25,64,0,1,1,1,1,20,4,0,100,93,1,2,0,0,0,0,1
1511,STU01297,25,64,0,1,1,1,1,22,7,1,57,40,1,0,3,3,1,0,0
1512,STU01298,25,64,1,1,0,1,1,20,4,0,100,93,1,2,0,0,0,0,1
1513,STU01299,25,64,1,1,0,1,1,22,7,1,57,40,1,0,3,3,1,0,0
1514,STU01300,27,86,1,0,0,1,1,21,15,1,71,67,1,1,2,2,0,0,1
1515,STU01301,27,86,1,0,0,1,1,29,11,1,51,69,1,1,2,2,0,0,1
1516,STU01302,27,86,1,1,0,1,1,21,15,1,71,67,1,1,2,2,0,0,1
1517,STU01303,27,86,1,1,0,1,1,29,11,1,51,69,1,1,2,2,0,0,1
1518,STU01304,27,86,1,1,1,1,1,21,15,1,71,67,1,1,2,2,0,0,1
1519,STU01305,27,86,1,1,1,1,1,29,11,1,51,69,1,1,2,2,0,0,1
1520,STU01306,27,86,1,0,1,1,1,21,15,1,71,67,1,1,2,2,0,0,1
1521,STU01307,27,86,1,0,1,1,1,29,11,1,51,69,1,1,2,2,0,0,1
1522,STU01308,27,86,2,0,1,1,1,21,15,1,71,67,1,1,2,2,0,0,1
1523,STU01309,27,86,2,0,1,1,1,29,11,1,51,69,1,1,2,2,0,0,1
1526,STU01310,15,77,1,1,0,1,1,19,2,0,90,74,0,2,1,1,0,1,0
1527,STU01311,15,77,1,1,0,1,1,28,10,1,51,81,1,2,1,1,0,0,0
1528,STU01312,15,77,1,1,2,1,1,19,2,0,90,74,0,2,1,1,0,1,0
1529,STU01313,15,77,1,1,2,1,1,28,10,1,51,81,1,2,1,1,0,0,0
1534,STU01314,15,77,1,1,1,1,1,19,2,0,90,74,0,2,1,1,0,1,0
1535,STU01315,15,77,1,1,1,1,1,28,10,1,51,81,1,2,1,1,0,0,0
1536,STU01316,15,77,1,1,0,0,1,19,2,0,90,74,0,2,1,1,0,1,0
1537,STU01317,15,77,1,1,0,0,1,28,10,1,51,81,1,2,1,1,0,0,0
1538,STU01318,15,77,2,1,1,1,1,19,2,0,90,74,0,2,1,1,0,1,0
1539,STU01319,15,77,2,1,1,1,1,28,10,1,51,81,1,2,1,1,0,0,0
1540,STU01320,26,76,2,1,1,1,1,28,12,1,77,48,1,2,3,3,0,0,1
1541,STU01321,26,76,2,1,1,1,1,19,20,1,98,49,0,1,3,3,0,0,1
1542,STU01322,26,76,2,1,1,1,1,29,17,1,70,91,1,2,0,0,0,1,0
1543,STU01323,26,76,1,1,1,1,1,28,12,1,77,48,1,2,3,3,0,0,1
1544,STU01324,26,76,1,1,1,1,1,19,20,1,98,49,0,1,3,3,0,0,1
1545,STU01325,26,76,1,1,1,1,1,29,17,1,70,91,1,2,0,0,0,1,0
1549,STU01326,26,76,1,1,2,1,1,28,12,1,77,48,1,2,3,3,0,0,1
1550,STU01327,26,76,1,1,2,1,1,19,20,1,98,49,0,1,3,3,0,0,1
1551,STU01328,26,76,1,1,2,1,1,29,17,1,70,91,1,2,0,0,0,1,0
1552,STU01329,26,76,1,0,0,1,1,28,12,1,77,48,1,2,3,3,0,0,1
1553,STU01330,26,76,1,0,0,1,1,19,20,1,98,49,0,1,3,3,0,0,1
1554,STU01331,26,76,1,0,0,1,1,29,17,1,70,91,1,2,0,0,0,1,0
1555,STU01332,26,76,0,1,0,1,1,28,12,1,77,48,1,2,3,3,0,0,1
1556,STU01333,26,76,0,1,0,1,1,19,20,1,98,49,0,1,3,3,0,0,1
1557,STU01334,26,76,0,1,0,1,1,29,17,1,70,91,1,2,0,0,0,1,0
1558,STU01335,26,76,0,0,2,1,1,28,12,1,77,48,1,2,3,3,0,0,1
1559,STU01336,26,76,0,0,2,1,1,19,20,1,98,49,0,1,3,3,0,0,1
1560,STU01337,26,76,0,0,2,1,1,29,17,1,70,91,1,2,0,0,0,1,0
1561,STU01338,22,87,0,1,1,0,1,18,16,1,100,82,1,2,1,1,0,0,1
1562,STU01339,22,87,1,0,0,1,1,18,16,1,100,82,1,2,1,1,0,0,1
1564,STU01340,31,84,1,1,1,1,1,26,3,0,60,56,1,1,2,2,0,1,0
1565,STU01341,31,84,1,1,1,1,1,22,10,1,91,70,1,2,1,1,0,0,0
1566,STU01342,31,84,1,0,2,1,1,26,3,0,60,56,1,1,2,2,0,1,0
1567,STU01343,31,84,1,0,2,1,1,22,10,1,91,70,1,2,1,1,0,0,0
1568,STU01344,31,84,2,0,0,1,1,26,3,0,60,56,1,1,2,2,0,1,0
1569,STU01345,31,84,2,0,0,1,1,22,10,1,91,70,1,2,1,1,0,0,0
1570,STU01346,31,84,1,0,1,0,1,26,3,0,60,56,1,1,2,2,0,1,0
1571,STU01347,31,84,1,0,1,0,1,22,10,1,91,70,1,2,1,1,0,0,0
1572,STU01348,19,91,0,0,1,1,1,24,20,0,53,66,1,0,2,2,0,0,0
1573,STU01349,19,91,0,0,1,1,1,27,11,1,65,52,1,1,3,3,1,0,0
1574,STU01350,19,91,0,1,1,1,1,24,20,0,53,66,1,0,2,2,0,0,0
1575,STU01351,19,91,0,1,1,1,1,27,11,1,65,52,1,1,3,3,1,0,0
1578,STU01352,19,91,2,1,2,1,1,24,20,0,53,66,1,0,2,2,0,0,0
1579,STU01353,19,91,2,1,2,1,1,27,11,1,65,52,1,1,3,3,1,0,0
1580,STU01354,19,91,1,0,2,1,1,24,20,0,53,66,1,0,2,2,0,0,0
1581,STU01355,19,91,1,0,2,1,1,27,11,1,65,52,1,1,3,3,1,0,0
1582,STU01356,19,91,0,0,2,1,1,24,20,0,53,66,1,0,2,2,0,0,0
1583,STU01357,19,91,0,0,2,1,1,27,11,1,65,52,1,1,3,3,1,0,0
1584,STU01358,15,93,1,0,1,1,1,19,13,0,62,90,1,1,0,0,0,1,0
1585,STU01359,15,93,1,0,1,1,1,22,10,1,50,56,1,1,2,2,0,0,1
1588,STU01360,15,93,1,1,0,1,1,19,13,0,62,90,1,1,0,0,0,1,0
1589,STU01361,15,93,1,1,0,1,1,22,10,1,50,56,1,1,2,2,0,0,1
1590,STU01362,15,67,1,1,2,1,1,18,6,1,61,100,1,2,0,0,1,0,0
1591,STU01363,15,67,1,1,2,1,1,20,17,0,77,85,1,1,0,0,1,0,0
1592,STU01364,15,67,1,0,1,1,1,18,6,1,61,100,1,2,0,0,1,0,0
1593,STU01365,15,67,1,0,1,1,1,20,17,0,77,85,1,1,0,0,1,0,0
1594,STU01366,15,67,1,1,0,1,1,18,6,1,61,100,1,2,0,0,1,0,0
1595,STU01367,15,67,1,1,0,1,1,20,17,0,77,85,1,1,0,0,1,0,0
1596,STU01368,15,67,1,1,1,1,1,18,6,1,61,100,1,2,0,0,1,0,0
1597,STU01369,15,67,1,1,1,1,1,20,17,0,77,85,1,1,0,0,1,0,0
1598,STU01370,15,67,2,1,0,1,1,18,6,1,61,100,1,2,0,0,1,0,0
1599,STU01371,15,67,2,1,0,1,1,20,17,0,77,85,1,1,0,0,1,0,0
1600,STU01372,15,67,2,1,2,1,1,18,6,1,61,100,1,2,0,0,1,0,0
1601,STU01373,15,67,2,1,2,1,1,20,17,0,77,85,1,1,0,0,1,0,0
1610,STU01374,15,67,0,1,1,1,1,18,6,1,61,100,1,2,0,0,1,0,0
1611,STU01375,15,67,0,1,1,1,1,20,17,0,77,85,1,1,0,0,1,0,0
1612,STU01376,15,96,1,0,2,0,1,18,9,0,98,73,0,2,1,1,0,0,0
1613,STU01377,15,96,1,0,1,1,1,18,9,0,98,73,0,2,1,1,0,0,0
1614,STU01378,15,96,2,1,2,1,1,18,9,0,98,73,0,2,1,1,0,0,0
1616,STU01379,15,96,1,1,1,1,1,18,9,0,98,73,0,2,1,1,0,0,0
1617,STU01380,15,96,0,0,2,1,1,18,9,0,98,73,0,2,1,1,0,0,0
1618,STU01381,15,96,2,0,1,1,1,18,9,0,98,73,0,2,1,1,0,0,0
1619,STU01382,20,86,0,0,1,1,0,27,3,1,50,73,1,2,1,1,0,0,1
1620,STU01383,20,86,0,0,1,1,0,24,1,1,73,88,1,2,0,0,1,0,0
1621,STU01384,20,86,0,0,1,1,0,23,18,1,75,76,1,1,1,1,0,0,1
1622,STU01385,20,86,0,0,0,1,0,27,3,1,50,73,1,2,1,1,0,0,1
1623,STU01386,20,86,0,0,0,1,0,24,1,1,73,88,1,2,0,0,1,0,0
1624,STU01387,20,86,0,0,0,1,0,23,18,1,75,76,1,1,1,1,0,0,1
1625,STU01388,22,95,2,0,0,1,1,29,3,1,66,87,0,1,0,0,1,0,0
1626,STU01389,22,95,1,0,1,1,1,29,3,1,66,87,0,1,0,0,1,0,0
1628,STU01390,22,95,2,1,2,1,1,29,3,1,66,87,0,1,0,0,1,0,0
1630,STU01391,22,79,1,0,1,1,1,26,5,0,100,86,1,2,0,0,0,1,0
1632,STU01392,22,79,1,1,2,1,1,26,5,0,100,86,1,2,0,0,0,1,0
1634,STU01393,22,79,2,1,1,1,1,26,5,0,100,86,1,2,0,0,0,1,0
1635,STU01394,22,79,1,1,0,1,1,26,5,0,100,86,1,2,0,0,0,1,0
1636,STU01395,22,79,1,1,1,1,1,26,5,0,100,86,1,2,0,0,0,1,0
1637,STU01396,22,79,0,1,0,1,1,26,5,0,100,86,1,2,0,0,0,1,0
1638,STU01397,22,79,1,0,0,1,1,26,5,0,100,86,1,2,0,0,0,1,0
1639,STU01398,22,79,0,0,1,1,1,26,5,0,100,86,1,2,0,0,0,1,0
1640,STU01399,25,82,1,0,1,0,0,18,14,0,79,72,0,0,1,1,0,1,0
1641,STU01400,25,82,1,0,1,0,0,18,0,0,88,49,1,2,3,3,0,1,0
1642,STU01401,25,82,1,0,2,1,0,18,14,0,79,72,0,0,1,1,0,1,0
1643,STU01402,25,82,1,0,2,1,0,18,0,0,88,49,1,2,3,3,0,1,0
1644,STU01403,25,82,1,1,2,1,0,18,14,0,79,72,0,0,1,1,0,1,0
1645,STU01404,25,82,1,1,2,1,0,18,0,0,88,49,1,2,3,3,0,1,0
1646,STU01405,25,82,1,0,1,1,0,18,14,0,79,72,0,0,1,1,0,1,0
1647,STU01406,25,82,1,0,1,1,0,18,0,0,88,49,1,2,3,3,0,1,0
1648,STU01407,20,97,1,1,0,1,1,23,7,0,85,80,1,0,1,1,0,0,0
1649,STU01408,20,97,1,1,0,1,1,18,3,1,74,91,0,2,0,0,0,1,0
1650,STU01409,20,97,1,1,0,1,1,23,8,0,74,59,1,1,2,2,0,1,0
1651,STU01410,20,97,2,0,1,1,1,23,7,0,85,80,1,0,1,1,0,0,0
1652,STU01411,20,97,2,0,1,1,1,18,3,1,74,91,0,2,0,0,0,1,0
1653,STU01412,20,97,2,0,1,1,1,23,8,0,74,59,1,1,2,2,0,1,0
1654,STU01413,20,97,2,0,0,1,1,23,7,0,85,80,1,0,1,1,0,0,0
1655,STU01414,20,97,2,0,0,1,1,18,3,1,74,91,0,2,0,0,0,1,0
1656,STU01415,20,97,2,0,0,1,1,23,8,0,74,59,1,1,2,2,0,1,0
1657,STU01416,20,97,1,1,2,1,1,23,7,0,85,80,1,0,1,1,0,0,0
1658,STU01417,20,97,1,1,2,1,1,18,3,1,74,91,0,2,0,0,0,1,0
1659,STU01418,20,97,1,1,2,1,1,23,8,0,74,59,1,1,2,2,0,1,0
1663,STU01419,20,97,2,1,1,1,1,23,7,0,85,80,1,0,1,1,0,0,0
1664,STU01420,20,97,2,1,1,1,1,18,3,1,74,91,0,2,0,0,0,1,0
1665,STU01421,20,97,2,1,1,1,1,23,8,0,74,59,1,1,2,2,0,1,0
1666,STU01422,20,97,0,1,0,1,1,23,7,0,85,80,1,0,1,1,0,0,0
1667,STU01423,20,97,0,1,0,1,1,18,3,1,74,91,0,2,0,0,0,1,0
1668,STU01424,20,97,0,1,0,1,1,23,8,0,74,59,1,1,2,2,0,1,0
1669,STU01425,20,97,1,0,1,1,1,23,7,0,85,80,1,0,1,1,0,0,0
1670,STU01426,20,97,1,0,1,1,1,18,3,1,74,91,0,2,0,0,0,1,0
1671,STU01427,20,97,1,0,1,1,1,23,8,0,74,59,1,1,2,2,0,1,0
1672,STU01428,29,96,1,1,0,0,0,28,17,1,62,59,1,2,2,2,0,0,0
1673,STU01429,29,96,0,0,1,1,0,28,17,1,62,59,1,2,2,2,0,0,0
1674,STU01430,29,96,2,1,1,1,0,28,17,1,62,59,1,2,2,2,0,0,0
1675,STU01431,18,78,1,0,2,1,0,29,8,1,50,67,0,2,2,2,0,0,1
1676,STU01432,18,78,0,0,1,1,0,29,8,1,50,67,0,2,2,2,0,0,1
1677,STU01433,18,78,1,1,2,0,0,29,8,1,50,67,0,2,2,2,0,0,1
1678,STU01434,18,78,1,1,0,0,0,29,8,1,50,67,0,2,2,2,0,0,1
1679,STU01435,18,78,0,1,1,1,0,29,8,1,50,67,0,2,2,2,0,0,1
1680,STU01436,18,78,2,1,1,1,0,29,8,1,50,67,0,2,2,2,0,0,1
1681,STU01437,18,78,1,1,1,1,0,29,8,1,50,67,0,2,2,2,0,0,1
1682,STU01438,36,71,1,1,1,1,1,27,17,0,94,60,1,2,2,2,1,0,0
1683,STU01439,36,71,1,1,1,1,1,28,1,1,63,55,1,2,2,2,1,0,0
1684,STU01440,24,76,2,0,0,1,1,29,17,1,76,58,0,1,2,2,1,0,0
1685,STU01441,24,76,2,0,0,1,1,27,4,1,90,98,1,2,0,0,0,0,1
1686,STU01442,24,76,2,0,0,1,1,26,3,0,99,40,1,2,3,3,0,1,0
1687,STU01443,24,76,2,0,0,1,1,19,16,1,53,86,1,2,0,0,0,0,1
1692,STU01444,24,76,1,1,1,1,1,29,17,1,76,58,0,1,2,2,1,0,0
1693,STU01445,24,76,1,1,1,1,1,27,4,1,90,98,1,2,0,0,0,0,1
1694,STU01446,24,76,1,1,1,1,1,26,3,0,99,40,1,2,3,3,0,1,0
1695,STU01447,24,76,1,1,1,1,1,19,16,1,53,86,1,2,0,0,0,0,1
1696,STU01448,24,76,0,1,1,1,1,29,17,1,76,58,0,1,2,2,1,0,0
1697,STU01449,24,76,0,1,1,1,1,27,4,1,90,98,1,2,0,0,0,0,1
1698,STU01450,24,76,0,1,1,1,1,26,3,0,99,40,1,2,3,3,0,1,0
1699,STU01451,24,76,0,1,1,1,1,19,16,1,53,86,1,2,0,0,0,0,1
1700,STU01452,24,76,0,1,0,1,1,29,17,1,76,58,0,1,2,2,1,0,0
1701,STU01453,24,76,0,1,0,1,1,27,4,1,90,98,1,2,0,0,0,0,1
1702,STU01454,24,76,0,1,0,1,1,26,3,0,99,40,1,2,3,3,0,1,0
1703,STU01455,24,76,0,1,0,1,1,19,16,1,53,86,1,2,0,0,0,0,1
1708,STU01456,24,76,1,0,2,1,1,29,17,1,76,58,0,1,2,2,1,0,0
1709,STU01457,24,76,1,0,2,1,1,27,4,1,90,98,1,2,0,0,0,0,1
1710,STU01458,24,76,1,0,2,1,1,26,3,0,99,40,1,2,3,3,0,1,0
1711,STU01459,24,76,1,0,2,1,1,19,16,1,53,86,1,2,0,0,0,0,1
1712,STU01460,24,76,1,0,0,1,1,29,17,1,76,58,0,1,2,2,1,0,0
1713,STU01461,24,76,1,0,0,1,1,27,4,1,90,98,1,2,0,0,0,0,1
1714,STU01462,24,76,1,0,0,1,1,26,3,0,99,40,1,2,3,3,0,1,0
1715,STU01463,24,76,1,0,0,1,1,19,16,1,53,86,1,2,0,0,0,0,1
1716,STU01464,15,76,2,0,1,1,1,28,18,1,61,42,1,2,3,3,0,1,0
1717,STU01465,15,76,2,0,1,1,1,24,20,1,58,88,0,0,0,0,0,1,0
1718,STU01466,14,71,1,1,0,1,1,19,2,0,89,63,0,0,2,2,1,0,0
1719,STU01467,14,71,1,1,0,1,1,19,18,1,60,42,0,0,3,3,0,0,0
1720,STU01468,14,71,1,1,0,1,1,26,20,1,75,90,1,2,0,0,0,0,1
1721,STU01469,23,71,0,1,0,1,1,26,2,1,69,46,0,2,3,3,0,0,1
1722,STU01470,23,71,1,1,1,0,1,26,2,1,69,46,0,2,3,3,0,0,1
1723,STU01471,23,71,0,1,1,1,1,26,2,1,69,46,0,2,3,3,0,0,1
1724,STU01472,23,71,1,1,0,1,1,26,2,1,69,46,0,2,3,3,0,0,1
1725,STU01473,19,94,1,1,1,1,1,20,6,1,69,56,1,2,2,2,1,0,0
1726,STU01474,19,94,1,1,1,1,1,18,20,1,68,43,1,2,3,3,0,0,0
1727,STU01475,19,94,1,1,1,1,1,23,5,0,58,56,1,2,2,2,0,0,1
1728,STU01476,19,94,1,1,1,1,1,23,3,1,83,90,1,2,0,0,0,1,0
1729,STU01477,19,94,1,0,1,1,1,20,6,1,69,56,1,2,2,2,1,0,0
1730,STU01478,19,94,1,0,1,1,1,18,20,1,68,43,1,2,3,3,0,0,0
1731,STU01479,19,94,1,0,1,1,1,23,5,0,58,56,1,2,2,2,0,0,1
1732,STU01480,19,94,1,0,1,1,1,23,3,1,83,90,1,2,0,0,0,1,0
1733,STU01481,19,94,0,1,2,1,1,20,6,1,69,56,1,2,2,2,1,0,0
1734,STU01482,19,94,0,1,2,1,1,18,20,1,68,43,1,2,3,3,0,0,0
1735,STU01483,19,94,0,1,2,1,1,23,5,0,58,56,1,2,2,2,0,0,1
1736,STU01484,19,94,0,1,2,1,1,23,3,1,83,90,1,2,0,0,0,1,0
1737,STU01485,19,94,2,1,1,1,1,20,6,1,69,56,1,2,2,2,1,0,0
1738,STU01486,19,94,2,1,1,1,1,18,20,1,68,43,1,2,3,3,0,0,0
1739,STU01487,19,94,2,1,1,1,1,23,5,0,58,56,1,2,2,2,0,0,1
1740,STU01488,19,94,2,1,1,1,1,23,3,1,83,90,1,2,0,0,0,1,0
1741,STU01489,19,94,2,0,1,1,1,20,6,1,69,56,1,2,2,2,1,0,0
1742,STU01490,19,94,2,0,1,1,1,18,20,1,68,43,1,2,3,3,0,0,0
1743,STU01491,19,94,2,0,1,1,1,23,5,0,58,56,1,2,2,2,0,0,1
1744,STU01492,19,94,2,0,1,1,1,23,3,1,83,90,1,2,0,0,0,1,0
1749,STU01493,24,63,0,1,1,1,0,26,8,1,81,60,1,2,2,2,0,0,1
1750,STU01494,24,63,0,1,1,1,0,27,19,1,95,89,1,2,0,0,0,1,0
1751,STU01495,24,63,0,1,1,1,0,29,4,1,58,88,1,2,0,0,1,0,0
1752,STU01496,24,63,0,1,0,1,0,26,8,1,81,60,1,2,2,2,0,0,1
1753,STU01497,24,63,0,1,0,1,0,27,19,1,95,89,1,2,0,0,0,1,0
1754,STU01498,24,63,0,1,0,1,0,29,4,1,58,88,1,2,0,0,1,0,0
1755,STU01499,24,63,1,0,0,1,0,26,8,1,81,60,1,2,2,2,0,0,1
1756,STU01500,24,63,1,0,0,1,0,27,19,1,95,89,1,2,0,0,0,1,0
1757,STU01501,24,63,1,0,0,1,0,29,4,1,58,88,1,2,0,0,1,0,0
1758,STU01502,24,63,0,0,0,0,0,26,8,1,81,60,1,2,2,2,0,0,1
1759,STU01503,24,63,0,0,0,0,0,27,19,1,95,89,1,2,0,0,0,1,0
1760,STU01504,24,63,0,0,0,0,0,29,4,1,58,88,1,2,0,0,1,0,0
1761,STU01505,24,63,1,1,2,1,0,26,8,1,81,60,1,2,2,2,0,0,1
1762,STU01506,24,63,1,1,2,1,0,27,19,1,95,89,1,2,0,0,0,1,0
1763,STU01507,24,63,1,1,2,1,0,29,4,1,58,88,1,2,0,0,1,0,0
1764,STU01508,24,63,1,0,1,0,0,26,8,1,81,60,1,2,2,2,0,0,1
1765,STU01509,24,63,1,0,1,0,0,27,19,1,95,89,1,2,0,0,0,1,0
1766,STU01510,24,63,1,0,1,0,0,29,4,1,58,88,1,2,0,0,1,0,0
1767,STU01511,23,87,2,1,2,1,1,26,4,0,67,90,1,1,0,0,1,0,0
1768,STU01512,23,87,2,0,1,1,1,26,4,0,67,90,1,1,0,0,1,0,0
1770,STU01513,23,87,1,1,1,1,1,26,4,0,67,90,1,1,0,0,1,0,0
1771,STU01514,23,87,1,0,2,1,1,26,4,0,67,90,1,1,0,0,1,0,0
1772,STU01515,23,87,0,0,1,1,1,26,4,0,67,90,1,1,0,0,1,0,0
1776,STU01516,23,87,2,1,1,1,1,26,4,0,67,90,1,1,0,0,1,0,0
1779,STU01517,20,67,1,1,1,1,1,29,5,1,85,57,1,0,2,2,1,0,0
1780,STU01518,20,67,1,1,1,1,1,24,9,0,83,100,0,2,0,0,0,0,0
1781,STU01519,20,67,1,1,1,1,1,26,5,1,59,63,1,2,2,2,1,0,0
1782,STU01520,20,67,0,0,1,1,1,29,5,1,85,57,1,0,2,2,1,0,0
1783,STU01521,20,67,0,0,1,1,1,24,9,0,83,100,0,2,0,0,0,0,0
1784,STU01522,20,67,0,0,1,1,1,26,5,1,59,63,1,2,2,2,1,0,0
1785,STU01523,20,67,0,1,1,1,1,29,5,1,85,57,1,0,2,2,1,0,0
1786,STU01524,20,67,0,1,1,1,1,24,9,0,83,100,0,2,0,0,0,0,0
1787,STU01525,20,67,0,1,1,1,1,26,5,1,59,63,1,2,2,2,1,0,0
1788,STU01526,20,67,2,0,2,1,1,29,5,1,85,57,1,0,2,2,1,0,0
1789,STU01527,20,67,2,0,2,1,1,24,9,0,83,100,0,2,0,0,0,0,0
1790,STU01528,20,67,2,0,2,1,1,26,5,1,59,63,1,2,2,2,1,0,0
1791,STU01529,20,67,1,0,0,0,1,29,5,1,85,57,1,0,2,2,1,0,0
1792,STU01530,20,67,1,0,0,0,1,24,9,0,83,100,0,2,0,0,0,0,0
1793,STU01531,20,67,1,0,0,0,1,26,5,1,59,63,1,2,2,2,1,0,0
1794,STU01532,15,74,2,1,0,1,0,29,0,1,88,65,1,1,2,2,1,0,0
1795,STU01533,15,74,2,1,0,1,0,19,13,1,67,40,1,2,3,3,0,0,0
1796,STU01534,15,74,0,0,0,1,0,29,0,1,88,65,1,1,2,2,1,0,0
1797,STU01535,15,74,0,0,0,1,0,19,13,1,67,40,1,2,3,3,0,0,0
1798,STU01536,11,62,2,1,1,1,1,23,20,0,72,53,1,2,3,3,0,0,1
1799,STU01537,11,62,2,1,1,1,1,20,15,0,69,85,1,1,0,0,1,0,0
1800,STU01538,11,62,2,1,1,1,1,22,10,0,82,41,1,2,3,3,0,0,0
1801,STU01539,11,62,2,1,1,1,1,24,19,1,69,80,1,1,1,1,0,1,0
1802,STU01540,11,62,2,1,1,1,1,24,20,1,79,71,1,2,1,1,0,1,0
1803,STU01541,11,62,2,1,1,1,1,23,5,0,76,99,1,2,0,0,0,1,0
1810,STU01542,11,62,1,1,2,1,1,23,20,0,72,53,1,2,3,3,0,0,1
1811,STU01543,11,62,1,1,2,1,1,20,15,0,69,85,1,1,0,0,1,0,0
1812,STU01544,11,62,1,1,2,1,1,22,10,0,82,41,1,2,3,3,0,0,0
1813,STU01545,11,62,1,1,2,1,1,24,19,1,69,80,1,1,1,1,0,1,0
1814,STU01546,11,62,1,1,2,1,1,24,20,1,79,71,1,2,1,1,0,1,0
1815,STU01547,11,62,1,1,2,1,1,23,5,0,76,99,1,2,0,0,0,1,0
1816,STU01548,17,71,1,1,1,1,1,23,10,1,68,55,0,0,2,2,0,0,0
1817,STU01549,17,71,1,1,0,1,1,23,10,1,68,55,0,0,2,2,0,0,0
1819,STU01550,17,71,0,1,0,1,1,23,10,1,68,55,0,0,2,2,0,0,0
1822,STU01551,25,91,1,0,0,1,1,28,8,1,62,57,1,2,2,2,1,0,0
1823,STU01552,25,91,1,0,0,1,1,26,16,0,54,68,1,2,2,2,1,0,0
1824,STU01553,25,91,1,0,0,1,1,27,10,1,71,42,0,0,3,3,0,0,1
1825,STU01554,25,91,1,0,0,1,1,20,17,1,73,48,1,2,3,3,0,0,0
1826,STU01555,25,91,1,0,2,1,1,28,8,1,62,57,1,2,2,2,1,0,0
1827,STU01556,25,91,1,0,2,1,1,26,16,0,54,68,1,2,2,2,1,0,0
1828,STU01557,25,91,1,0,2,1,1,27,10,1,71,42,0,0,3,3,0,0,1
1829,STU01558,25,91,1,0,2,1,1,20,17,1,73,48,1,2,3,3,0,0,0
1830,STU01559,25,91,1,0,1,1,1,28,8,1,62,57,1,2,2,2,1,0,0
1831,STU01560,25,91,1,0,1,1,1,26,16,0,54,68,1,2,2,2,1,0,0
1832,STU01561,25,91,1,0,1,1,1,27,10,1,71,42,0,0,3,3,0,0,1
1833,STU01562,25,91,1,0,1,1,1,20,17,1,73,48,1,2,3,3,0,0,0
1834,STU01563,25,91,2,0,1,1,1,28,8,1,62,57,1,2,2,2,1,0,0
1835,STU01564,25,91,2,0,1,1,1,26,16,0,54,68,1,2,2,2,1,0,0
1836,STU01565,25,91,2,0,1,1,1,27,10,1,71,42,0,0,3,3,0,0,1
1837,STU01566,25,91,2,0,1,1,1,20,17,1,73,48,1,2,3,3,0,0,0
1838,STU01567,21,95,1,0,2,1,1,26,2,1,72,100,1,2,0,0,0,1,0
1839,STU01568,21,95,1,0,2,1,1,22,20,1,58,56,0,2,2,2,1,0,0
1840,STU01569,21,95,1,0,2,1,1,24,11,1,88,94,1,2,0,0,0,0,1
1841,STU01570,21,95,1,0,2,1,1,20,15,0,99,71,1,1,1,1,1,0,0
1842,STU01571,21,95,1,0,2,1,1,18,10,1,88,76,1,1,1,1,0,0,1
1843,STU01572,21,95,0,0,0,1,1,26,2,1,72,100,1,2,0,0,0,1,0
1844,STU01573,21,95,0,0,0,1,1,22,20,1,58,56,0,2,2,2,1,0,0
1845,STU01574,21,95,0,0,0,1,1,24,11,1,88,94,1,2,0,0,0,0,1
1846,STU01575,21,95,0,0,0,1,1,20,15,0,99,71,1,1,1,1,1,0,0
1847,STU01576,21,95,0,0,0,1,1,18,10,1,88,76,1,1,1,1,0,0,1
1848,STU01577,21,95,1,0,1,1,1,26,2,1,72,100,1,2,0,0,0,1,0
1849,STU01578,21,95,1,0,1,1,1,22,20,1,58,56,0,2,2,2,1,0,0
1850,STU01579,21,95,1,0,1,1,1,24,11,1,88,94,1,2,0,0,0,0,1
1851,STU01580,21,95,1,0,1,1,1,20,15,0,99,71,1,1,1,1,1,0,0
1852,STU01581,21,95,1,0,1,1,1,18,10,1,88,76,1,1,1,1,0,0,1
1853,STU01582,21,95,1,1,2,1,1,26,2,1,72,100,1,2,0,0,0,1,0
1854,STU01583,21,95,1,1,2,1,1,22,20,1,58,56,0,2,2,2,1,0,0
1855,STU01584,21,95,1,1,2,1,1,24,11,1,88,94,1,2,0,0,0,0,1
1856,STU01585,21,95,1,1,2,1,1,20,15,0,99,71,1,1,1,1,1,0,0
1857,STU01586,21,95,1,1,2,1,1,18,10,1,88,76,1,1,1,1,0,0,1
1858,STU01587,21,95,2,0,1,1,1,26,2,1,72,100,1,2,0,0,0,1,0
1859,STU01588,21,95,2,0,1,1,1,22,20,1,58,56,0,2,2,2,1,0,0
1860,STU01589,21,95,2,0,1,1,1,24,11,1,88,94,1,2,0,0,0,0,1
1861,STU01590,21,95,2,0,1,1,1,20,15,0,99,71,1,1,1,1,1,0,0
1862,STU01591,21,95,2,0,1,1,1,18,10,1,88,76,1,1,1,1,0,0,1
1878,STU01592,21,95,2,1,0,0,1,26,2,1,72,100,1,2,0,0,0,1,0
1879,STU01593,21,95,2,1,0,0,1,22,20,1,58,56,0,2,2,2,1,0,0
1880,STU01594,21,95,2,1,0,0,1,24,11,1,88,94,1,2,0,0,0,0,1
1881,STU01595,21,95,2,1,0,0,1,20,15,0,99,71,1,1,1,1,1,0,0
1882,STU01596,21,95,2,1,0,0,1,18,10,1,88,76,1,1,1,1,0,0,1
1883,STU01597,21,95,2,1,1,0,1,26,2,1,72,100,1,2,0,0,0,1,0
1884,STU01598,21,95,2,1,1,0,1,22,20,1,58,56,0,2,2,2,1,0,0
1885,STU01599,21,95,2,1,1,0,1,24,11,1,88,94,1,2,0,0,0,0,1
1886,STU01600,21,95,2,1,1,0,1,20,15,0,99,71,1,1,1,1,1,0,0
1887,STU01601,21,95,2,1,1,0,1,18,10,1,88,76,1,1,1,1,0,0,1
1888,STU01602,21,95,1,1,1,1,1,26,2,1,72,100,1,2,0,0,0,1,0
1889,STU01603,21,95,1,1,1,1,1,22,20,1,58,56,0,2,2,2,1,0,0
1890,STU01604,21,95,1,1,1,1,1,24,11,1,88,94,1,2,0,0,0,0,1
1891,STU01605,21,95,1,1,1,1,1,20,15,0,99,71,1,1,1,1,1,0,0
1892,STU01606,21,95,1,1,1,1,1,18,10,1,88,76,1,1,1,1,0,0,1
1898,STU01607,13,69,0,1,0,1,0,23,16,1,56,65,0,1,2,2,1,0,0
1899,STU01608,13,69,0,1,0,1,0,18,7,0,74,72,0,2,1,1,0,0,0
1900,STU01609,13,69,0,1,0,1,0,23,12,1,96,61,1,1,2,2,0,0,1
1901,STU01610,13,69,0,1,0,1,0,28,12,1,58,50,0,2,3,3,0,0,0
1906,STU01611,13,69,1,1,0,1,0,23,16,1,56,65,0,1,2,2,1,0,0
1907,STU01612,13,69,1,1,0,1,0,18,7,0,74,72,0,2,1,1,0,0,0
1908,STU01613,13,69,1,1,0,1,0,23,12,1,96,61,1,1,2,2,0,0,1
1909,STU01614,13,69,1,1,0,1,0,28,12,1,58,50,0,2,3,3,0,0,0
1910,STU01615,13,69,0,1,2,0,0,23,16,1,56,65,0,1,2,2,1,0,0
1911,STU01616,13,69,0,1,2,0,0,18,7,0,74,72,0,2,1,1,0,0,0
1912,STU01617,13,69,0,1,2,0,0,23,12,1,96,61,1,1,2,2,0,0,1
1913,STU01618,13,69,0,1,2,0,0,28,12,1,58,50,0,2,3,3,0,0,0
1914,STU01619,21,79,2,1,0,1,1,19,9,1,59,80,0,2,1,1,0,0,1
1915,STU01620,21,79,2,1,0,1,1,23,10,1,85,55,1,2,2,2,1,0,0
1916,STU01621,21,79,2,1,0,1,1,26,1,1,75,75,1,2,1,1,1,0,0
1917,STU01622,21,79,1,0,0,1,1,19,9,1,59,80,0,2,1,1,0,0,1
1918,STU01623,21,79,1,0,0,1,1,23,10,1,85,55,1,2,2,2,1,0,0
1919,STU01624,21,79,1,0,0,1,1,26,1,1,75,75,1,2,1,1,1,0,0
1920,STU01625,21,79,0,1,1,1,1,19,9,1,59,80,0,2,1,1,0,0,1
1921,STU01626,21,79,0,1,1,1,1,23,10,1,85,55,1,2,2,2,1,0,0
1922,STU01627,21,79,0,1,1,1,1,26,1,1,75,75,1,2,1,1,1,0,0
1923,STU01628,21,79,1,1,0,1,1,19,9,1,59,80,0,2,1,1,0,0,1
1924,STU01629,21,79,1,1,0,1,1,23,10,1,85,55,1,2,2,2,1,0,0
1925,STU01630,21,79,1,1,0,1,1,26,1,1,75,75,1,2,1,1,1,0,0
1926,STU01631,21,79,1,1,2,1,1,19,9,1,59,80,0,2,1,1,0,0,1
1927,STU01632,21,79,1,1,2,1,1,23,10,1,85,55,1,2,2,2,1,0,0
1928,STU01633,21,79,1,1,2,1,1,26,1,1,75,75,1,2,1,1,1,0,0
1929,STU01634,21,79,2,1,1,1,1,19,9,1,59,80,0,2,1,1,0,0,1
1930,STU01635,21,79,2,1,1,1,1,23,10,1,85,55,1,2,2,2,1,0,0
1931,STU01636,21,79,2,1,1,1,1,26,1,1,75,75,1,2,1,1,1,0,0
1932,STU01637,21,79,0,1,0,1,1,19,9,1,59,80,0,2,1,1,0,0,1
1933,STU01638,21,79,0,1,0,1,1,23,10,1,85,55,1,2,2,2,1,0,0
1934,STU01639,21,79,0,1,0,1,1,26,1,1,75,75,1,2,1,1,1,0,0
1938,STU01640,21,79,1,1,1,1,1,19,9,1,59,80,0,2,1,1,0,0,1
1939,STU01641,21,79,1,1,1,1,1,23,10,1,85,55,1,2,2,2,1,0,0
1940,STU01642,21,79,1,1,1,1,1,26,1,1,75,75,1,2,1,1,1,0,0
1941,STU01643,21,79,0,1,2,1,1,19,9,1,59,80,0,2,1,1,0,0,1
1942,STU01644,21,79,0,1,2,1,1,23,10,1,85,55,1,2,2,2,1,0,0
1943,STU01645,21,79,0,1,2,1,1,26,1,1,75,75,1,2,1,1,1,0,0
1950,STU01646,21,91,2,1,1,1,1,26,10,0,83,98,0,2,0,0,0,0,0
1952,STU01647,21,91,1,1,2,1,1,26,10,0,83,98,0,2,0,0,0,0,0
1953,STU01648,20,81,1,1,2,0,1,19,2,1,73,56,0,0,2,2,0,0,0
1954,STU01649,20,81,1,1,2,0,1,22,12,1,83,81,1,2,1,1,0,1,0
1955,STU01650,20,81,1,1,0,1,1,19,2,1,73,56,0,0,2,2,0,0,0
1956,STU01651,20,81,1,1,0,1,1,22,12,1,83,81,1,2,1,1,0,1,0
1957,STU01652,20,81,1,1,1,1,1,19,2,1,73,56,0,0,2,2,0,0,0
1958,STU01653,20,81,1,1,1,1,1,22,12,1,83,81,1,2,1,1,0,1,0
1959,STU01654,20,81,2,1,0,0,1,19,2,1,73,56,0,0,2,2,0,0,0
1960,STU01655,20,81,2,1,0,0,1,22,12,1,83,81,1,2,1,1,0,1,0
1961,STU01656,20,81,2,1,1,1,1,19,2,1,73,56,0,0,2,2,0,0,0
1962,STU01657,20,81,2,1,1,1,1,22,12,1,83,81,1,2,1,1,0,1,0
1963,STU01658,20,81,1,0,1,1,1,19,2,1,73,56,0,0,2,2,0,0,0
1964,STU01659,20,81,1,0,1,1,1,22,12,1,83,81,1,2,1,1,0,1,0
1965,STU01660,13,87,0,1,1,1,0,28,11,0,88,61,1,0,2,2,0,0,1
1966,STU01661,13,87,1,0,0,1,0,28,11,0,88,61,1,0,2,2,0,0,1
1967,STU01662,13,87,0,1,2,1,0,28,11,0,88,61,1,0,2,2,0,0,1
1968,STU01663,22,94,1,1,2,1,0,28,13,1,83,56,0,2,2,2,0,0,1
1969,STU01664,22,94,1,1,2,1,0,23,11,1,98,96,1,0,0,0,0,0,1
1970,STU01665,22,94,1,1,1,1,0,28,13,1,83,56,0,2,2,2,0,0,1
1971,STU01666,22,94,1,1,1,1,0,23,11,1,98,96,1,0,0,0,0,0,1
1972,STU01667,22,94,0,0,2,1,0,28,13,1,83,56,0,2,2,2,0,0,1
1973,STU01668,22,94,0,0,2,1,0,23,11,1,98,96,1,0,0,0,0,0,1
1974,STU01669,23,60,1,1,1,1,1,27,12,1,92,67,0,1,2,2,0,1,0
1975,STU01670,23,60,1,1,1,1,1,19,16,0,93,60,1,2,2,2,0,1,0
1976,STU01671,23,60,1,1,1,1,1,29,15,0,63,62,1,1,2,2,0,0,1
1977,STU01672,12,90,0,1,1,0,1,24,7,0,88,94,0,2,0,0,1,0,0
1978,STU01673,12,90,0,1,1,0,1,18,0,0,62,70,0,2,1,1,1,0,0
1979,STU01674,12,90,0,1,1,0,1,20,5,1,67,73,1,1,1,1,0,0,0
1980,STU01675,12,90,2,0,0,1,1,24,7,0,88,94,0,2,0,0,1,0,0
1981,STU01676,12,90,2,0,0,1,1,18,0,0,62,70,0,2,1,1,1,0,0
1982,STU01677,12,90,2,0,0,1,1,20,5,1,67,73,1,1,1,1,0,0,0
1983,STU01678,12,90,2,1,0,0,1,24,7,0,88,94,0,2,0,0,1,0,0
1984,STU01679,12,90,2,1,0,0,1,18,0,0,62,70,0,2,1,1,1,0,0
1985,STU01680,12,90,2,1,0,0,1,20,5,1,67,73,1,1,1,1,0,0,0
1986,STU01681,12,90,2,1,1,1,1,24,7,0,88,94,0,2,0,0,1,0,0
1987,STU01682,12,90,2,1,1,1,1,18,0,0,62,70,0,2,1,1,1,0,0
1988,STU01683,12,90,2,1,1,1,1,20,5,1,67,73,1,1,1,1,0,0,0
1989,STU01684,12,90,0,1,0,1,1,24,7,0,88,94,0,2,0,0,1,0,0
1990,STU01685,12,90,0,1,0,1,1,18,0,0,62,70,0,2,1,1,1,0,0
1991,STU01686,12,90,0,1,0,1,1,20,5,1,67,73,1,1,1,1,0,0,0
1992,STU01687,12,90,0,1,1,1,1,24,7,0,88,94,0,2,0,0,1,0,0
1993,STU01688,12,90,0,1,1,1,1,18,0,0,62,70,0,2,1,1,1,0,0
1994,STU01689,12,90,0,1,1,1,1,20,5,1,67,73,1,1,1,1,0,0,0
1995,STU01690,14,82,1,0,1,1,1,19,1,1,60,41,1,2,3,3,0,0,1
1996,STU01691,14,82,1,0,1,1,1,27,4,1,70,78,1,2,1,1,0,1,0
1997,STU01692,14,82,1,0,1,1,1,20,3,0,63,48,1,1,3,3,0,0,0
1998,STU01693,14,82,1,0,0,1,1,19,1,1,60,41,1,2,3,3,0,0,1
1999,STU01694,14,82,1,0,0,1,1,27,4,1,70,78,1,2,1,1,0,1,0
2000,STU01695,14,82,1,0,0,1,1,20,3,0,63,48,1,1,3,3,0,0,0
2001,STU01696,14,82,1,1,1,1,1,19,1,1,60,41,1,2,3,3,0,0,1
2002,STU01697,14,82,1,1,1,1,1,27,4,1,70,78,1,2,1,1,0,1,0
2003,STU01698,14,82,1,1,1,1,1,20,3,0,63,48,1,1,3,3,0,0,0
2007,STU01699,14,82,0,1,2,1,1,19,1,1,60,41,1,2,3,3,0,0,1
2008,STU01700,14,82,0,1,2,1,1,27,4,1,70,78,1,2,1,1,0,1,0
2009,STU01701,14,82,0,1,2,1,1,20,3,0,63,48,1,1,3,3,0,0,0
2010,STU01702,14,82,2,0,0,1,1,19,1,1,60,41,1,2,3,3,0,0,1
2011,STU01703,14,82,2,0,0,1,1,27,4,1,70,78,1,2,1,1,0,1,0
2012,STU01704,14,82,2,0,0,1,1,20,3,0,63,48,1,1,3,3,0,0,0
2013,STU01705,23,81,1,1,1,1,1,20,3,1,59,57,1,2,2,2,1,0,0
2014,STU01706,23,81,1,1,1,1,1,19,5,1,90,54,1,2,3,3,0,1,0
2015,STU01707,23,81,1,1,1,1,1,27,6,1,79,57,1,2,2,2,0,0,0
2016,STU01708,23,81,0,0,1,1,1,20,3,1,59,57,1,2,2,2,1,0,0
2017,STU01709,23,81,0,0,1,1,1,19,5,1,90,54,1,2,3,3,0,1,0
2018,STU01710,23,81,0,0,1,1,1,27,6,1,79,57,1,2,2,2,0,0,0
2019,STU01711,23,81,1,0,0,1,1,20,3,1,59,57,1,2,2,2,1,0,0
2020,STU01712,23,81,1,0,0,1,1,19,5,1,90,54,1,2,3,3,0,1,0
2021,STU01713,23,81,1,0,0,1,1,27,6,1,79,57,1,2,2,2,0,0,0
2025,STU01714,23,81,1,0,1,1,1,20,3,1,59,57,1,2,2,2,1,0,0
2026,STU01715,23,81,1,0,1,1,1,19,5,1,90,54,1,2,3,3,0,1,0
2027,STU01716,23,81,1,0,1,1,1,27,6,1,79,57,1,2,2,2,0,0,0
2028,STU01717,23,81,1,0,2,1,1,20,3,1,59,57,1,2,2,2,1,0,0
2029,STU01718,23,81,1,0,2,1,1,19,5,1,90,54,1,2,3,3,0,1,0
2030,STU01719,23,81,1,0,2,1,1,27,6,1,79,57,1,2,2,2,0,0,0
2031,STU01720,23,81,2,0,0,1,1,20,3,1,59,57,1,2,2,2,1,0,0
2032,STU01721,23,81,2,0,0,1,1,19,5,1,90,54,1,2,3,3,0,1,0
2033,STU01722,23,81,2,0,0,1,1,27,6,1,79,57,1,2,2,2,0,0,0
2034,STU01723,23,74,2,1,0,1,1,22,4,1,61,84,1,2,1,1,0,1,0
2035,STU01724,23,74,2,1,0,1,1,28,14,1,72,56,0,2,2,2,0,1,0
2036,STU01725,23,74,2,1,0,1,1,26,1,1,65,62,1,2,2,2,0,0,1
2037,STU01726,23,74,0,0,0,1,1,22,4,1,61,84,1,2,1,1,0,1,0
2038,STU01727,23,74,0,0,0,1,1,28,14,1,72,56,0,2,2,2,0,1,0
2039,STU01728,23,74,0,0,0,1,1,26,1,1,65,62,1,2,2,2,0,0,1
2043,STU01729,23,74,1,0,1,1,1,22,4,1,61,84,1,2,1,1,0,1,0
2044,STU01730,23,74,1,0,1,1,1,28,14,1,72,56,0,2,2,2,0,1,0
2045,STU01731,23,74,1,0,1,1,1,26,1,1,65,62,1,2,2,2,0,0,1
2046,STU01732,23,74,2,1,1,1,1,22,4,1,61,84,1,2,1,1,0,1,0
2047,STU01733,23,74,2,1,1,1,1,28,14,1,72,56,0,2,2,2,0,1,0
2048,STU01734,23,74,2,1,1,1,1,26,1,1,65,62,1,2,2,2,0,0,1
2049,STU01735,23,74,2,1,0,0,1,22,4,1,61,84,1,2,1,1,0,1,0
2050,STU01736,23,74,2,1,0,0,1,28,14,1,72,56,0,2,2,2,0,1,0
2051,STU01737,23,74,2,1,0,0,1,26,1,1,65,62,1,2,2,2,0,0,1
2052,STU01738,23,74,1,1,1,0,1,22,4,1,61,84,1,2,1,1,0,1,0
2053,STU01739,23,74,1,1,1,0,1,28,14,1,72,56,0,2,2,2,0,1,0
2054,STU01740,23,74,1,1,1,0,1,26,1,1,65,62,1,2,2,2,0,0,1
2055,STU01741,43,86,1,1,1,1,0,27,2,1,56,58,0,0,2,2,0,0,1
2056,STU01742,23,77,2,1,0,1,0,23,10,0,55,64,0,2,2,2,0,0,1
2057,STU01743,23,77,2,1,0,1,0,22,0,0,90,78,0,2,1,1,0,0,1
2058,STU01744,23,77,2,1,0,1,0,29,16,0,52,91,1,1,0,0,0,0,0
2059,STU01745,23,77,2,1,0,1,0,22,19,1,59,51,1,1,3,3,0,1,0
2060,STU01746,23,77,2,1,1,1,0,23,10,0,55,64,0,2,2,2,0,0,1
2061,STU01747,23,77,2,1,1,1,0,22,0,0,90,78,0,2,1,1,0,0,1
2062,STU01748,23,77,2,1,1,1,0,29,16,0,52,91,1,1,0,0,0,0,0
2063,STU01749,23,77,2,1,1,1,0,22,19,1,59,51,1,1,3,3,0,1,0
2064,STU01750,23,77,1,1,1,1,0,23,10,0,55,64,0,2,2,2,0,0,1
2065,STU01751,23,77,1,1,1,1,0,22,0,0,90,78,0,2,1,1,0,0,1
2066,STU01752,23,77,1,1,1,1,0,29,16,0,52,91,1,1,0,0,0,0,0
2067,STU01753,23,77,1,1,1,1,0,22,19,1,59,51,1,1,3,3,0,1,0
2068,STU01754,27,89,2,1,1,1,1,27,19,0,51,67,1,2,2,2,0,0,1
2069,STU01755,27,89,2,1,1,1,1,18,17,1,77,75,0,0,1,1,0,0,0
2070,STU01756,27,89,2,1,1,1,1,25,20,1,98,97,1,0,0,0,0,1,0
2071,STU01757,27,89,1,0,1,1,1,27,19,0,51,67,1,2,2,2,0,0,1
2072,STU01758,27,89,1,0,1,1,1,18,17,1,77,75,0,0,1,1,0,0,0
2073,STU01759,27,89,1,0,1,1,1,25,20,1,98,97,1,0,0,0,0,1,0
2074,STU01760,26,94,2,0,2,1,1,29,13,1,100,86,0,2,0,0,0,1,0
2075,STU01761,26,94,2,0,2,1,1,21,20,0,72,74,0,2,1,1,1,0,0
2076,STU01762,26,94,1,1,0,1,1,29,13,1,100,86,0,2,0,0,0,1,0
2077,STU01763,26,94,1,1,0,1,1,21,20,0,72,74,0,2,1,1,1,0,0
2078,STU01764,26,94,0,1,0,1,1,29,13,1,100,86,0,2,0,0,0,1,0
2079,STU01765,26,94,0,1,0,1,1,21,20,0,72,74,0,2,1,1,1,0,0
2082,STU01766,24,66,0,0,0,1,0,22,3,0,56,84,0,0,1,1,0,1,0
2083,STU01767,18,78,1,1,1,0,1,24,15,1,76,83,0,2,1,1,0,1,0
2084,STU01768,18,78,1,1,0,1,1,24,15,1,76,83,0,2,1,1,0,1,0
2085,STU01769,18,78,2,1,0,1,1,24,15,1,76,83,0,2,1,1,0,1,0
2086,STU01770,18,78,2,1,2,1,1,24,15,1,76,83,0,2,1,1,0,1,0
2087,STU01771,18,78,1,0,1,1,1,24,15,1,76,83,0,2,1,1,0,1,0
2088,STU01772,18,78,2,0,2,1,1,24,15,1,76,83,0,2,1,1,0,1,0
2089,STU01773,18,78,0,1,2,1,1,24,15,1,76,83,0,2,1,1,0,1,0
2090,STU01774,18,78,1,0,0,0,1,24,15,1,76,83,0,2,1,1,0,1,0
2091,STU01775,25,76,1,1,2,1,0,22,20,1,98,68,0,1,2,2,0,1,0
2092,STU01776,25,76,1,1,2,1,0,22,20,1,56,83,0,2,1,1,0,1,0
2093,STU01777,25,76,2,1,1,1,0,22,20,1,98,68,0,1,2,2,0,1,0
2094,STU01778,25,76,2,1,1,1,0,22,20,1,56,83,0,2,1,1,0,1,0
2095,STU01779,25,76,2,0,2,1,0,22,20,1,98,68,0,1,2,2,0,1,0
2096,STU01780,25,76,2,0,2,1,0,22,20,1,56,83,0,2,1,1,0,1,0
2099,STU01781,25,76,0,1,1,1,0,22,20,1,98,68,0,1,2,2,0,1,0
2100,STU01782,25,76,0,1,1,1,0,22,20,1,56,83,0,2,1,1,0,1,0
2101,STU01783,15,87,2,1,1,1,1,29,6,0,59,59,1,1,2,2,0,0,0
2102,STU01784,15,87,2,1,1,1,1,18,10,0,95,87,1,2,0,0,0,1,0
2103,STU01785,15,87,2,1,1,1,1,24,11,1,52,97,1,2,0,0,0,1,0
2104,STU01786,15,87,1,0,1,1,1,29,6,0,59,59,1,1,2,2,0,0,0
2105,STU01787,15,87,1,0,1,1,1,18,10,0,95,87,1,2,0,0,0,1,0
2106,STU01788,15,87,1,0,1,1,1,24,11,1,52,97,1,2,0,0,0,1,0
2107,STU01789,15,87,0,1,2,1,1,29,6,0,59,59,1,1,2,2,0,0,0
2108,STU01790,15,87,0,1,2,1,1,18,10,0,95,87,1,2,0,0,0,1,0
2109,STU01791,15,87,0,1,2,1,1,24,11,1,52,97,1,2,0,0,0,1,0
2110,STU01792,15,87,1,1,1,1,1,29,6,0,59,59,1,1,2,2,0,0,0
2111,STU01793,15,87,1,1,1,1,1,18,10,0,95,87,1,2,0,0,0,1,0
2112,STU01794,15,87,1,1,1,1,1,24,11,1,52,97,1,2,0,0,0,1,0
2116,STU01795,19,70,0,0,2,1,1,26,8,1,56,77,1,2,1,1,0,0,1
2117,STU01796,19,70,0,0,2,1,1,23,6,0,53,91,1,0,0,0,0,0,0
2118,STU01797,19,70,1,0,0,0,1,26,8,1,56,77,1,2,1,1,0,0,1
2119,STU01798,19,70,1,0,0,0,1,23,6,0,53,91,1,0,0,0,0,0,0
2120,STU01799,19,70,0,1,0,1,1,26,8,1,56,77,1,2,1,1,0,0,1
2121,STU01800,19,70,0,1,0,1,1,23,6,0,53,91,1,0,0,0,0,0,0
2122,STU01801,19,70,1,1,0,1,1,26,8,1,56,77,1,2,1,1,0,0,1
2123,STU01802,19,70,1,1,0,1,1,23,6,0,53,91,1,0,0,0,0,0,0
2124,STU01803,19,70,0,0,1,1,1,26,8,1,56,77,1,2,1,1,0,0,1
2125,STU01804,19,70,0,0,1,1,1,23,6,0,53,91,1,0,0,0,0,0,0
2126,STU01805,19,70,1,0,1,1,1,26,8,1,56,77,1,2,1,1,0,0,1
2127,STU01806,19,70,1,0,1,1,1,23,6,0,53,91,1,0,0,0,0,0,0
2128,STU01807,19,70,2,1,1,1,1,26,8,1,56,77,1,2,1,1,0,0,1
2129,STU01808,19,70,2,1,1,1,1,23,6,0,53,91,1,0,0,0,0,0,0
2130,STU01809,20,95,1,1,0,0,0,26,1,1,71,55,1,0,2,2,1,0,0
2131,STU01810,20,95,0,1,0,0,0,26,1,1,71,55,1,0,2,2,1,0,0
2133,STU01811,20,95,1,1,0,1,0,26,1,1,71,55,1,0,2,2,1,0,0
2134,STU01812,20,95,1,0,1,1,0,26,1,1,71,55,1,0,2,2,1,0,0
2135,STU01813,20,95,1,1,1,1,0,26,1,1,71,55,1,0,2,2,1,0,0
2136,STU01814,20,95,1,0,2,1,0,26,1,1,71,55,1,0,2,2,1,0,0
2137,STU01815,20,95,0,0,2,1,0,26,1,1,71,55,1,0,2,2,1,0,0
2138,STU01816,10,64,2,0,2,1,0,19,17,0,61,65,0,2,2,2,0,0,1
2139,STU01817,10,64,2,0,2,1,0,19,9,1,62,68,1,0,2,2,1,0,0
2140,STU01818,10,64,2,0,2,1,0,23,13,1,67,59,0,1,2,2,0,1,0
2141,STU01819,10,64,2,0,2,1,0,23,1,1,62,40,0,2,3,3,0,0,0
2142,STU01820,10,64,0,0,0,1,0,19,17,0,61,65,0,2,2,2,0,0,1
2143,STU01821,10,64,0,0,0,1,0,19,9,1,62,68,1,0,2,2,1,0,0
2144,STU01822,10,64,0,0,0,1,0,23,13,1,67,59,0,1,2,2,0,1,0
2145,STU01823,10,64,0,0,0,1,0,23,1,1,62,40,0,2,3,3,0,0,0
2146,STU01824,17,69,1,1,1,1,0,29,2,0,78,97,1,2,0,0,1,0,0
2147,STU01825,17,69,1,0,1,1,0,29,2,0,78,97,1,2,0,0,1,0,0
2148,STU01826,27,98,2,1,0,1,0,28,4,0,73,42,1,1,3,3,0,0,1
2149,STU01827,27,98,2,1,0,1,0,19,1,0,90,84,1,1,1,1,0,0,1
2150,STU01828,27,98,1,1,0,0,0,28,4,0,73,42,1,1,3,3,0,0,1
2151,STU01829,27,98,1,1,0,0,0,19,1,0,90,84,1,1,1,1,0,0,1
2152,STU01830,27,98,2,0,1,1,0,28,4,0,73,42,1,1,3,3,0,0,1
2153,STU01831,27,98,2,0,1,1,0,19,1,0,90,84,1,1,1,1,0,0,1
2156,STU01832,20,98,0,0,0,1,0,27,7,1,88,71,0,2,1,1,0,0,1
2157,STU01833,20,98,1,1,2,0,0,27,7,1,88,71,0,2,1,1,0,0,1
2158,STU01834,20,98,0,1,0,1,0,27,7,1,88,71,0,2,1,1,0,0,1
2159,STU01835,20,98,1,1,0,0,0,27,7,1,88,71,0,2,1,1,0,0,1
2160,STU01836,20,98,2,1,1,0,0,27,7,1,88,71,0,2,1,1,0,0,1
2161,STU01837,20,98,1,0,1,1,0,27,7,1,88,71,0,2,1,1,0,0,1
2162,STU01838,20,98,2,0,1,1,0,27,7,1,88,71,0,2,1,1,0,0,1
2163,STU01839,20,98,2,1,1,1,0,27,7,1,88,71,0,2,1,1,0,0,1
2164,STU01840,14,64,1,1,1,1,1,21,12,0,53,58,1,2,2,2,0,1,0
2165,STU01841,14,64,2,0,0,1,1,21,12,0,53,58,1,2,2,2,0,1,0
2166,STU01842,16,61,1,0,0,1,1,25,7,1,77,68,1,1,2,2,0,0,1
2167,STU01843,16,61,1,0,0,1,1,25,15,0,84,53,1,2,3,3,1,0,0
2168,STU01844,16,61,1,0,0,1,1,25,18,0,91,78,0,0,1,1,0,0,0
2169,STU01845,16,61,0,0,2,1,1,25,7,1,77,68,1,1,2,2,0,0,1
2170,STU01846,16,61,0,0,2,1,1,25,15,0,84,53,1,2,3,3,1,0,0
2171,STU01847,16,61,0,0,2,1,1,25,18,0,91,78,0,0,1,1,0,0,0
2172,STU01848,16,61,0,1,1,1,1,25,7,1,77,68,1,1,2,2,0,0,1
2173,STU01849,16,61,0,1,1,1,1,25,15,0,84,53,1,2,3,3,1,0,0
2174,STU01850,16,61,0,1,1,1,1,25,18,0,91,78,0,0,1,1,0,0,0
2175,STU01851,16,61,2,0,1,1,1,25,7,1,77,68,1,1,2,2,0,0,1
2176,STU01852,16,61,2,0,1,1,1,25,15,0,84,53,1,2,3,3,1,0,0
2177,STU01853,16,61,2,0,1,1,1,25,18,0,91,78,0,0,1,1,0,0,0
2178,STU01854,16,61,2,1,1,1,1,25,7,1,77,68,1,1,2,2,0,0,1
2179,STU01855,16,61,2,1,1,1,1,25,15,0,84,53,1,2,3,3,1,0,0
2180,STU01856,16,61,2,1,1,1,1,25,18,0,91,78,0,0,1,1,0,0,0
2181,STU01857,16,61,2,0,2,1,1,25,7,1,77,68,1,1,2,2,0,0,1
2182,STU01858,16,61,2,0,2,1,1,25,15,0,84,53,1,2,3,3,1,0,0
2183,STU01859,16,61,2,0,2,1,1,25,18,0,91,78,0,0,1,1,0,0,0
2184,STU01860,16,61,1,1,0,1,1,25,7,1,77,68,1,1,2,2,0,0,1
2185,STU01861,16,61,1,1,0,1,1,25,15,0,84,53,1,2,3,3,1,0,0
2186,STU01862,16,61,1,1,0,1,1,25,18,0,91,78,0,0,1,1,0,0,0
2187,STU01863,16,61,2,1,2,1,1,25,7,1,77,68,1,1,2,2,0,0,1
2188,STU01864,16,61,2,1,2,1,1,25,15,0,84,53,1,2,3,3,1,0,0
2189,STU01865,16,61,2,1,2,1,1,25,18,0,91,78,0,0,1,1,0,0,0
2190,STU01866,24,66,0,1,2,1,1,19,11,1,69,62,1,1,2,2,1,0,0
2191,STU01867,24,66,0,1,2,1,1,21,10,1,69,64,1,2,2,2,0,0,1
2192,STU01868,24,66,2,0,1,1,1,19,11,1,69,62,1,1,2,2,1,0,0
2193,STU01869,24,66,2,0,1,1,1,21,10,1,69,64,1,2,2,2,0,0,1
2196,STU01870,24,66,1,1,0,1,1,19,11,1,69,62,1,1,2,2,1,0,0
2197,STU01871,24,66,1,1,0,1,1,21,10,1,69,64,1,2,2,2,0,0,1
2198,STU01872,24,66,1,0,1,0,1,19,11,1,69,62,1,1,2,2,1,0,0
2199,STU01873,24,66,1,0,1,0,1,21,10,1,69,64,1,2,2,2,0,0,1
2200,STU01874,16,100,0,1,2,1,1,18,15,0,80,76,1,2,1,1,0,0,1
2201,STU01875,16,100,0,1,2,1,1,20,15,0,78,77,0,0,1,1,0,1,0
2202,STU01876,16,100,2,1,1,1,1,18,15,0,80,76,1,2,1,1,0,0,1
2203,STU01877,16,100,2,1,1,1,1,20,15,0,78,77,0,0,1,1,0,1,0
2204,STU01878,16,100,2,1,2,1,1,18,15,0,80,76,1,2,1,1,0,0,1
2205,STU01879,16,100,2,1,2,1,1,20,15,0,78,77,0,0,1,1,0,1,0
2206,STU01880,21,67,1,0,0,1,0,27,0,0,73,89,1,0,0,0,0,0,0
2207,STU01881,21,67,1,0,0,1,0,26,5,1,99,60,1,2,2,2,1,0,0
2208,STU01882,21,67,1,0,0,1,0,19,6,0,72,100,0,2,0,0,0,0,1
2209,STU01883,21,67,2,0,1,1,0,27,0,0,73,89,1,0,0,0,0,0,0
2210,STU01884,21,67,2,0,1,1,0,26,5,1,99,60,1,2,2,2,1,0,0
2211,STU01885,21,67,2,0,1,1,0,19,6,0,72,100,0,2,0,0,0,0,1
2212,STU01886,21,67,1,1,1,1,0,27,0,0,73,89,1,0,0,0,0,0,0
2213,STU01887,21,67,1,1,1,1,0,26,5,1,99,60,1,2,2,2,1,0,0
2214,STU01888,21,67,1,1,1,1,0,19,6,0,72,100,0,2,0,0,0,0,1
2218,STU01889,21,67,0,0,1,1,0,27,0,0,73,89,1,0,0,0,0,0,0
2219,STU01890,21,67,0,0,1,1,0,26,5,1,99,60,1,2,2,2,1,0,0
2220,STU01891,21,67,0,0,1,1,0,19,6,0,72,100,0,2,0,0,0,0,1
2221,STU01892,21,67,2,1,2,1,0,27,0,0,73,89,1,0,0,0,0,0,0
2222,STU01893,21,67,2,1,2,1,0,26,5,1,99,60,1,2,2,2,1,0,0
2223,STU01894,21,67,2,1,2,1,0,19,6,0,72,100,0,2,0,0,0,0,1
2224,STU01895,21,67,2,0,0,1,0,27,0,0,73,89,1,0,0,0,0,0,0
2225,STU01896,21,67,2,0,0,1,0,26,5,1,99,60,1,2,2,2,1,0,0
2226,STU01897,21,67,2,0,0,1,0,19,6,0,72,100,0,2,0,0,0,0,1
2227,STU01898,16,94,2,1,1,1,1,21,19,0,81,92,1,0,0,0,0,1,0
2228,STU01899,16,94,2,1,1,1,1,28,14,0,91,92,0,2,0,0,0,0,0
2229,STU01900,16,94,2,1,1,1,1,21,3,1,50,49,1,2,3,3,0,1,0
2230,STU01901,16,94,2,1,1,1,1,25,20,1,51,97,1,0,0,0,0,1,0
2231,STU01902,16,94,2,1,2,1,1,21,19,0,81,92,1,0,0,0,0,1,0
2232,STU01903,16,94,2,1,2,1,1,28,14,0,91,92,0,2,0,0,0,0,0
2233,STU01904,16,94,2,1,2,1,1,21,3,1,50,49,1,2,3,3,0,1,0
2234,STU01905,16,94,2,1,2,1,1,25,20,1,51,97,1,0,0,0,0,1,0
2235,STU01906,16,94,1,1,1,1,1,21,19,0,81,92,1,0,0,0,0,1,0
2236,STU01907,16,94,1,1,1,1,1,28,14,0,91,92,0,2,0,0,0,0,0
2237,STU01908,16,94,1,1,1,1,1,21,3,1,50,49,1,2,3,3,0,1,0
2238,STU01909,16,94,1,1,1,1,1,25,20,1,51,97,1,0,0,0,0,1,0
2239,STU01910,33,61,1,0,2,1,0,26,20,1,55,65,1,0,2,2,1,0,0
2240,STU01911,33,61,1,0,1,1,0,26,20,1,55,65,1,0,2,2,1,0,0
2241,STU01912,24,84,0,0,0,1,0,29,2,1,93,69,1,2,2,2,0,1,0
2242,STU01913,24,84,0,0,0,1,0,21,15,1,56,61,0,1,2,2,0,0,0
2243,STU01914,24,84,0,0,0,1,0,29,1,0,94,67,0,2,2,2,0,0,0
2244,STU01915,24,84,0,0,0,1,0,27,5,1,84,70,1,1,1,1,0,0,1
2245,STU01916,24,84,2,1,2,1,0,29,2,1,93,69,1,2,2,2,0,1,0
2246,STU01917,24,84,2,1,2,1,0,21,15,1,56,61,0,1,2,2,0,0,0
2247,STU01918,24,84,2,1,2,1,0,29,1,0,94,67,0,2,2,2,0,0,0
2248,STU01919,24,84,2,1,2,1,0,27,5,1,84,70,1,1,1,1,0,0,1
2249,STU01920,24,84,1,1,1,1,0,29,2,1,93,69,1,2,2,2,0,1,0
2250,STU01921,24,84,1,1,1,1,0,21,15,1,56,61,0,1,2,2,0,0,0
2251,STU01922,24,84,1,1,1,1,0,29,1,0,94,67,0,2,2,2,0,0,0
2252,STU01923,24,84,1,1,1,1,0,27,5,1,84,70,1,1,1,1,0,0,1
2253,STU01924,8,71,0,0,1,1,1,24,13,0,80,52,1,1,3,3,0,1,0
2254,STU01925,8,71,0,0,1,1,1,23,1,1,86,58,0,2,2,2,0,0,1
2255,STU01926,8,71,0,0,1,1,1,28,10,1,83,89,1,2,0,0,0,1,0
2256,STU01927,8,71,0,0,1,1,1,26,2,1,54,45,1,1,3,3,0,0,0
2257,STU01928,8,71,0,0,1,1,1,24,8,1,63,80,1,2,1,1,0,1,0
2258,STU01929,8,71,1,0,2,1,1,24,13,0,80,52,1,1,3,3,0,1,0
2259,STU01930,8,71,1,0,2,1,1,23,1,1,86,58,0,2,2,2,0,0,1
2260,STU01931,8,71,1,0,2,1,1,28,10,1,83,89,1,2,0,0,0,1,0
2261,STU01932,8,71,1,0,2,1,1,26,2,1,54,45,1,1,3,3,0,0,0
2262,STU01933,8,71,1,0,2,1,1,24,8,1,63,80,1,2,1,1,0,1,0
2263,STU01934,21,94,1,0,0,1,1,21,18,0,61,48,0,1,3,3,1,0,0
2264,STU01935,21,94,1,0,0,1,1,23,19,0,59,48,1,2,3,3,0,0,1
2265,STU01936,21,94,1,1,0,1,1,21,18,0,61,48,0,1,3,3,1,0,0
2266,STU01937,21,94,1,1,0,1,1,23,19,0,59,48,1,2,3,3,0,0,1
2267,STU01938,21,94,0,1,0,1,1,21,18,0,61,48,0,1,3,3,1,0,0
2268,STU01939,21,94,0,1,0,1,1,23,19,0,59,48,1,2,3,3,0,0,1
2271,STU01940,21,94,1,0,0,0,1,21,18,0,61,48,0,1,3,3,1,0,0
2272,STU01941,21,94,1,0,0,0,1,23,19,0,59,48,1,2,3,3,0,0,1
2273,STU01942,21,94,1,0,1,1,1,21,18,0,61,48,0,1,3,3,1,0,0
2274,STU01943,21,94,1,0,1,1,1,23,19,0,59,48,1,2,3,3,0,0,1
2275,STU01944,21,94,0,0,1,1,1,21,18,0,61,48,0,1,3,3,1,0,0
2276,STU01945,21,94,0,0,1,1,1,23,19,0,59,48,1,2,3,3,0,0,1
2277,STU01946,21,94,2,0,1,1,1,21,18,0,61,48,0,1,3,3,1,0,0
2278,STU01947,21,94,2,0,1,1,1,23,19,0,59,48,1,2,3,3,0,0,1
2281,STU01948,21,94,2,0,0,1,1,21,18,0,61,48,0,1,3,3,1,0,0
2282,STU01949,21,94,2,0,0,1,1,23,19,0,59,48,1,2,3,3,0,0,1
2283,STU01950,16,71,1,1,1,1,1,28,16,0,62,60,1,2,2,2,0,0,0
2284,STU01951,16,71,1,1,1,1,1,20,1,1,77,59,0,0,2,2,0,1,0
2285,STU01952,16,71,1,1,1,1,1,22,7,0,64,73,1,2,1,1,1,0,0
2286,STU01953,16,71,1,1,1,1,1,28,7,1,99,75,1,2,1,1,0,1,0
2287,STU01954,16,71,2,1,0,1,1,28,16,0,62,60,1,2,2,2,0,0,0
2288,STU01955,16,71,2,1,0,1,1,20,1,1,77,59,0,0,2,2,0,1,0
2289,STU01956,16,71,2,1,0,1,1,22,7,0,64,73,1,2,1,1,1,0,0
2290,STU01957,16,71,2,1,0,1,1,28,7,1,99,75,1,2,1,1,0,1,0
2291,STU01958,16,71,0,1,2,1,1,28,16,0,62,60,1,2,2,2,0,0,0
2292,STU01959,16,71,0,1,2,1,1,20,1,1,77,59,0,0,2,2,0,1,0
2293,STU01960,16,71,0,1,2,1,1,22,7,0,64,73,1,2,1,1,1,0,0
2294,STU01961,16,71,0,1,2,1,1,28,7,1,99,75,1,2,1,1,0,1,0
2295,STU01962,16,71,0,1,0,1,1,28,16,0,62,60,1,2,2,2,0,0,0
2296,STU01963,16,71,0,1,0,1,1,20,1,1,77,59,0,0,2,2,0,1,0
2297,STU01964,16,71,0,1,0,1,1,22,7,0,64,73,1,2,1,1,1,0,0
2298,STU01965,16,71,0,1,0,1,1,28,7,1,99,75,1,2,1,1,0,1,0
2299,STU01966,18,92,1,1,1,1,1,24,7,1,51,66,1,0,2,2,0,1,0
2300,STU01967,18,92,1,1,1,1,1,24,15,1,68,43,0,2,3,3,1,0,0
2303,STU01968,18,92,1,1,0,1,1,24,7,1,51,66,1,0,2,2,0,1,0
2304,STU01969,18,92,1,1,0,1,1,24,15,1,68,43,0,2,3,3,1,0,0
2305,STU01970,18,92,1,0,1,1,1,24,7,1,51,66,1,0,2,2,0,1,0
2306,STU01971,18,92,1,0,1,1,1,24,15,1,68,43,0,2,3,3,1,0,0
2307,STU01972,17,92,0,1,1,1,0,28,9,0,74,56,0,1,2,2,0,0,0
2309,STU01973,17,92,1,1,2,1,0,28,9,0,74,56,0,1,2,2,0,0,0
2310,STU01974,17,92,1,1,2,0,0,28,9,0,74,56,0,1,2,2,0,0,0
2311,STU01975,17,92,1,0,1,1,0,28,9,0,74,56,0,1,2,2,0,0,0
2312,STU01976,17,92,2,0,1,1,0,28,9,0,74,56,0,1,2,2,0,0,0
2313,STU01977,17,92,2,1,1,1,0,28,9,0,74,56,0,1,2,2,0,0,0
2314,STU01978,16,78,2,0,1,1,1,28,0,0,75,58,0,1,2,2,0,1,0
2315,STU01979,16,78,2,0,1,1,1,23,0,1,94,63,0,1,2,2,0,1,0
2316,STU01980,16,78,1,1,1,1,1,28,0,0,75,58,0,1,2,2,0,1,0
2317,STU01981,16,78,1,1,1,1,1,23,0,1,94,63,0,1,2,2,0,1,0
2318,STU01982,16,78,0,0,1,1,1,28,0,0,75,58,0,1,2,2,0,1,0
2319,STU01983,16,78,0,0,1,1,1,23,0,1,94,63,0,1,2,2,0,1,0
2322,STU01984,16,78,0,1,2,1,1,28,0,0,75,58,0,1,2,2,0,1,0
2323,STU01985,16,78,0,1,2,1,1,23,0,1,94,63,0,1,2,2,0,1,0
2324,STU01986,12,93,1,1,0,1,1,21,4,1,76,44,1,1,3,3,0,1,0
2325,STU01987,12,93,2,1,0,1,1,21,4,1,76,44,1,1,3,3,0,1,0
2326,STU01988,26,77,1,0,0,1,0,29,4,0,60,62,1,2,2,2,0,0,1
2327,STU01989,26,77,1,0,0,1,0,22,20,1,88,61,1,1,2,2,0,0,0
2328,STU01990,26,77,1,0,0,1,0,21,18,1,86,63,0,2,2,2,0,0,1
2329,STU01991,26,77,1,1,1,1,0,29,4,0,60,62,1,2,2,2,0,0,1
2330,STU01992,26,77,1,1,1,1,0,22,20,1,88,61,1,1,2,2,0,0,0
2331,STU01993,26,77,1,1,1,1,0,21,18,1,86,63,0,2,2,2,0,0,1
2332,STU01994,26,77,1,1,0,1,0,29,4,0,60,62,1,2,2,2,0,0,1
2333,STU01995,26,77,1,1,0,1,0,22,20,1,88,61,1,1,2,2,0,0,0
2334,STU01996,26,77,1,1,0,1,0,21,18,1,86,63,0,2,2,2,0,0,1
2335,STU01997,26,77,0,1,0,1,0,29,4,0,60,62,1,2,2,2,0,0,1
2336,STU01998,26,77,0,1,0,1,0,22,20,1,88,61,1,1,2,2,0,0,0
2337,STU01999,26,77,0,1,0,1,0,21,18,1,86,63,0,2,2,2,0,0,1
2338,STU02000,26,77,0,0,2,0,0,29,4,0,60,62,1,2,2,2,0,0,1
2339,STU02001,26,77,0,0,2,0,0,22,20,1,88,61,1,1,2,2,0,0,0
2340,STU02002,26,77,0,0,2,0,0,21,18,1,86,63,0,2,2,2,0,0,1
2341,STU02003,26,77,1,1,2,1,0,29,4,0,60,62,1,2,2,2,0,0,1
2342,STU02004,26,77,1,1,2,1,0,22,20,1,88,61,1,1,2,2,0,0,0
2343,STU02005,26,77,1,1,2,1,0,21,18,1,86,63,0,2,2,2,0,0,1
2344,STU02006,26,71,1,1,0,0,1,29,17,0,72,55,0,1,2,2,0,1,0
2345,STU02007,26,71,1,1,0,0,1,29,1,1,69,88,0,2,0,0,0,0,0
2346,STU02008,26,71,0,0,0,1,1,29,17,0,72,55,0,1,2,2,0,1,0
2347,STU02009,26,71,0,0,0,1,1,29,1,1,69,88,0,2,0,0,0,0,0
2348,STU02010,26,71,0,1,0,1,1,29,17,0,72,55,0,1,2,2,0,1,0
2349,STU02011,26,71,0,1,0,1,1,29,1,1,69,88,0,2,0,0,0,0,0
2350,STU02012,26,71,1,1,0,1,1,29,17,0,72,55,0,1,2,2,0,1,0
2351,STU02013,26,71,1,1,0,1,1,29,1,1,69,88,0,2,0,0,0,0,0
2352,STU02014,26,71,0,1,1,1,1,29,17,0,72,55,0,1,2,2,0,1,0
2353,STU02015,26,71,0,1,1,1,1,29,1,1,69,88,0,2,0,0,0,0,0
2354,STU02016,26,71,2,0,1,0,1,29,17,0,72,55,0,1,2,2,0,1,0
2355,STU02017,26,71,2,0,1,0,1,29,1,1,69,88,0,2,0,0,0,0,0
2356,STU02018,26,71,1,1,1,1,1,29,17,0,72,55,0,1,2,2,0,1,0
2357,STU02019,26,71,1,1,1,1,1,29,1,1,69,88,0,2,0,0,0,0,0
2358,STU02020,11,81,1,1,2,1,1,22,0,1,82,74,1,1,1,1,0,1,0
2359,STU02021,11,81,1,1,2,1,1,26,13,1,76,75,1,2,1,1,0,0,0
2360,STU02022,11,81,2,1,1,1,1,22,0,1,82,74,1,1,1,1,0,1,0
2361,STU02023,11,81,2,1,1,1,1,26,13,1,76,75,1,2,1,1,0,0,0
2364,STU02024,17,78,2,1,1,0,1,25,14,1,54,57,1,2,2,2,1,0,0
2365,STU02025,17,78,1,0,0,1,1,25,14,1,54,57,1,2,2,2,1,0,0
2366,STU02026,17,78,1,1,0,1,1,25,14,1,54,57,1,2,2,2,1,0,0
2367,STU02027,17,78,0,1,2,1,1,25,14,1,54,57,1,2,2,2,1,0,0
2368,STU02028,17,78,1,1,1,1,1,25,14,1,54,57,1,2,2,2,1,0,0
2369,STU02029,28,78,1,0,2,1,0,26,17,1,79,92,1,0,0,0,0,1,0
2370,STU02030,28,78,1,0,2,1,0,19,3,1,52,40,1,2,3,3,0,0,0
2371,STU02031,28,78,2,1,1,1,0,26,17,1,79,92,1,0,0,0,0,1,0
2372,STU02032,28,78,2,1,1,1,0,19,3,1,52,40,1,2,3,3,0,0,0
2373,STU02033,28,78,0,1,0,0,0,26,17,1,79,92,1,0,0,0,0,1,0
2374,STU02034,28,78,0,1,0,0,0,19,3,1,52,40,1,2,3,3,0,0,0
2375,STU02035,28,78,2,0,0,1,0,26,17,1,79,92,1,0,0,0,0,1,0
2376,STU02036,28,78,2,0,0,1,0,19,3,1,52,40,1,2,3,3,0,0,0
2377,STU02037,16,64,0,1,1,1,0,21,14,1,86,67,1,2,2,2,0,0,0
2378,STU02038,16,64,0,1,1,1,0,29,19,1,61,48,0,0,3,3,0,1,0
2379,STU02039,16,64,0,1,1,1,0,18,0,0,71,55,0,1,2,2,0,1,0
2380,STU02040,16,64,0,1,1,1,0,24,3,1,60,66,1,1,2,2,1,0,0
2381,STU02041,16,64,1,1,0,1,0,21,14,1,86,67,1,2,2,2,0,0,0
2382,STU02042,16,64,1,1,0,1,0,29,19,1,61,48,0,0,3,3,0,1,0
2383,STU02043,16,64,1,1,0,1,0,18,0,0,71,55,0,1,2,2,0,1,0
2384,STU02044,16,64,1,1,0,1,0,24,3,1,60,66,1,1,2,2,1,0,0
2385,STU02045,16,64,1,1,1,1,0,21,14,1,86,67,1,2,2,2,0,0,0
2386,STU02046,16,64,1,1,1,1,0,29,19,1,61,48,0,0,3,3,0,1,0
2387,STU02047,16,64,1,1,1,1,0,18,0,0,71,55,0,1,2,2,0,1,0
2388,STU02048,16,64,1,1,1,1,0,24,3,1,60,66,1,1,2,2,1,0,0
2393,STU02049,25,69,1,1,0,0,0,26,12,1,82,68,0,1,2,2,0,0,0
2394,STU02050,25,69,1,1,0,0,0,29,0,0,64,57,1,2,2,2,0,0,0
2395,STU02051,25,69,1,1,1,1,0,26,12,1,82,68,0,1,2,2,0,0,0
2396,STU02052,25,69,1,1,1,1,0,29,0,0,64,57,1,2,2,2,0,0,0
2397,STU02053,25,69,2,1,1,1,0,26,12,1,82,68,0,1,2,2,0,0,0
2398,STU02054,25,69,2,1,1,1,0,29,0,0,64,57,1,2,2,2,0,0,0
2399,STU02055,25,69,1,1,2,1,0,26,12,1,82,68,0,1,2,2,0,0,0
2400,STU02056,25,69,1,1,2,1,0,29,0,0,64,57,1,2,2,2,0,0,0
2403,STU02057,25,69,1,0,1,1,0,26,12,1,82,68,0,1,2,2,0,0,0
2404,STU02058,25,69,1,0,1,1,0,29,0,0,64,57,1,2,2,2,0,0,0
2405,STU02059,14,68,1,0,1,1,1,22,0,0,68,92,0,0,0,0,0,0,1
2406,STU02060,14,68,1,1,1,1,1,22,0,0,68,92,0,0,0,0,0,0,1
2407,STU02061,14,68,2,0,1,1,1,22,0,0,68,92,0,0,0,0,0,0,1
2408,STU02062,14,68,0,1,2,1,1,22,0,0,68,92,0,0,0,0,0,0,1
2409,STU02063,14,68,2,0,0,1,1,22,0,0,68,92,0,0,0,0,0,0,1
2410,STU02064,14,68,2,0,2,1,1,22,0,0,68,92,0,0,0,0,0,0,1
2411,STU02065,14,83,0,1,1,1,0,19,8,1,95,58,1,2,2,2,0,1,0
2412,STU02066,14,83,0,1,1,1,0,22,5,1,54,68,1,1,2,2,0,0,0
2413,STU02067,14,83,0,1,1,1,0,24,19,0,57,94,1,1,0,0,0,0,1
2414,STU02068,14,83,0,1,1,1,0,23,2,1,73,56,1,2,2,2,1,0,0
2415,STU02069,14,83,1,1,1,1,0,19,8,1,95,58,1,2,2,2,0,1,0
2416,STU02070,14,83,1,1,1,1,0,22,5,1,54,68,1,1,2,2,0,0,0
2417,STU02071,14,83,1,1,1,1,0,24,19,0,57,94,1,1,0,0,0,0,1
2418,STU02072,14,83,1,1,1,1,0,23,2,1,73,56,1,2,2,2,1,0,0
2419,STU02073,14,83,1,1,0,1,0,19,8,1,95,58,1,2,2,2,0,1,0
2420,STU02074,14,83,1,1,0,1,0,22,5,1,54,68,1,1,2,2,0,0,0
2421,STU02075,14,83,1,1,0,1,0,24,19,0,57,94,1,1,0,0,0,0,1
2422,STU02076,14,83,1,1,0,1,0,23,2,1,73,56,1,2,2,2,1,0,0
2427,STU02077,14,83,1,0,1,1,0,19,8,1,95,58,1,2,2,2,0,1,0
2428,STU02078,14,83,1,0,1,1,0,22,5,1,54,68,1,1,2,2,0,0,0
2429,STU02079,14,83,1,0,1,1,0,24,19,0,57,94,1,1,0,0,0,0,1
2430,STU02080,14,83,1,0,1,1,0,23,2,1,73,56,1,2,2,2,1,0,0
2431,STU02081,18,75,2,1,1,1,0,28,20,1,52,63,0,1,2,2,0,0,0
2432,STU02082,18,75,1,1,1,1,0,28,20,1,52,63,0,1,2,2,0,0,0
2433,STU02083,18,75,1,1,0,1,0,28,20,1,52,63,0,1,2,2,0,0,0
2434,STU02084,18,75,0,1,2,1,0,28,20,1,52,63,0,1,2,2,0,0,0
2436,STU02085,18,75,0,0,1,1,0,28,20,1,52,63,0,1,2,2,0,0,0
2439,STU02086,30,81,0,1,1,1,1,23,7,1,76,79,1,1,1,1,0,0,1
2440,STU02087,30,81,0,1,1,1,1,19,20,1,65,58,1,2,2,2,0,0,0
2441,STU02088,30,81,2,0,0,1,1,23,7,1,76,79,1,1,1,1,0,0,1
2442,STU02089,30,81,2,0,0,1,1,19,20,1,65,58,1,2,2,2,0,0,0
2443,STU02090,30,81,2,0,1,1,1,23,7,1,76,79,1,1,1,1,0,0,1
2444,STU02091,30,81,2,0,1,1,1,19,20,1,65,58,1,2,2,2,0,0,0
2445,STU02092,11,68,1,0,1,1,0,21,15,0,73,48,1,2,3,3,0,1,0
2446,STU02093,11,68,1,0,1,1,0,21,4,0,76,41,1,1,3,3,0,1,0
2447,STU02094,11,68,1,0,0,1,0,21,15,0,73,48,1,2,3,3,0,1,0
2448,STU02095,11,68,1,0,0,1,0,21,4,0,76,41,1,1,3,3,0,1,0
2449,STU02096,11,68,2,1,1,1,0,21,15,0,73,48,1,2,3,3,0,1,0
2450,STU02097,11,68,2,1,1,1,0,21,4,0,76,41,1,1,3,3,0,1,0
2451,STU02098,11,68,2,1,0,1,0,21,15,0,73,48,1,2,3,3,0,1,0
2452,STU02099,11,68,2,1,0,1,0,21,4,0,76,41,1,1,3,3,0,1,0
2453,STU02100,17,66,2,0,1,1,1,22,18,0,70,50,1,2,3,3,0,1,0
2454,STU02101,17,66,2,0,1,1,1,23,6,1,83,52,1,1,3,3,0,0,0
2455,STU02102,17,66,2,0,1,1,1,21,14,1,90,41,1,1,3,3,0,0,1
2456,STU02103,17,66,2,0,1,1,1,28,0,1,65,47,0,2,3,3,0,1,0
2457,STU02104,17,66,2,0,0,1,1,22,18,0,70,50,1,2,3,3,0,1,0
2458,STU02105,17,66,2,0,0,1,1,23,6,1,83,52,1,1,3,3,0,0,0
2459,STU02106,17,66,2,0,0,1,1,21,14,1,90,41,1,1,3,3,0,0,1
2460,STU02107,17,66,2,0,0,1,1,28,0,1,65,47,0,2,3,3,0,1,0
2461,STU02108,17,66,1,1,1,1,1,22,18,0,70,50,1,2,3,3,0,1,0
2462,STU02109,17,66,1,1,1,1,1,23,6,1,83,52,1,1,3,3,0,0,0
2463,STU02110,17,66,1,1,1,1,1,21,14,1,90,41,1,1,3,3,0,0,1
2464,STU02111,17,66,1,1,1,1,1,28,0,1,65,47,0,2,3,3,0,1,0
2469,STU02112,29,77,2,1,1,1,0,20,15,1,87,41,0,2,3,3,0,0,0
2470,STU02113,29,77,2,1,1,1,0,29,17,1,100,71,1,1,1,1,0,1,0
2471,STU02114,29,77,1,0,1,1,0,20,15,1,87,41,0,2,3,3,0,0,0
2472,STU02115,29,77,1,0,1,1,0,29,17,1,100,71,1,1,1,1,0,1,0
2475,STU02116,29,77,0,1,2,1,0,20,15,1,87,41,0,2,3,3,0,0,0
2476,STU02117,29,77,0,1,2,1,0,29,17,1,100,71,1,1,1,1,0,1,0
2479,STU02118,11,76,1,1,1,1,1,27,14,1,89,65,0,2,2,2,0,0,0
2480,STU02119,11,76,1,1,1,1,1,25,19,1,99,84,1,2,1,1,0,1,0
2481,STU02120,11,76,1,1,1,1,1,25,3,1,89,94,1,1,0,0,1,0,0
2482,STU02121,11,76,1,1,1,0,1,27,14,1,89,65,0,2,2,2,0,0,0
2483,STU02122,11,76,1,1,1,0,1,25,19,1,99,84,1,2,1,1,0,1,0
2484,STU02123,11,76,1,1,1,0,1,25,3,1,89,94,1,1,0,0,1,0,0
2485,STU02124,27,61,1,0,1,1,1,29,16,1,73,43,0,0,3,3,0,0,0
2486,STU02125,27,61,1,0,1,1,1,21,5,1,51,91,0,0,0,0,0,0,1
2489,STU02126,27,61,1,1,1,1,1,29,16,1,73,43,0,0,3,3,0,0,0
2490,STU02127,27,61,1,1,1,1,1,21,5,1,51,91,0,0,0,0,0,0,1
2491,STU02128,27,61,0,0,2,1,1,29,16,1,73,43,0,0,3,3,0,0,0
2492,STU02129,27,61,0,0,2,1,1,21,5,1,51,91,0,0,0,0,0,0,1
2493,STU02130,14,82,2,1,0,1,0,25,11,0,92,79,0,1,1,1,1,0,0
2494,STU02131,14,82,2,1,0,1,0,27,12,1,85,79,1,0,1,1,1,0,0
2495,STU02132,14,82,2,1,0,1,0,28,16,1,77,69,1,2,2,2,1,0,0
2496,STU02133,14,82,1,1,2,1,0,25,11,0,92,79,0,1,1,1,1,0,0
2497,STU02134,14,82,1,1,2,1,0,27,12,1,85,79,1,0,1,1,1,0,0
2498,STU02135,14,82,1,1,2,1,0,28,16,1,77,69,1,2,2,2,1,0,0
2499,STU02136,14,82,1,1,1,1,0,25,11,0,92,79,0,1,1,1,1,0,0
2500,STU02137,14,82,1,1,1,1,0,27,12,1,85,79,1,0,1,1,1,0,0
2501,STU02138,14,82,1,1,1,1,0,28,16,1,77,69,1,2,2,2,1,0,0
2505,STU02139,23,82,1,1,1,1,1,21,20,1,70,65,1,2,2,2,1,0,0
2506,STU02140,23,82,2,0,1,1,1,21,20,1,70,65,1,2,2,2,1,0,0
2508,STU02141,21,88,2,0,1,1,0,23,10,1,61,75,0,0,1,1,0,0,0
2509,STU02142,21,88,1,0,1,1,0,23,10,1,61,75,0,0,1,1,0,0,0
2510,STU02143,21,88,2,1,2,1,0,23,10,1,61,75,0,0,1,1,0,0,0
2511,STU02144,21,88,1,1,0,1,0,23,10,1,61,75,0,0,1,1,0,0,0
2512,STU02145,21,88,0,0,2,0,0,23,10,1,61,75,0,0,1,1,0,0,0
2514,STU02146,20,70,1,1,0,0,1,29,5,1,51,99,1,2,0,0,0,0,0
2515,STU02147,20,70,2,1,1,1,1,29,5,1,51,99,1,2,0,0,0,0,0
2516,STU02148,20,70,1,0,0,1,1,29,5,1,51,99,1,2,0,0,0,0,0
2517,STU02149,20,70,1,1,0,1,1,29,5,1,51,99,1,2,0,0,0,0,0
2519,STU02150,20,70,0,0,1,1,1,29,5,1,51,99,1,2,0,0,0,0,0
2520,STU02151,20,70,1,1,1,1,1,29,5,1,51,99,1,2,0,0,0,0,0
2521,STU02152,21,98,0,0,1,1,0,27,9,0,72,45,0,0,3,3,0,0,1
2522,STU02153,21,98,0,0,1,1,0,18,2,1,65,73,1,2,1,1,0,0,1
2523,STU02154,21,98,0,0,1,1,0,24,19,0,89,59,1,2,2,2,1,0,0
2524,STU02155,21,98,0,0,1,1,0,19,10,0,93,86,1,2,0,0,0,1,0
2525,STU02156,21,98,0,0,1,1,0,18,14,0,53,67,0,1,2,2,0,0,1
2526,STU02157,21,98,0,0,1,1,0,28,6,1,67,64,1,2,2,2,0,0,0
2527,STU02158,21,98,0,0,1,1,0,27,8,1,99,49,1,2,3,3,0,0,0
2528,STU02159,21,98,0,0,1,1,0,22,5,1,80,77,1,1,1,1,0,0,1
2529,STU02160,21,98,1,1,2,0,0,27,9,0,72,45,0,0,3,3,0,0,1
2530,STU02161,21,98,1,1,2,0,0,18,2,1,65,73,1,2,1,1,0,0,1
2531,STU02162,21,98,1,1,2,0,0,24,19,0,89,59,1,2,2,2,1,0,0
2532,STU02163,21,98,1,1,2,0,0,19,10,0,93,86,1,2,0,0,0,1,0
2533,STU02164,21,98,1,1,2,0,0,18,14,0,53,67,0,1,2,2,0,0,1
2534,STU02165,21,98,1,1,2,0,0,28,6,1,67,64,1,2,2,2,0,0,0
2535,STU02166,21,98,1,1,2,0,0,27,8,1,99,49,1,2,3,3,0,0,0
2536,STU02167,21,98,1,1,2,0,0,22,5,1,80,77,1,1,1,1,0,0,1
2537,STU02168,21,98,1,1,2,1,0,27,9,0,72,45,0,0,3,3,0,0,1
2538,STU02169,21,98,1,1,2,1,0,18,2,1,65,73,1,2,1,1,0,0,1
2539,STU02170,21,98,1,1,2,1,0,24,19,0,89,59,1,2,2,2,1,0,0
2540,STU02171,21,98,1,1,2,1,0,19,10,0,93,86,1,2,0,0,0,1,0
2541,STU02172,21,98,1,1,2,1,0,18,14,0,53,67,0,1,2,2,0,0,1
2542,STU02173,21,98,1,1,2,1,0,28,6,1,67,64,1,2,2,2,0,0,0
2543,STU02174,21,98,1,1,2,1,0,27,8,1,99,49,1,2,3,3,0,0,0
2544,STU02175,21,98,1,1,2,1,0,22,5,1,80,77,1,1,1,1,0,0,1
2545,STU02176,21,98,1,1,1,1,0,27,9,0,72,45,0,0,3,3,0,0,1
2546,STU02177,21,98,1,1,1,1,0,18,2,1,65,73,1,2,1,1,0,0,1
2547,STU02178,21,98,1,1,1,1,0,24,19,0,89,59,1,2,2,2,1,0,0
2548,STU02179,21,98,1,1,1,1,0,19,10,0,93,86,1,2,0,0,0,1,0
2549,STU02180,21,98,1,1,1,1,0,18,14,0,53,67,0,1,2,2,0,0,1
2550,STU02181,21,98,1,1,1,1,0,28,6,1,67,64,1,2,2,2,0,0,0
2551,STU02182,21,98,1,1,1,1,0,27,8,1,99,49,1,2,3,3,0,0,0
2552,STU02183,21,98,1,1,1,1,0,22,5,1,80,77,1,1,1,1,0,0,1
2553,STU02184,24,65,0,0,0,1,1,19,17,1,60,41,1,1,3,3,1,0,0
2554,STU02185,24,65,0,0,0,1,1,22,4,0,79,78,0,2,1,1,1,0,0
2555,STU02186,24,65,0,0,0,1,1,21,12,1,98,47,1,1,3,3,0,0,0
2556,STU02187,24,65,2,0,0,1,1,19,17,1,60,41,1,1,3,3,1,0,0
2557,STU02188,24,65,2,0,0,1,1,22,4,0,79,78,0,2,1,1,1,0,0
2558,STU02189,24,65,2,0,0,1,1,21,12,1,98,47,1,1,3,3,0,0,0
2559,STU02190,24,65,2,0,1,1,1,19,17,1,60,41,1,1,3,3,1,0,0
2560,STU02191,24,65,2,0,1,1,1,22,4,0,79,78,0,2,1,1,1,0,0
2561,STU02192,24,65,2,0,1,1,1,21,12,1,98,47,1,1,3,3,0,0,0
2562,STU02193,24,65,1,1,0,1,1,19,17,1,60,41,1,1,3,3,1,0,0
2563,STU02194,24,65,1,1,0,1,1,22,4,0,79,78,0,2,1,1,1,0,0
2564,STU02195,24,65,1,1,0,1,1,21,12,1,98,47,1,1,3,3,0,0,0
2565,STU02196,30,80,2,0,1,1,0,22,11,1,63,78,0,2,1,1,0,0,0
2566,STU02197,30,80,2,0,1,1,0,28,8,0,55,78,1,2,1,1,0,0,0
2567,STU02198,30,80,2,0,1,1,0,19,16,0,90,100,0,2,0,0,0,0,1
2568,STU02199,30,80,2,0,1,1,0,21,15,0,89,44,1,2,3,3,0,0,0
2569,STU02200,30,80,2,0,2,1,0,22,11,1,63,78,0,2,1,1,0,0,0
2570,STU02201,30,80,2,0,2,1,0,28,8,0,55,78,1,2,1,1,0,0,0
2571,STU02202,30,80,2,0,2,1,0,19,16,0,90,100,0,2,0,0,0,0,1
2572,STU02203,30,80,2,0,2,1,0,21,15,0,89,44,1,2,3,3,0,0,0
2577,STU02204,33,62,1,1,1,1,0,19,15,0,90,55,1,1,2,2,0,1,0
2578,STU02205,8,73,1,0,1,0,0,21,12,0,85,71,1,2,1,1,0,0,0
2579,STU02206,8,73,1,0,1,0,0,27,1,1,93,55,0,2,2,2,1,0,0
2580,STU02207,19,66,2,0,1,1,1,20,10,1,53,64,1,2,2,2,0,0,0
2581,STU02208,19,66,1,0,1,1,1,20,10,1,53,64,1,2,2,2,0,0,0
2582,STU02209,19,66,0,0,1,1,1,20,10,1,53,64,1,2,2,2,0,0,0
2583,STU02210,19,66,2,1,1,1,1,20,10,1,53,64,1,2,2,2,0,0,0
2584,STU02211,24,88,1,1,0,1,1,26,19,0,100,95,1,0,0,0,0,0,1
2585,STU02212,24,88,1,1,0,1,1,29,17,1,81,80,1,1,1,1,0,1,0
2586,STU02213,24,88,0,1,0,0,1,26,19,0,100,95,1,0,0,0,0,0,1
2587,STU02214,24,88,0,1,0,0,1,29,17,1,81,80,1,1,1,1,0,1,0
2588,STU02215,24,88,0,1,1,1,1,26,19,0,100,95,1,0,0,0,0,0,1
2589,STU02216,24,88,0,1,1,1,1,29,17,1,81,80,1,1,1,1,0,1,0
2590,STU02217,24,88,1,0,1,1,1,26,19,0,100,95,1,0,0,0,0,0,1
2591,STU02218,24,88,1,0,1,1,1,29,17,1,81,80,1,1,1,1,0,1,0
2592,STU02219,24,88,1,1,1,0,1,26,19,0,100,95,1,0,0,0,0,0,1
2593,STU02220,24,88,1,1,1,0,1,29,17,1,81,80,1,1,1,1,0,1,0
2594,STU02221,24,88,1,1,2,1,1,26,19,0,100,95,1,0,0,0,0,0,1
2595,STU02222,24,88,1,1,2,1,1,29,17,1,81,80,1,1,1,1,0,1,0
2596,STU02223,24,88,1,1,1,1,1,26,19,0,100,95,1,0,0,0,0,0,1
2597,STU02224,24,88,1,1,1,1,1,29,17,1,81,80,1,1,1,1,0,1,0
2598,STU02225,24,88,2,1,1,1,1,26,19,0,100,95,1,0,0,0,0,0,1
2599,STU02226,24,88,2,1,1,1,1,29,17,1,81,80,1,1,1,1,0,1,0
2600,STU02227,19,60,2,1,2,1,0,25,18,1,83,42,0,0,3,3,0,0,1
2601,STU02228,19,60,2,1,2,1,0,29,1,1,54,41,1,2,3,3,0,0,1
2602,STU02229,19,60,2,0,1,1,0,25,18,1,83,42,0,0,3,3,0,0,1
2603,STU02230,19,60,2,0,1,1,0,29,1,1,54,41,1,2,3,3,0,0,1
2604,STU02231,19,60,0,0,2,1,0,25,18,1,83,42,0,0,3,3,0,0,1
2605,STU02232,19,60,0,0,2,1,0,29,1,1,54,41,1,2,3,3,0,0,1
2606,STU02233,16,67,1,0,1,1,0,29,0,1,82,98,0,1,0,0,0,0,1
2607,STU02234,16,67,2,1,1,1,0,29,0,1,82,98,0,1,0,0,0,0,1
2608,STU02235,16,67,2,1,2,1,0,29,0,1,82,98,0,1,0,0,0,0,1
2609,STU02236,16,67,1,1,0,1,0,29,0,1,82,98,0,1,0,0,0,0,1
2611,STU02237,25,84,0,1,0,1,1,18,2,1,80,50,1,0,3,3,0,0,1
2612,STU02238,25,84,0,1,0,1,1,18,0,1,96,65,1,2,2,2,0,0,1
2613,STU02239,25,84,0,1,0,1,1,20,6,0,69,99,1,2,0,0,0,0,1
2614,STU02240,25,84,0,1,0,1,1,23,6,1,82,81,1,1,1,1,0,1,0
2615,STU02241,25,84,1,1,0,1,1,18,2,1,80,50,1,0,3,3,0,0,1
2616,STU02242,25,84,1,1,0,1,1,18,0,1,96,65,1,2,2,2,0,0,1
2617,STU02243,25,84,1,1,0,1,1,20,6,0,69,99,1,2,0,0,0,0,1
2618,STU02244,25,84,1,1,0,1,1,23,6,1,82,81,1,1,1,1,0,1,0
2619,STU02245,25,84,0,0,1,1,1,18,2,1,80,50,1,0,3,3,0,0,1
2620,STU02246,25,84,0,0,1,1,1,18,0,1,96,65,1,2,2,2,0,0,1
2621,STU02247,25,84,0,0,1,1,1,20,6,0,69,99,1,2,0,0,0,0,1
2622,STU02248,25,84,0,0,1,1,1,23,6,1,82,81,1,1,1,1,0,1,0
2623,STU02249,25,84,1,1,2,1,1,18,2,1,80,50,1,0,3,3,0,0,1
2624,STU02250,25,84,1,1,2,1,1,18,0,1,96,65,1,2,2,2,0,0,1
2625,STU02251,25,84,1,1,2,1,1,20,6,0,69,99,1,2,0,0,0,0,1
2626,STU02252,25,84,1,1,2,1,1,23,6,1,82,81,1,1,1,1,0,1,0
2627,STU02253,22,73,1,1,0,1,0,25,4,1,63,92,1,0,0,0,0,1,0
2628,STU02254,22,73,1,1,0,1,0,23,17,1,56,82,1,1,1,1,0,1,0
2629,STU02255,22,73,1,1,0,1,0,29,4,0,97,41,1,0,3,3,0,1,0
2630,STU02256,22,73,0,1,1,1,0,25,4,1,63,92,1,0,0,0,0,1,0
2631,STU02257,22,73,0,1,1,1,0,23,17,1,56,82,1,1,1,1,0,1,0
2632,STU02258,22,73,0,1,1,1,0,29,4,0,97,41,1,0,3,3,0,1,0
2633,STU02259,22,73,1,0,1,1,0,25,4,1,63,92,1,0,0,0,0,1,0
2634,STU02260,22,73,1,0,1,1,0,23,17,1,56,82,1,1,1,1,0,1,0
2635,STU02261,22,73,1,0,1,1,0,29,4,0,97,41,1,0,3,3,0,1,0
2636,STU02262,22,63,0,0,1,1,1,18,10,1,63,74,1,1,1,1,1,0,0
2637,STU02263,22,63,0,0,1,1,1,26,17,0,87,69,1,2,2,2,0,0,1
2638,STU02264,22,63,1,0,2,1,1,18,10,1,63,74,1,1,1,1,1,0,0
2639,STU02265,22,63,1,0,2,1,1,26,17,0,87,69,1,2,2,2,0,0,1
2640,STU02266,22,63,2,1,2,1,1,18,10,1,63,74,1,1,1,1,1,0,0
2641,STU02267,22,63,2,1,2,1,1,26,17,0,87,69,1,2,2,2,0,0,1
2642,STU02268,22,63,0,0,2,1,1,18,10,1,63,74,1,1,1,1,1,0,0
2643,STU02269,22,63,0,0,2,1,1,26,17,0,87,69,1,2,2,2,0,0,1
2644,STU02270,22,63,0,0,0,1,1,18,10,1,63,74,1,1,1,1,1,0,0
2645,STU02271,22,63,0,0,0,1,1,26,17,0,87,69,1,2,2,2,0,0,1
2646,STU02272,22,63,1,1,0,1,1,18,10,1,63,74,1,1,1,1,1,0,0
2647,STU02273,22,63,1,1,0,1,1,26,17,0,87,69,1,2,2,2,0,0,1
2650,STU02274,22,63,1,1,1,1,1,18,10,1,63,74,1,1,1,1,1,0,0
2651,STU02275,22,63,1,1,1,1,1,26,17,0,87,69,1,2,2,2,0,0,1
2652,STU02276,22,63,0,1,1,1,1,18,10,1,63,74,1,1,1,1,1,0,0
2653,STU02277,22,63,0,1,1,1,1,26,17,0,87,69,1,2,2,2,0,0,1
2658,STU02278,24,68,1,1,1,1,0,27,12,0,66,93,1,1,0,0,0,0,0
2659,STU02279,24,68,1,1,1,1,0,20,8,1,89,93,1,1,0,0,0,0,0
2660,STU02280,24,68,1,1,0,1,0,27,12,0,66,93,1,1,0,0,0,0,0
2661,STU02281,24,68,1,1,0,1,0,20,8,1,89,93,1,1,0,0,0,0,0
2662,STU02282,24,68,0,0,2,0,0,27,12,0,66,93,1,1,0,0,0,0,0
2663,STU02283,24,68,0,0,2,0,0,20,8,1,89,93,1,1,0,0,0,0,0
2664,STU02284,24,68,2,0,1,1,0,27,12,0,66,93,1,1,0,0,0,0,0
2665,STU02285,24,68,2,0,1,1,0,20,8,1,89,93,1,1,0,0,0,0,0
2666,STU02286,24,68,1,1,2,1,0,27,12,0,66,93,1,1,0,0,0,0,0
2667,STU02287,24,68,1,1,2,1,0,20,8,1,89,93,1,1,0,0,0,0,0
2668,STU02288,24,68,0,0,1,1,0,27,12,0,66,93,1,1,0,0,0,0,0
2669,STU02289,24,68,0,0,1,1,0,20,8,1,89,93,1,1,0,0,0,0,0
2670,STU02290,17,86,0,1,2,1,0,20,13,1,53,75,1,1,1,1,0,1,0
2671,STU02291,17,86,1,0,0,1,0,20,13,1,53,75,1,1,1,1,0,1,0
2672,STU02292,17,86,1,0,2,1,0,20,13,1,53,75,1,1,1,1,0,1,0
2673,STU02293,24,71,1,1,1,1,1,22,3,1,77,91,1,1,0,0,0,0,1
2674,STU02294,24,71,1,1,1,1,1,25,12,1,64,82,1,1,1,1,1,0,0
2675,STU02295,24,71,2,1,0,1,1,22,3,1,77,91,1,1,0,0,0,0,1
2676,STU02296,24,71,2,1,0,1,1,25,12,1,64,82,1,1,1,1,1,0,0
2679,STU02297,24,71,1,0,1,1,1,22,3,1,77,91,1,1,0,0,0,0,1
2680,STU02298,24,71,1,0,1,1,1,25,12,1,64,82,1,1,1,1,1,0,0
2683,STU02299,24,71,2,1,1,1,1,22,3,1,77,91,1,1,0,0,0,0,1
2684,STU02300,24,71,2,1,1,1,1,25,12,1,64,82,1,1,1,1,1,0,0
2685,STU02301,24,71,1,1,0,1,1,22,3,1,77,91,1,1,0,0,0,0,1
2686,STU02302,24,71,1,1,0,1,1,25,12,1,64,82,1,1,1,1,1,0,0
2687,STU02303,24,60,1,0,2,1,0,21,13,0,73,75,1,0,1,1,0,0,1
2688,STU02304,24,60,1,0,2,1,0,23,5,0,97,95,0,0,0,0,0,1,0
2689,STU02305,24,60,0,0,1,1,0,21,13,0,73,75,1,0,1,1,0,0,1
2690,STU02306,24,60,0,0,1,1,0,23,5,0,97,95,0,0,0,0,0,1,0
2691,STU02307,24,60,1,1,1,1,0,21,13,0,73,75,1,0,1,1,0,0,1
2692,STU02308,24,60,1,1,1,1,0,23,5,0,97,95,0,0,0,0,0,1,0
2693,STU02309,24,60,1,1,0,1,0,21,13,0,73,75,1,0,1,1,0,0,1
2694,STU02310,24,60,1,1,0,1,0,23,5,0,97,95,0,0,0,0,0,1,0
2695,STU02311,28,99,1,1,1,0,1,18,11,1,52,83,1,0,1,1,0,1,0
2696,STU02312,28,99,1,1,0,1,1,18,11,1,52,83,1,0,1,1,0,1,0
2697,STU02313,16,84,2,1,1,1,0,21,19,1,58,69,1,1,2,2,0,0,0
2698,STU02314,16,84,2,1,1,1,0,18,15,1,98,93,1,2,0,0,0,0,1
2699,STU02315,16,84,2,1,1,1,0,23,7,0,87,58,1,2,2,2,0,0,1
2700,STU02316,16,84,2,1,1,1,0,27,16,1,72,62,0,1,2,2,0,1,0
2701,STU02317,16,84,2,1,1,1,0,20,6,1,70,100,0,1,0,0,1,0,0
2702,STU02318,16,84,1,0,2,1,0,21,19,1,58,69,1,1,2,2,0,0,0
2703,STU02319,16,84,1,0,2,1,0,18,15,1,98,93,1,2,0,0,0,0,1
2704,STU02320,16,84,1,0,2,1,0,23,7,0,87,58,1,2,2,2,0,0,1
2705,STU02321,16,84,1,0,2,1,0,27,16,1,72,62,0,1,2,2,0,1,0
2706,STU02322,16,84,1,0,2,1,0,20,6,1,70,100,0,1,0,0,1,0,0
2707,STU02323,16,84,2,1,0,1,0,21,19,1,58,69,1,1,2,2,0,0,0
2708,STU02324,16,84,2,1,0,1,0,18,15,1,98,93,1,2,0,0,0,0,1
2709,STU02325,16,84,2,1,0,1,0,23,7,0,87,58,1,2,2,2,0,0,1
2710,STU02326,16,84,2,1,0,1,0,27,16,1,72,62,0,1,2,2,0,1,0
2711,STU02327,16,84,2,1,0,1,0,20,6,1,70,100,0,1,0,0,1,0,0
2712,STU02328,23,79,2,1,1,1,1,28,0,1,50,51,1,1,3,3,1,0,0
2713,STU02329,23,79,2,1,0,1,1,28,0,1,50,51,1,1,3,3,1,0,0
2715,STU02330,23,79,1,1,2,1,1,28,0,1,50,51,1,1,3,3,1,0,0
2716,STU02331,23,79,1,1,1,0,1,28,0,1,50,51,1,1,3,3,1,0,0
2717,STU02332,23,79,2,0,1,1,1,28,0,1,50,51,1,1,3,3,1,0,0
2718,STU02333,19,83,1,1,1,1,0,22,9,0,98,99,1,2,0,0,1,0,0
2719,STU02334,19,83,2,1,1,1,0,22,9,0,98,99,1,2,0,0,1,0,0
2720,STU02335,19,83,0,0,0,1,0,22,9,0,98,99,1,2,0,0,1,0,0
2721,STU02336,19,83,1,0,0,1,0,22,9,0,98,99,1,2,0,0,1,0,0
2722,STU02337,19,83,2,0,1,1,0,22,9,0,98,99,1,2,0,0,1,0,0
2723,STU02338,28,71,1,0,2,1,0,20,10,1,56,69,1,0,2,2,0,1,0
2724,STU02339,28,71,1,0,2,1,0,18,9,0,97,94,0,2,0,0,0,0,0
2725,STU02340,28,71,1,0,2,1,0,26,8,0,77,46,0,2,3,3,0,0,0
2726,STU02341,28,71,1,1,2,1,0,20,10,1,56,69,1,0,2,2,0,1,0
2727,STU02342,28,71,1,1,2,1,0,18,9,0,97,94,0,2,0,0,0,0,0
2728,STU02343,28,71,1,1,2,1,0,26,8,0,77,46,0,2,3,3,0,0,0
2729,STU02344,24,90,0,0,1,1,1,25,20,0,70,73,1,0,1,1,1,0,0
2730,STU02345,24,90,0,0,1,1,1,24,19,1,67,92,1,0,0,0,0,0,0
2731,STU02346,24,90,1,1,0,1,1,25,20,0,70,73,1,0,1,1,1,0,0
2732,STU02347,24,90,1,1,0,1,1,24,19,1,67,92,1,0,0,0,0,0,0
2733,STU02348,24,90,1,0,1,1,1,25,20,0,70,73,1,0,1,1,1,0,0
2734,STU02349,24,90,1,0,1,1,1,24,19,1,67,92,1,0,0,0,0,0,0
2737,STU02350,24,90,2,0,0,1,1,25,20,0,70,73,1,0,1,1,1,0,0
2738,STU02351,24,90,2,0,0,1,1,24,19,1,67,92,1,0,0,0,0,0,0
2739,STU02352,24,90,1,1,1,1,1,25,20,0,70,73,1,0,1,1,1,0,0
2740,STU02353,24,90,1,1,1,1,1,24,19,1,67,92,1,0,0,0,0,0,0
2741,STU02354,24,90,0,1,2,1,1,25,20,0,70,73,1,0,1,1,1,0,0
2742,STU02355,24,90,0,1,2,1,1,24,19,1,67,92,1,0,0,0,0,0,0
2743,STU02356,18,80,1,0,0,1,1,21,9,1,84,65,1,1,2,2,0,1,0
2744,STU02357,18,80,1,0,0,1,1,20,8,0,63,91,0,2,0,0,0,0,1
2745,STU02358,18,80,1,0,0,1,1,25,9,1,63,50,1,1,3,3,0,0,0
2746,STU02359,18,80,2,1,1,0,1,21,9,1,84,65,1,1,2,2,0,1,0
2747,STU02360,18,80,2,1,1,0,1,20,8,0,63,91,0,2,0,0,0,0,1
2748,STU02361,18,80,2,1,1,0,1,25,9,1,63,50,1,1,3,3,0,0,0
2749,STU02362,18,80,0,1,2,1,1,21,9,1,84,65,1,1,2,2,0,1,0
2750,STU02363,18,80,0,1,2,1,1,20,8,0,63,91,0,2,0,0,0,0,1
2751,STU02364,18,80,0,1,2,1,1,25,9,1,63,50,1,1,3,3,0,0,0
2752,STU02365,22,63,2,1,1,1,0,22,19,0,70,47,0,2,3,3,0,0,0
2753,STU02366,22,63,2,1,1,1,0,26,18,0,61,88,0,2,0,0,0,1,0
2754,STU02367,22,63,2,1,1,1,0,29,0,0,93,67,1,2,2,2,1,0,0
2755,STU02368,22,63,2,1,1,1,0,26,0,0,79,62,1,0,2,2,1,0,0
2756,STU02369,22,63,2,1,1,1,0,23,20,1,99,41,0,1,3,3,0,0,1
2757,STU02370,22,63,1,1,1,1,0,22,19,0,70,47,0,2,3,3,0,0,0
2758,STU02371,22,63,1,1,1,1,0,26,18,0,61,88,0,2,0,0,0,1,0
2759,STU02372,22,63,1,1,1,1,0,29,0,0,93,67,1,2,2,2,1,0,0
2760,STU02373,22,63,1,1,1,1,0,26,0,0,79,62,1,0,2,2,1,0,0
2761,STU02374,22,63,1,1,1,1,0,23,20,1,99,41,0,1,3,3,0,0,1
2762,STU02375,22,63,2,1,0,1,0,22,19,0,70,47,0,2,3,3,0,0,0
2763,STU02376,22,63,2,1,0,1,0,26,18,0,61,88,0,2,0,0,0,1,0
2764,STU02377,22,63,2,1,0,1,0,29,0,0,93,67,1,2,2,2,1,0,0
2765,STU02378,22,63,2,1,0,1,0,26,0,0,79,62,1,0,2,2,1,0,0
2766,STU02379,22,63,2,1,0,1,0,23,20,1,99,41,0,1,3,3,0,0,1
2767,STU02380,22,63,0,1,1,1,0,22,19,0,70,47,0,2,3,3,0,0,0
2768,STU02381,22,63,0,1,1,1,0,26,18,0,61,88,0,2,0,0,0,1,0
2769,STU02382,22,63,0,1,1,1,0,29,0,0,93,67,1,2,2,2,1,0,0
2770,STU02383,22,63,0,1,1,1,0,26,0,0,79,62,1,0,2,2,1,0,0
2771,STU02384,22,63,0,1,1,1,0,23,20,1,99,41,0,1,3,3,0,0,1
2772,STU02385,22,63,1,0,0,1,0,22,19,0,70,47,0,2,3,3,0,0,0
2773,STU02386,22,63,1,0,0,1,0,26,18,0,61,88,0,2,0,0,0,1,0
2774,STU02387,22,63,1,0,0,1,0,29,0,0,93,67,1,2,2,2,1,0,0
2775,STU02388,22,63,1,0,0,1,0,26,0,0,79,62,1,0,2,2,1,0,0
2776,STU02389,22,63,1,0,0,1,0,23,20,1,99,41,0,1,3,3,0,0,1
2777,STU02390,19,89,1,1,1,1,1,25,0,1,95,66,0,1,2,2,0,0,1
2779,STU02391,19,89,1,0,1,1,1,25,0,1,95,66,0,1,2,2,0,0,1
2781,STU02392,19,89,2,0,2,1,1,25,0,1,95,66,0,1,2,2,0,0,1
2782,STU02393,19,89,1,1,0,1,1,25,0,1,95,66,0,1,2,2,0,0,1
2783,STU02394,21,92,0,1,0,1,1,29,19,0,73,53,1,0,3,3,1,0,0
2784,STU02395,21,92,0,1,0,1,1,23,4,0,53,68,1,2,2,2,0,0,1
2785,STU02396,21,92,1,1,0,1,1,29,19,0,73,53,1,0,3,3,1,0,0
2786,STU02397,21,92,1,1,0,1,1,23,4,0,53,68,1,2,2,2,0,0,1
2787,STU02398,21,92,0,0,0,1,1,29,19,0,73,53,1,0,3,3,1,0,0
2788,STU02399,21,92,0,0,0,1,1,23,4,0,53,68,1,2,2,2,0,0,1
2789,STU02400,24,72,2,0,2,1,0,20,14,1,74,72,1,2,1,1,0,0,1
2790,STU02401,24,72,2,0,2,1,0,21,11,1,72,52,1,2,3,3,0,1,0
2791,STU02402,24,72,0,1,2,1,0,20,14,1,74,72,1,2,1,1,0,0,1
2792,STU02403,24,72,0,1,2,1,0,21,11,1,72,52,1,2,3,3,0,1,0
2793,STU02404,24,72,1,0,1,1,0,20,14,1,74,72,1,2,1,1,0,0,1
2794,STU02405,24,72,1,0,1,1,0,21,11,1,72,52,1,2,3,3,0,1,0
2795,STU02406,24,72,1,1,0,1,0,20,14,1,74,72,1,2,1,1,0,0,1
2796,STU02407,24,72,1,1,0,1,0,21,11,1,72,52,1,2,3,3,0,1,0
2797,STU02408,24,72,2,0,1,1,0,20,14,1,74,72,1,2,1,1,0,0,1
2798,STU02409,24,72,2,0,1,1,0,21,11,1,72,52,1,2,3,3,0,1,0
2799,STU02410,33,77,2,1,1,1,0,21,5,1,76,87,0,2,0,0,0,0,1
2800,STU02411,33,77,2,1,1,1,0,21,5,1,75,77,1,2,1,1,0,0,1
2801,STU02412,14,96,0,1,2,1,0,26,17,0,65,65,1,2,2,2,0,0,1
2802,STU02413,14,96,0,1,2,1,0,18,6,0,51,93,0,0,0,0,0,0,0
2803,STU02414,14,96,2,1,0,1,0,26,17,0,65,65,1,2,2,2,0,0,1
2804,STU02415,14,96,2,1,0,1,0,18,6,0,51,93,0,0,0,0,0,0,0
2805,STU02416,14,96,2,0,1,1,0,26,17,0,65,65,1,2,2,2,0,0,1
2806,STU02417,14,96,2,0,1,1,0,18,6,0,51,93,0,0,0,0,0,0,0
2807,STU02418,13,94,1,1,0,1,1,22,18,0,82,98,1,2,0,0,0,0,1
2808,STU02419,13,94,1,1,0,1,1,25,7,0,99,55,0,1,2,2,0,0,1
2809,STU02420,13,94,2,1,2,1,1,22,18,0,82,98,1,2,0,0,0,0,1
2810,STU02421,13,94,2,1,2,1,1,25,7,0,99,55,0,1,2,2,0,0,1
2811,STU02422,13,94,2,1,1,1,1,22,18,0,82,98,1,2,0,0,0,0,1
2812,STU02423,13,94,2,1,1,1,1,25,7,0,99,55,0,1,2,2,0,0,1
2813,STU02424,13,94,1,1,2,1,1,22,18,0,82,98,1,2,0,0,0,0,1
2814,STU02425,13,94,1,1,2,1,1,25,7,0,99,55,0,1,2,2,0,0,1
2815,STU02426,27,81,1,1,1,1,0,29,1,0,96,94,1,1,0,0,1,0,0
2816,STU02427,27,81,1,1,1,1,0,22,6,0,53,98,1,1,0,0,0,0,1
2817,STU02428,27,81,1,1,1,1,0,24,16,1,83,73,1,0,1,1,1,0,0
2818,STU02429,27,81,0,1,0,1,0,29,1,0,96,94,1,1,0,0,1,0,0
2819,STU02430,27,81,0,1,0,1,0,22,6,0,53,98,1,1,0,0,0,0,1
2820,STU02431,27,81,0,1,0,1,0,24,16,1,83,73,1,0,1,1,1,0,0
2821,STU02432,27,81,1,1,0,1,0,29,1,0,96,94,1,1,0,0,1,0,0
2822,STU02433,27,81,1,1,0,1,0,22,6,0,53,98,1,1,0,0,0,0,1
2823,STU02434,27,81,1,1,0,1,0,24,16,1,83,73,1,0,1,1,1,0,0
2824,STU02435,27,81,2,1,1,1,0,29,1,0,96,94,1,1,0,0,1,0,0
2825,STU02436,27,81,2,1,1,1,0,22,6,0,53,98,1,1,0,0,0,0,1
2826,STU02437,27,81,2,1,1,1,0,24,16,1,83,73,1,0,1,1,1,0,0
2830,STU02438,25,88,1,1,0,1,1,26,20,1,60,83,0,0,1,1,0,1,0
2831,STU02439,25,88,1,1,0,1,1,22,4,0,53,45,1,2,3,3,0,0,0
2832,STU02440,25,88,1,1,0,1,1,27,5,1,63,82,1,2,1,1,1,0,0
2833,STU02441,25,88,2,1,0,1,1,26,20,1,60,83,0,0,1,1,0,1,0
2834,STU02442,25,88,2,1,0,1,1,22,4,0,53,45,1,2,3,3,0,0,0
2835,STU02443,25,88,2,1,0,1,1,27,5,1,63,82,1,2,1,1,1,0,0
2836,STU02444,25,88,1,1,0,0,1,26,20,1,60,83,0,0,1,1,0,1,0
2837,STU02445,25,88,1,1,0,0,1,22,4,0,53,45,1,2,3,3,0,0,0
2838,STU02446,25,88,1,1,0,0,1,27,5,1,63,82,1,2,1,1,1,0,0
2842,STU02447,24,95,2,1,2,1,1,21,18,1,85,95,0,1,0,0,0,0,1
2843,STU02448,24,95,2,1,2,1,1,29,3,0,67,87,1,2,0,0,0,1,0
2844,STU02449,24,95,0,1,1,1,1,21,18,1,85,95,0,1,0,0,0,0,1
2845,STU02450,24,95,0,1,1,1,1,29,3,0,67,87,1,2,0,0,0,1,0
2846,STU02451,24,95,0,1,1,0,1,21,18,1,85,95,0,1,0,0,0,0,1
2847,STU02452,24,95,0,1,1,0,1,29,3,0,67,87,1,2,0,0,0,1,0
2848,STU02453,24,95,1,1,1,1,1,21,18,1,85,95,0,1,0,0,0,0,1
2849,STU02454,24,95,1,1,1,1,1,29,3,0,67,87,1,2,0,0,0,1,0
2852,STU02455,24,95,0,0,1,1,1,21,18,1,85,95,0,1,0,0,0,0,1
2853,STU02456,24,95,0,0,1,1,1,29,3,0,67,87,1,2,0,0,0,1,0
2854,STU02457,24,95,2,1,0,1,1,21,18,1,85,95,0,1,0,0,0,0,1
2855,STU02458,24,95,2,1,0,1,1,29,3,0,67,87,1,2,0,0,0,1,0
2858,STU02459,24,95,1,0,0,1,1,21,18,1,85,95,0,1,0,0,0,0,1
2859,STU02460,24,95,1,0,0,1,1,29,3,0,67,87,1,2,0,0,0,1,0
2860,STU02461,24,80,2,1,2,1,0,27,9,0,52,42,1,2,3,3,0,0,0
2861,STU02462,24,80,2,1,2,1,0,19,4,1,100,50,1,0,3,3,0,0,1
2862,STU02463,24,80,0,1,1,1,0,27,9,0,52,42,1,2,3,3,0,0,0
2863,STU02464,24,80,0,1,1,1,0,19,4,1,100,50,1,0,3,3,0,0,1
2864,STU02465,24,80,2,1,1,1,0,27,9,0,52,42,1,2,3,3,0,0,0
2865,STU02466,24,80,2,1,1,1,0,19,4,1,100,50,1,0,3,3,0,0,1
2866,STU02467,24,80,2,0,1,1,0,27,9,0,52,42,1,2,3,3,0,0,0
2867,STU02468,24,80,2,0,1,1,0,19,4,1,100,50,1,0,3,3,0,0,1
2868,STU02469,24,80,2,1,0,1,0,27,9,0,52,42,1,2,3,3,0,0,0
2869,STU02470,24,80,2,1,0,1,0,19,4,1,100,50,1,0,3,3,0,0,1
2870,STU02471,24,80,1,1,1,1,0,27,9,0,52,42,1,2,3,3,0,0,0
2871,STU02472,24,80,1,1,1,1,0,19,4,1,100,50,1,0,3,3,0,0,1
2874,STU02473,15,90,1,1,1,1,0,20,13,1,85,95,1,0,0,0,0,0,0
2875,STU02474,15,90,2,1,2,1,0,20,13,1,85,95,1,0,0,0,0,0,0
2877,STU02475,16,76,2,1,1,0,1,19,2,1,76,65,1,0,2,2,0,0,1
2878,STU02476,16,76,2,1,1,0,1,23,2,1,70,83,1,2,1,1,0,1,0
2879,STU02477,16,76,2,1,1,0,1,23,3,1,95,63,0,2,2,2,0,0,0
2880,STU02478,16,76,2,1,1,0,1,19,19,1,96,81,1,2,1,1,0,0,1
2881,STU02479,16,76,0,0,2,1,1,19,2,1,76,65,1,0,2,2,0,0,1
2882,STU02480,16,76,0,0,2,1,1,23,2,1,70,83,1,2,1,1,0,1,0
2883,STU02481,16,76,0,0,2,1,1,23,3,1,95,63,0,2,2,2,0,0,0
2884,STU02482,16,76,0,0,2,1,1,19,19,1,96,81,1,2,1,1,0,0,1
2889,STU02483,16,76,1,0,2,1,1,19,2,1,76,65,1,0,2,2,0,0,1
2890,STU02484,16,76,1,0,2,1,1,23,2,1,70,83,1,2,1,1,0,1,0
2891,STU02485,16,76,1,0,2,1,1,23,3,1,95,63,0,2,2,2,0,0,0
2892,STU02486,16,76,1,0,2,1,1,19,19,1,96,81,1,2,1,1,0,0,1
2893,STU02487,16,76,1,0,1,1,1,19,2,1,76,65,1,0,2,2,0,0,1
2894,STU02488,16,76,1,0,1,1,1,23,2,1,70,83,1,2,1,1,0,1,0
2895,STU02489,16,76,1,0,1,1,1,23,3,1,95,63,0,2,2,2,0,0,0
2896,STU02490,16,76,1,0,1,1,1,19,19,1,96,81,1,2,1,1,0,0,1
2897,STU02491,26,95,2,0,1,1,0,20,0,1,68,63,1,0,2,2,0,1,0
2898,STU02492,26,95,2,0,1,1,0,21,14,0,74,75,0,0,1,1,0,1,0
2899,STU02493,26,95,2,0,1,1,0,29,14,0,93,54,1,2,3,3,1,0,0
2900,STU02494,26,95,2,0,0,1,0,20,0,1,68,63,1,0,2,2,0,1,0
2901,STU02495,26,95,2,0,0,1,0,21,14,0,74,75,0,0,1,1,0,1,0
2902,STU02496,26,95,2,0,0,1,0,29,14,0,93,54,1,2,3,3,1,0,0
2903,STU02497,26,95,0,1,1,1,0,20,0,1,68,63,1,0,2,2,0,1,0
2904,STU02498,26,95,0,1,1,1,0,21,14,0,74,75,0,0,1,1,0,1,0
2905,STU02499,26,95,0,1,1,1,0,29,14,0,93,54,1,2,3,3,1,0,0
2906,STU02500,15,76,1,1,0,1,0,19,3,1,90,55,0,2,2,2,0,0,0
2907,STU02501,15,76,1,1,0,1,0,25,11,1,55,79,1,2,1,1,1,0,0
2908,STU02502,15,76,2,1,1,1,0,19,3,1,90,55,0,2,2,2,0,0,0
2909,STU02503,15,76,2,1,1,1,0,25,11,1,55,79,1,2,1,1,1,0,0
2916,STU02504,18,69,2,0,0,1,1,20,4,0,59,74,0,2,1,1,0,1,0
2917,STU02505,18,69,2,0,0,1,1,21,14,0,99,92,1,2,0,0,0,0,1
2918,STU02506,18,69,2,0,0,1,1,28,5,1,80,94,1,0,0,0,0,1,0
2919,STU02507,18,69,2,0,0,1,1,27,1,0,53,78,1,0,1,1,0,0,0
2920,STU02508,18,69,2,0,0,1,1,20,5,0,66,85,0,0,0,0,0,1,0
2921,STU02509,18,69,1,1,1,1,1,20,4,0,59,74,0,2,1,1,0,1,0
2922,STU02510,18,69,1,1,1,1,1,21,14,0,99,92,1,2,0,0,0,0,1
2923,STU02511,18,69,1,1,1,1,1,28,5,1,80,94,1,0,0,0,0,1,0
2924,STU02512,18,69,1,1,1,1,1,27,1,0,53,78,1,0,1,1,0,0,0
2925,STU02513,18,69,1,1,1,1,1,20,5,0,66,85,0,0,0,0,0,1,0
2926,STU02514,18,69,2,1,2,1,1,20,4,0,59,74,0,2,1,1,0,1,0
2927,STU02515,18,69,2,1,2,1,1,21,14,0,99,92,1,2,0,0,0,0,1
2928,STU02516,18,69,2,1,2,1,1,28,5,1,80,94,1,0,0,0,0,1,0
2929,STU02517,18,69,2,1,2,1,1,27,1,0,53,78,1,0,1,1,0,0,0
2930,STU02518,18,69,2,1,2,1,1,20,5,0,66,85,0,0,0,0,0,1,0
2936,STU02519,18,69,2,1,0,1,1,20,4,0,59,74,0,2,1,1,0,1,0
2937,STU02520,18,69,2,1,0,1,1,21,14,0,99,92,1,2,0,0,0,0,1
2938,STU02521,18,69,2,1,0,1,1,28,5,1,80,94,1,0,0,0,0,1,0
2939,STU02522,18,69,2,1,0,1,1,27,1,0,53,78,1,0,1,1,0,0,0
2940,STU02523,18,69,2,1,0,1,1,20,5,0,66,85,0,0,0,0,0,1,0
2941,STU02524,18,69,0,1,0,1,1,20,4,0,59,74,0,2,1,1,0,1,0
2942,STU02525,18,69,0,1,0,1,1,21,14,0,99,92,1,2,0,0,0,0,1
2943,STU02526,18,69,0,1,0,1,1,28,5,1,80,94,1,0,0,0,0,1,0
2944,STU02527,18,69,0,1,0,1,1,27,1,0,53,78,1,0,1,1,0,0,0
2945,STU02528,18,69,0,1,0,1,1,20,5,0,66,85,0,0,0,0,0,1,0
2951,STU02529,18,69,0,0,1,1,1,20,4,0,59,74,0,2,1,1,0,1,0
2952,STU02530,18,69,0,0,1,1,1,21,14,0,99,92,1,2,0,0,0,0,1
2953,STU02531,18,69,0,0,1,1,1,28,5,1,80,94,1,0,0,0,0,1,0
2954,STU02532,18,69,0,0,1,1,1,27,1,0,53,78,1,0,1,1,0,0,0
2955,STU02533,18,69,0,0,1,1,1,20,5,0,66,85,0,0,0,0,0,1,0
2961,STU02534,22,74,2,1,0,1,0,24,0,1,57,70,1,2,1,1,0,0,0
2962,STU02535,22,74,2,1,0,1,0,25,7,0,98,81,0,2,1,1,0,0,0
2963,STU02536,22,74,0,1,0,1,0,24,0,1,57,70,1,2,1,1,0,0,0
2964,STU02537,22,74,0,1,0,1,0,25,7,0,98,81,0,2,1,1,0,0,0
2965,STU02538,22,74,0,0,1,1,0,24,0,1,57,70,1,2,1,1,0,0,0
2966,STU02539,22,74,0,0,1,1,0,25,7,0,98,81,0,2,1,1,0,0,0
2967,STU02540,22,74,2,1,1,1,0,24,0,1,57,70,1,2,1,1,0,0,0
2968,STU02541,22,74,2,1,1,1,0,25,7,0,98,81,0,2,1,1,0,0,0
2969,STU02542,22,74,2,1,2,1,0,24,0,1,57,70,1,2,1,1,0,0,0
2970,STU02543,22,74,2,1,2,1,0,25,7,0,98,81,0,2,1,1,0,0,0
2971,STU02544,21,90,1,1,0,1,1,27,5,1,75,43,1,0,3,3,1,0,0
2972,STU02545,21,90,1,1,0,1,1,24,8,0,95,59,1,2,2,2,0,1,0
2973,STU02546,21,90,1,1,0,1,1,29,10,0,58,68,0,1,2,2,0,0,0
2974,STU02547,21,90,1,1,0,1,1,19,4,1,72,42,0,1,3,3,1,0,0
2979,STU02548,21,90,1,1,1,1,1,27,5,1,75,43,1,0,3,3,1,0,0
2980,STU02549,21,90,1,1,1,1,1,24,8,0,95,59,1,2,2,2,0,1,0
2981,STU02550,21,90,1,1,1,1,1,29,10,0,58,68,0,1,2,2,0,0,0
2982,STU02551,21,90,1,1,1,1,1,19,4,1,72,42,0,1,3,3,1,0,0
2983,STU02552,21,90,1,1,2,1,1,27,5,1,75,43,1,0,3,3,1,0,0
2984,STU02553,21,90,1,1,2,1,1,24,8,0,95,59,1,2,2,2,0,1,0
2985,STU02554,21,90,1,1,2,1,1,29,10,0,58,68,0,1,2,2,0,0,0
2986,STU02555,21,90,1,1,2,1,1,19,4,1,72,42,0,1,3,3,1,0,0
2987,STU02556,21,90,2,1,1,1,1,27,5,1,75,43,1,0,3,3,1,0,0
2988,STU02557,21,90,2,1,1,1,1,24,8,0,95,59,1,2,2,2,0,1,0
2989,STU02558,21,90,2,1,1,1,1,29,10,0,58,68,0,1,2,2,0,0,0
2990,STU02559,21,90,2,1,1,1,1,19,4,1,72,42,0,1,3,3,1,0,0
2991,STU02560,21,70,2,1,1,1,1,23,9,1,68,56,1,2,2,2,1,0,0
2992,STU02561,21,70,2,0,1,1,1,23,9,1,68,56,1,2,2,2,1,0,0
2993,STU02562,21,70,1,1,2,1,1,23,9,1,68,56,1,2,2,2,1,0,0
2994,STU02563,21,70,0,0,1,1,1,23,9,1,68,56,1,2,2,2,1,0,0
2996,STU02564,21,70,0,1,1,1,1,23,9,1,68,56,1,2,2,2,1,0,0
2997,STU02565,21,70,1,0,1,1,1,23,9,1,68,56,1,2,2,2,1,0,0
2998,STU02566,21,70,1,0,0,1,1,23,9,1,68,56,1,2,2,2,1,0,0
2999,STU02567,21,70,1,1,1,1,1,23,9,1,68,56,1,2,2,2,1,0,0
3000,STU02568,21,70,0,0,0,1,1,23,9,1,68,56,1,2,2,2,1,0,0
3001,STU02569,21,70,0,1,1,0,1,23,9,1,68,56,1,2,2,2,1,0,0
3002,STU02570,17,75,2,1,1,0,1,22,16,1,67,40,1,0,3,3,1,0,0
3003,STU02571,17,75,1,1,0,1,1,22,16,1,67,40,1,0,3,3,1,0,0
3004,STU02572,17,75,0,1,1,1,1,22,16,1,67,40,1,0,3,3,1,0,0
3005,STU02573,21,99,1,0,2,1,1,29,16,1,55,87,1,2,0,0,0,0,1
3006,STU02574,21,99,1,0,2,1,1,22,20,1,90,51,1,1,3,3,1,0,0
3007,STU02575,21,99,1,0,2,1,1,20,15,1,100,52,1,0,3,3,0,0,0
3008,STU02576,21,99,1,0,2,1,1,28,3,1,77,59,1,2,2,2,0,0,1
3009,STU02577,21,99,0,0,2,1,1,29,16,1,55,87,1,2,0,0,0,0,1
3010,STU02578,21,99,0,0,2,1,1,22,20,1,90,51,1,1,3,3,1,0,0
3011,STU02579,21,99,0,0,2,1,1,20,15,1,100,52,1,0,3,3,0,0,0
3012,STU02580,21,99,0,0,2,1,1,28,3,1,77,59,1,2,2,2,0,0,1
3013,STU02581,21,99,1,1,1,0,1,29,16,1,55,87,1,2,0,0,0,0,1
3014,STU02582,21,99,1,1,1,0,1,22,20,1,90,51,1,1,3,3,1,0,0
3015,STU02583,21,99,1,1,1,0,1,20,15,1,100,52,1,0,3,3,0,0,0
3016,STU02584,21,99,1,1,1,0,1,28,3,1,77,59,1,2,2,2,0,0,1
3017,STU02585,21,99,1,1,2,1,1,29,16,1,55,87,1,2,0,0,0,0,1
3018,STU02586,21,99,1,1,2,1,1,22,20,1,90,51,1,1,3,3,1,0,0
3019,STU02587,21,99,1,1,2,1,1,20,15,1,100,52,1,0,3,3,0,0,0
3020,STU02588,21,99,1,1,2,1,1,28,3,1,77,59,1,2,2,2,0,0,1
3021,STU02589,12,63,2,1,0,1,0,26,17,1,51,73,1,2,1,1,0,0,1
3022,STU02590,12,63,1,0,0,1,0,26,17,1,51,73,1,2,1,1,0,0,1
3023,STU02591,19,84,1,1,2,1,1,29,13,0,75,57,1,1,2,2,0,0,0
3024,STU02592,19,84,1,1,2,1,1,28,6,0,71,99,1,2,0,0,1,0,0
3025,STU02593,19,84,0,1,1,1,1,29,13,0,75,57,1,1,2,2,0,0,0
3026,STU02594,19,84,0,1,1,1,1,28,6,0,71,99,1,2,0,0,1,0,0
3027,STU02595,19,84,1,0,0,1,1,29,13,0,75,57,1,1,2,2,0,0,0
3028,STU02596,19,84,1,0,0,1,1,28,6,0,71,99,1,2,0,0,1,0,0
3029,STU02597,19,84,2,1,0,1,1,29,13,0,75,57,1,1,2,2,0,0,0
3030,STU02598,19,84,2,1,0,1,1,28,6,0,71,99,1,2,0,0,1,0,0
3031,STU02599,19,84,1,1,1,1,1,29,13,0,75,57,1,1,2,2,0,0,0
3032,STU02600,19,84,1,1,1,1,1,28,6,0,71,99,1,2,0,0,1,0,0
3033,STU02601,19,84,1,0,2,1,1,29,13,0,75,57,1,1,2,2,0,0,0
3034,STU02602,19,84,1,0,2,1,1,28,6,0,71,99,1,2,0,0,1,0,0
3039,STU02603,22,84,1,0,1,0,1,26,13,1,85,92,0,0,0,0,0,1,0
3040,STU02604,22,84,1,0,1,0,1,22,16,1,68,87,1,0,0,0,1,0,0
3041,STU02605,22,84,1,0,1,0,1,20,2,1,78,48,1,1,3,3,1,0,0
3042,STU02606,22,84,1,0,1,0,1,29,12,1,66,89,1,2,0,0,0,0,1
3043,STU02607,22,84,1,0,1,1,1,26,13,1,85,92,0,0,0,0,0,1,0
3044,STU02608,22,84,1,0,1,1,1,22,16,1,68,87,1,0,0,0,1,0,0
3045,STU02609,22,84,1,0,1,1,1,20,2,1,78,48,1,1,3,3,1,0,0
3046,STU02610,22,84,1,0,1,1,1,29,12,1,66,89,1,2,0,0,0,0,1
3047,STU02611,22,84,1,1,1,1,1,26,13,1,85,92,0,0,0,0,0,1,0
3048,STU02612,22,84,1,1,1,1,1,22,16,1,68,87,1,0,0,0,1,0,0
3049,STU02613,22,84,1,1,1,1,1,20,2,1,78,48,1,1,3,3,1,0,0
3050,STU02614,22,84,1,1,1,1,1,29,12,1,66,89,1,2,0,0,0,0,1
3055,STU02615,22,84,2,1,1,1,1,26,13,1,85,92,0,0,0,0,0,1,0
3056,STU02616,22,84,2,1,1,1,1,22,16,1,68,87,1,0,0,0,1,0,0
3057,STU02617,22,84,2,1,1,1,1,20,2,1,78,48,1,1,3,3,1,0,0
3058,STU02618,22,84,2,1,1,1,1,29,12,1,66,89,1,2,0,0,0,0,1
3063,STU02619,29,77,2,0,1,1,1,24,6,0,71,94,1,2,0,0,0,0,1
3064,STU02620,29,77,0,1,0,1,1,24,6,0,71,94,1,2,0,0,0,0,1
3065,STU02621,29,77,1,1,1,1,1,24,6,0,71,94,1,2,0,0,0,0,1
3066,STU02622,25,77,0,1,2,0,0,29,13,1,71,59,1,0,2,2,0,1,0
3067,STU02623,25,77,0,1,2,0,0,22,11,1,70,85,1,1,0,0,0,0,1
3068,STU02624,25,77,1,1,1,1,0,29,13,1,71,59,1,0,2,2,0,1,0
3069,STU02625,25,77,1,1,1,1,0,22,11,1,70,85,1,1,0,0,0,0,1
3070,STU02626,25,77,0,0,0,1,0,29,13,1,71,59,1,0,2,2,0,1,0
3071,STU02627,25,77,0,0,0,1,0,22,11,1,70,85,1,1,0,0,0,0,1
3072,STU02628,19,62,1,0,0,1,1,18,20,0,95,98,1,2,0,0,1,0,0
3073,STU02629,19,62,1,0,0,1,1,22,16,1,82,66,0,2,2,2,0,1,0
3074,STU02630,19,62,0,0,2,1,1,18,20,0,95,98,1,2,0,0,1,0,0
3075,STU02631,19,62,0,0,2,1,1,22,16,1,82,66,0,2,2,2,0,1,0
3078,STU02632,19,62,2,1,1,1,1,18,20,0,95,98,1,2,0,0,1,0,0
3079,STU02633,19,62,2,1,1,1,1,22,16,1,82,66,0,2,2,2,0,1,0
3082,STU02634,19,62,1,1,2,1,1,18,20,0,95,98,1,2,0,0,1,0,0
3083,STU02635,19,62,1,1,2,1,1,22,16,1,82,66,0,2,2,2,0,1,0
3084,STU02636,19,62,1,1,0,1,1,18,20,0,95,98,1,2,0,0,1,0,0
3085,STU02637,19,62,1,1,0,1,1,22,16,1,82,66,0,2,2,2,0,1,0
3086,STU02638,20,66,1,0,2,1,0,25,9,1,85,98,0,2,0,0,0,0,1
3087,STU02639,20,66,2,0,1,1,0,25,9,1,85,98,0,2,0,0,0,0,1
3088,STU02640,20,66,1,1,0,1,0,25,9,1,85,98,0,2,0,0,0,0,1
3089,STU02641,20,66,2,1,2,1,0,25,9,1,85,98,0,2,0,0,0,0,1
3090,STU02642,20,66,0,0,0,1,0,25,9,1,85,98,0,2,0,0,0,0,1
3091,STU02643,20,66,0,1,1,1,0,25,9,1,85,98,0,2,0,0,0,0,1
3093,STU02644,18,64,1,1,2,1,1,26,14,1,52,94,0,1,0,0,0,1,0
3094,STU02645,18,64,1,1,2,1,1,26,16,1,65,72,1,2,1,1,0,0,1
3095,STU02646,18,64,1,1,2,1,1,25,0,1,57,99,1,1,0,0,1,0,0
3096,STU02647,18,64,1,1,2,1,1,28,12,1,96,60,1,2,2,2,0,1,0
3097,STU02648,18,64,0,1,0,1,1,26,14,1,52,94,0,1,0,0,0,1,0
3098,STU02649,18,64,0,1,0,1,1,26,16,1,65,72,1,2,1,1,0,0,1
3099,STU02650,18,64,0,1,0,1,1,25,0,1,57,99,1,1,0,0,1,0,0
3100,STU02651,18,64,0,1,0,1,1,28,12,1,96,60,1,2,2,2,0,1,0
3105,STU02652,18,64,2,0,1,1,1,26,14,1,52,94,0,1,0,0,0,1,0
3106,STU02653,18,64,2,0,1,1,1,26,16,1,65,72,1,2,1,1,0,0,1
3107,STU02654,18,64,2,0,1,1,1,25,0,1,57,99,1,1,0,0,1,0,0
3108,STU02655,18,64,2,0,1,1,1,28,12,1,96,60,1,2,2,2,0,1,0
3113,STU02656,18,64,1,1,1,1,1,26,14,1,52,94,0,1,0,0,0,1,0
3114,STU02657,18,64,1,1,1,1,1,26,16,1,65,72,1,2,1,1,0,0,1
3115,STU02658,18,64,1,1,1,1,1,25,0,1,57,99,1,1,0,0,1,0,0
3116,STU02659,18,64,1,1,1,1,1,28,12,1,96,60,1,2,2,2,0,1,0
3121,STU02660,18,64,1,0,1,1,1,26,14,1,52,94,0,1,0,0,0,1,0
3122,STU02661,18,64,1,0,1,1,1,26,16,1,65,72,1,2,1,1,0,0,1
3123,STU02662,18,64,1,0,1,1,1,25,0,1,57,99,1,1,0,0,1,0,0
3124,STU02663,18,64,1,0,1,1,1,28,12,1,96,60,1,2,2,2,0,1,0
3133,STU02664,18,64,2,1,0,1,1,26,14,1,52,94,0,1,0,0,0,1,0
3134,STU02665,18,64,2,1,0,1,1,26,16,1,65,72,1,2,1,1,0,0,1
3135,STU02666,18,64,2,1,0,1,1,25,0,1,57,99,1,1,0,0,1,0,0
3136,STU02667,18,64,2,1,0,1,1,28,12,1,96,60,1,2,2,2,0,1,0
3141,STU02668,15,64,1,1,2,1,0,22,18,1,97,61,1,1,2,2,0,0,0
3142,STU02669,15,64,1,1,2,1,0,26,6,1,79,55,1,1,2,2,0,1,0
3143,STU02670,15,64,2,1,2,1,0,22,18,1,97,61,1,1,2,2,0,0,0
3144,STU02671,15,64,2,1,2,1,0,26,6,1,79,55,1,1,2,2,0,1,0
3145,STU02672,15,64,1,0,0,1,0,22,18,1,97,61,1,1,2,2,0,0,0
3146,STU02673,15,64,1,0,0,1,0,26,6,1,79,55,1,1,2,2,0,1,0
3149,STU02674,15,64,1,0,1,1,0,22,18,1,97,61,1,1,2,2,0,0,0
3150,STU02675,15,64,1,0,1,1,0,26,6,1,79,55,1,1,2,2,0,1,0
3151,STU02676,23,84,1,1,0,1,0,26,6,1,75,76,1,0,1,1,1,0,0
3152,STU02677,23,84,1,1,0,1,0,24,9,1,61,62,1,1,2,2,1,0,0
3153,STU02678,23,84,1,1,0,1,0,29,0,1,87,49,1,1,3,3,0,0,0
3154,STU02679,23,84,1,1,0,1,0,22,13,0,52,67,1,1,2,2,0,1,0
3155,STU02680,23,84,0,0,1,0,0,26,6,1,75,76,1,0,1,1,1,0,0
3156,STU02681,23,84,0,0,1,0,0,24,9,1,61,62,1,1,2,2,1,0,0
3157,STU02682,23,84,0,0,1,0,0,29,0,1,87,49,1,1,3,3,0,0,0
3158,STU02683,23,84,0,0,1,0,0,22,13,0,52,67,1,1,2,2,0,1,0
3159,STU02684,23,84,0,1,1,1,0,26,6,1,75,76,1,0,1,1,1,0,0
3160,STU02685,23,84,0,1,1,1,0,24,9,1,61,62,1,1,2,2,1,0,0
3161,STU02686,23,84,0,1,1,1,0,29,0,1,87,49,1,1,3,3,0,0,0
3162,STU02687,23,84,0,1,1,1,0,22,13,0,52,67,1,1,2,2,0,1,0
3163,STU02688,23,84,0,1,0,0,0,26,6,1,75,76,1,0,1,1,1,0,0
3164,STU02689,23,84,0,1,0,0,0,24,9,1,61,62,1,1,2,2,1,0,0
3165,STU02690,23,84,0,1,0,0,0,29,0,1,87,49,1,1,3,3,0,0,0
3166,STU02691,23,84,0,1,0,0,0,22,13,0,52,67,1,1,2,2,0,1,0
3167,STU02692,23,84,1,0,0,1,0,26,6,1,75,76,1,0,1,1,1,0,0
3168,STU02693,23,84,1,0,0,1,0,24,9,1,61,62,1,1,2,2,1,0,0
3169,STU02694,23,84,1,0,0,1,0,29,0,1,87,49,1,1,3,3,0,0,0
3170,STU02695,23,84,1,0,0,1,0,22,13,0,52,67,1,1,2,2,0,1,0
3171,STU02696,29,68,2,1,1,1,1,25,17,1,51,84,1,0,1,1,0,1,0
3172,STU02697,29,68,1,0,1,1,1,25,17,1,51,84,1,0,1,1,0,1,0
3173,STU02698,29,68,0,0,0,1,1,25,17,1,51,84,1,0,1,1,0,1,0
3174,STU02699,29,68,2,1,0,1,1,25,17,1,51,84,1,0,1,1,0,1,0
3175,STU02700,21,69,2,1,1,1,1,27,7,0,80,58,0,2,2,2,0,0,1
3176,STU02701,21,69,1,1,2,1,1,27,7,0,80,58,0,2,2,2,0,0,1
3178,STU02702,21,69,1,1,0,1,1,27,7,0,80,58,0,2,2,2,0,0,1
3179,STU02703,21,69,1,0,1,1,1,27,7,0,80,58,0,2,2,2,0,0,1
3180,STU02704,21,69,0,1,1,1,1,27,7,0,80,58,0,2,2,2,0,0,1
3183,STU02705,20,73,1,1,1,1,0,27,15,1,59,50,1,1,3,3,0,1,0
3185,STU02706,20,73,2,0,0,1,0,27,15,1,59,50,1,1,3,3,0,1,0
3186,STU02707,21,68,0,0,0,1,1,21,3,1,76,67,0,2,2,2,0,0,1
3187,STU02708,21,68,1,1,1,0,1,21,3,1,76,67,0,2,2,2,0,0,1
3188,STU02709,21,68,1,1,0,1,1,21,3,1,76,67,0,2,2,2,0,0,1
3189,STU02710,21,68,2,1,2,1,1,21,3,1,76,67,0,2,2,2,0,0,1
3190,STU02711,21,68,2,1,1,1,1,21,3,1,76,67,0,2,2,2,0,0,1
3191,STU02712,20,61,1,0,1,1,1,25,16,1,71,50,1,2,3,3,0,0,1
3192,STU02713,20,61,1,0,1,1,1,25,20,0,64,52,1,2,3,3,1,0,0
3193,STU02714,20,61,0,1,1,1,1,25,16,1,71,50,1,2,3,3,0,0,1
3194,STU02715,20,61,0,1,1,1,1,25,20,0,64,52,1,2,3,3,1,0,0
3195,STU02716,20,61,1,1,1,1,1,25,16,1,71,50,1,2,3,3,0,0,1
3196,STU02717,20,61,1,1,1,1,1,25,20,0,64,52,1,2,3,3,1,0,0
3199,STU02718,20,61,2,1,1,1,1,25,16,1,71,50,1,2,3,3,0,0,1
3200,STU02719,20,61,2,1,1,1,1,25,20,0,64,52,1,2,3,3,1,0,0
3203,STU02720,20,61,2,0,1,1,1,25,16,1,71,50,1,2,3,3,0,0,1
3204,STU02721,20,61,2,0,1,1,1,25,20,0,64,52,1,2,3,3,1,0,0
3205,STU02722,29,81,1,0,1,1,1,27,14,0,81,88,1,1,0,0,0,0,1
3206,STU02723,29,81,1,0,1,1,1,19,12,0,84,79,1,1,1,1,0,1,0
3207,STU02724,29,81,1,1,0,1,1,27,14,0,81,88,1,1,0,0,0,0,1
3208,STU02725,29,81,1,1,0,1,1,19,12,0,84,79,1,1,1,1,0,1,0
3209,STU02726,26,96,1,1,1,0,1,26,2,1,55,69,0,0,2,2,0,1,0
3210,STU02727,26,96,1,1,1,0,1,24,11,1,58,41,1,2,3,3,0,1,0
3211,STU02728,26,96,1,1,1,0,1,22,2,1,98,55,1,0,2,2,0,0,0
3212,STU02729,26,96,1,0,1,1,1,26,2,1,55,69,0,0,2,2,0,1,0
3213,STU02730,26,96,1,0,1,1,1,24,11,1,58,41,1,2,3,3,0,1,0
3214,STU02731,26,96,1,0,1,1,1,22,2,1,98,55,1,0,2,2,0,0,0
3215,STU02732,33,67,1,1,2,1,0,19,1,0,83,51,0,2,3,3,0,0,0
3216,STU02733,33,67,1,1,2,1,0,26,18,1,90,54,1,1,3,3,1,0,0
3217,STU02734,33,67,1,1,1,1,0,19,1,0,83,51,0,2,3,3,0,0,0
3218,STU02735,33,67,1,1,1,1,0,26,18,1,90,54,1,1,3,3,1,0,0
3219,STU02736,15,92,0,1,0,1,0,19,5,0,92,100,1,2,0,0,0,1,0
3220,STU02737,15,92,0,1,0,1,0,27,11,0,70,93,1,1,0,0,0,0,1
3221,STU02738,15,92,0,1,0,1,0,26,18,1,68,86,1,0,0,0,0,1,0
3222,STU02739,15,92,2,1,1,1,0,19,5,0,92,100,1,2,0,0,0,1,0
3223,STU02740,15,92,2,1,1,1,0,27,11,0,70,93,1,1,0,0,0,0,1
3224,STU02741,15,92,2,1,1,1,0,26,18,1,68,86,1,0,0,0,0,1,0
3225,STU02742,15,92,1,1,1,1,0,19,5,0,92,100,1,2,0,0,0,1,0
3226,STU02743,15,92,1,1,1,1,0,27,11,0,70,93,1,1,0,0,0,0,1
3227,STU02744,15,92,1,1,1,1,0,26,18,1,68,86,1,0,0,0,0,1,0
3228,STU02745,25,92,1,0,1,1,1,22,16,1,76,83,1,1,1,1,0,0,0
3229,STU02746,25,92,2,1,0,1,1,22,16,1,76,83,1,1,1,1,0,0,0
3230,STU02747,25,92,1,1,1,1,1,22,16,1,76,83,1,1,1,1,0,0,0
3231,STU02748,33,76,1,1,0,1,0,25,17,0,95,97,1,2,0,0,0,1,0
3232,STU02749,33,76,1,1,0,1,0,28,18,0,69,44,0,0,3,3,0,0,1
3233,STU02750,33,76,1,1,0,1,0,26,20,1,53,88,1,1,0,0,1,0,0
3234,STU02751,33,76,1,1,0,1,0,27,19,0,85,45,0,1,3,3,0,0,1
3235,STU02752,15,67,1,1,0,1,0,25,1,1,74,43,1,1,3,3,0,1,0
3236,STU02753,15,67,2,1,2,1,0,25,1,1,74,43,1,1,3,3,0,1,0
3237,STU02754,15,67,1,0,1,1,0,25,1,1,74,43,1,1,3,3,0,1,0
3238,STU02755,15,70,1,0,1,1,0,20,20,1,88,41,1,1,3,3,0,0,1
3239,STU02756,15,70,1,0,1,1,0,27,0,0,76,49,1,2,3,3,0,0,0
3240,STU02757,15,70,1,0,0,1,0,20,20,1,88,41,1,1,3,3,0,0,1
3241,STU02758,15,70,1,0,0,1,0,27,0,0,76,49,1,2,3,3,0,0,0
3242,STU02759,16,71,1,0,1,1,0,25,19,0,59,55,1,0,2,2,1,0,0
3243,STU02760,16,71,1,0,1,1,0,26,19,1,89,73,0,1,1,1,0,1,0
3244,STU02761,16,71,2,0,1,1,0,25,19,0,59,55,1,0,2,2,1,0,0
3245,STU02762,16,71,2,0,1,1,0,26,19,1,89,73,0,1,1,1,0,1,0
3246,STU02763,16,71,2,1,0,1,0,25,19,0,59,55,1,0,2,2,1,0,0
3247,STU02764,16,71,2,1,0,1,0,26,19,1,89,73,0,1,1,1,0,1,0
3248,STU02765,7,82,2,1,1,1,1,27,15,1,54,44,0,2,3,3,0,1,0
3249,STU02766,7,82,2,1,1,1,1,18,20,1,60,75,1,2,1,1,1,0,0
3252,STU02767,17,76,2,0,2,1,0,24,13,0,59,85,1,1,0,0,1,0,0
3253,STU02768,17,76,1,1,1,1,0,24,13,0,59,85,1,1,0,0,1,0,0
3254,STU02769,17,76,2,1,0,1,0,24,13,0,59,85,1,1,0,0,1,0,0
3255,STU02770,17,76,1,1,0,0,0,24,13,0,59,85,1,1,0,0,1,0,0
3257,STU02771,22,99,0,1,0,1,0,29,13,1,76,98,1,2,0,0,0,0,0
3258,STU02772,22,99,0,1,0,1,0,21,16,1,73,86,1,1,0,0,0,0,0
3259,STU02773,22,99,1,1,2,1,0,29,13,1,76,98,1,2,0,0,0,0,0
3260,STU02774,22,99,1,1,2,1,0,21,16,1,73,86,1,1,0,0,0,0,0
3261,STU02775,22,99,0,0,1,1,0,29,13,1,76,98,1,2,0,0,0,0,0
3262,STU02776,22,99,0,0,1,1,0,21,16,1,73,86,1,1,0,0,0,0,0
3265,STU02777,22,99,2,0,0,1,0,29,13,1,76,98,1,2,0,0,0,0,0
3266,STU02778,22,99,2,0,0,1,0,21,16,1,73,86,1,1,0,0,0,0,0
3267,STU02779,31,69,0,1,1,1,0,25,11,1,76,80,1,1,1,1,0,1,0
3268,STU02780,31,69,0,1,1,1,0,24,13,0,76,61,1,2,2,2,1,0,0
3269,STU02781,26,91,1,1,1,1,0,21,16,1,73,99,1,0,0,0,0,0,1
3270,STU02782,26,91,1,1,1,1,0,20,3,0,81,89,1,0,0,0,0,0,1
3271,STU02783,26,91,1,1,1,1,0,28,5,1,70,91,1,2,0,0,0,1,0
3272,STU02784,17,74,1,1,1,1,1,18,18,0,72,73,0,2,1,1,1,0,0
3273,STU02785,17,74,1,0,1,1,1,18,18,0,72,73,0,2,1,1,1,0,0
3274,STU02786,17,74,1,1,0,1,1,18,18,0,72,73,0,2,1,1,1,0,0
3275,STU02787,17,74,0,0,1,1,1,18,18,0,72,73,0,2,1,1,1,0,0
3277,STU02788,15,66,2,0,1,0,1,29,5,1,72,94,0,2,0,0,0,0,0
3278,STU02789,15,66,2,1,0,1,1,29,5,1,72,94,0,2,0,0,0,0,0
3279,STU02790,15,66,1,0,1,1,1,29,5,1,72,94,0,2,0,0,0,0,0
3280,STU02791,31,86,2,1,1,1,1,28,10,0,78,85,0,2,0,0,0,0,0
3281,STU02792,31,86,2,1,1,1,1,18,4,0,66,43,1,0,3,3,0,0,0
3282,STU02793,31,86,2,1,1,1,1,21,5,0,97,74,1,2,1,1,0,0,0
3283,STU02794,31,86,2,1,1,1,1,19,0,0,55,79,1,2,1,1,0,1,0
3284,STU02795,27,83,0,0,1,1,0,23,9,1,79,94,1,1,0,0,0,1,0
3285,STU02796,27,83,0,0,1,1,0,26,11,0,51,70,1,2,1,1,0,1,0
3286,STU02797,27,83,0,0,1,1,0,29,1,1,52,75,0,2,1,1,0,1,0
3287,STU02798,27,83,1,1,1,1,0,23,9,1,79,94,1,1,0,0,0,1,0
3288,STU02799,27,83,1,1,1,1,0,26,11,0,51,70,1,2,1,1,0,1,0
3289,STU02800,27,83,1,1,1,1,0,29,1,1,52,75,0,2,1,1,0,1,0
3290,STU02801,27,83,1,0,1,1,0,23,9,1,79,94,1,1,0,0,0,1,0
3291,STU02802,27,83,1,0,1,1,0,26,11,0,51,70,1,2,1,1,0,1,0
3292,STU02803,27,83,1,0,1,1,0,29,1,1,52,75,0,2,1,1,0,1,0
3293,STU02804,17,79,0,1,0,1,1,20,6,1,91,95,1,2,0,0,0,0,1
3294,STU02805,17,79,0,1,0,1,1,27,5,0,50,93,1,2,0,0,0,0,0
3295,STU02806,17,79,0,1,0,1,1,19,18,1,95,64,1,2,2,2,0,1,0
3296,STU02807,17,79,2,1,1,1,1,20,6,1,91,95,1,2,0,0,0,0,1
3297,STU02808,17,79,2,1,1,1,1,27,5,0,50,93,1,2,0,0,0,0,0
3298,STU02809,17,79,2,1,1,1,1,19,18,1,95,64,1,2,2,2,0,1,0
3302,STU02810,17,79,1,0,1,1,1,20,6,1,91,95,1,2,0,0,0,0,1
3303,STU02811,17,79,1,0,1,1,1,27,5,0,50,93,1,2,0,0,0,0,0
3304,STU02812,17,79,1,0,1,1,1,19,18,1,95,64,1,2,2,2,0,1,0
3305,STU02813,10,80,1,1,2,1,0,24,14,1,75,57,0,2,2,2,1,0,0
3306,STU02814,19,64,1,0,1,1,1,19,11,0,87,69,0,2,2,2,0,0,1
3307,STU02815,19,64,1,0,2,1,1,19,11,0,87,69,0,2,2,2,0,0,1
3309,STU02816,19,64,1,1,2,1,1,19,11,0,87,69,0,2,2,2,0,0,1
3311,STU02817,19,64,2,1,1,1,1,19,11,0,87,69,0,2,2,2,0,0,1
3312,STU02818,10,96,2,0,1,0,0,25,16,1,50,95,1,2,0,0,0,0,0
3313,STU02819,10,96,1,0,1,1,0,25,16,1,50,95,1,2,0,0,0,0,0
3314,STU02820,10,96,2,1,1,1,0,25,16,1,50,95,1,2,0,0,0,0,0
3315,STU02821,16,62,1,1,0,1,1,26,19,0,54,55,1,0,2,2,1,0,0
3316,STU02822,16,62,1,1,0,1,1,27,8,1,75,51,1,0,3,3,0,0,1
3317,STU02823,16,62,1,1,0,1,1,21,11,0,72,64,1,1,2,2,0,1,0
3318,STU02824,16,62,1,1,0,1,1,19,2,1,71,82,1,0,1,1,0,1,0
3319,STU02825,16,62,1,0,1,1,1,26,19,0,54,55,1,0,2,2,1,0,0
3320,STU02826,16,62,1,0,1,1,1,27,8,1,75,51,1,0,3,3,0,0,1
3321,STU02827,16,62,1,0,1,1,1,21,11,0,72,64,1,1,2,2,0,1,0
3322,STU02828,16,62,1,0,1,1,1,19,2,1,71,82,1,0,1,1,0,1,0
3327,STU02829,17,77,2,1,1,1,1,24,0,0,92,41,1,0,3,3,0,1,0
3328,STU02830,17,77,2,1,1,1,1,28,15,1,87,78,1,2,1,1,0,0,0
3329,STU02831,17,77,1,1,0,1,1,24,0,0,92,41,1,0,3,3,0,1,0
3330,STU02832,17,77,1,1,0,1,1,28,15,1,87,78,1,2,1,1,0,0,0
3331,STU02833,17,77,1,0,0,1,1,24,0,0,92,41,1,0,3,3,0,1,0
3332,STU02834,17,77,1,0,0,1,1,28,15,1,87,78,1,2,1,1,0,0,0
3335,STU02835,17,77,1,1,1,1,1,24,0,0,92,41,1,0,3,3,0,1,0
3336,STU02836,17,77,1,1,1,1,1,28,15,1,87,78,1,2,1,1,0,0,0
3341,STU02837,14,65,1,0,0,1,1,28,2,0,71,77,0,2,1,1,1,0,0
3342,STU02838,14,65,1,0,0,1,1,25,19,1,60,41,0,2,3,3,0,0,0
3343,STU02839,14,65,1,0,0,1,1,26,0,1,61,96,1,1,0,0,0,1,0
3344,STU02840,14,65,1,0,0,1,1,20,0,1,62,50,0,2,3,3,0,0,0
3345,STU02841,14,65,1,0,1,1,1,28,2,0,71,77,0,2,1,1,1,0,0
3346,STU02842,14,65,1,0,1,1,1,25,19,1,60,41,0,2,3,3,0,0,0
3347,STU02843,14,65,1,0,1,1,1,26,0,1,61,96,1,1,0,0,0,1,0
3348,STU02844,14,65,1,0,1,1,1,20,0,1,62,50,0,2,3,3,0,0,0
3349,STU02845,14,65,2,1,0,1,1,28,2,0,71,77,0,2,1,1,1,0,0
3350,STU02846,14,65,2,1,0,1,1,25,19,1,60,41,0,2,3,3,0,0,0
3351,STU02847,14,65,2,1,0,1,1,26,0,1,61,96,1,1,0,0,0,1,0
3352,STU02848,14,65,2,1,0,1,1,20,0,1,62,50,0,2,3,3,0,0,0
3353,STU02849,14,65,2,0,0,1,1,28,2,0,71,77,0,2,1,1,1,0,0
3354,STU02850,14,65,2,0,0,1,1,25,19,1,60,41,0,2,3,3,0,0,0
3355,STU02851,14,65,2,0,0,1,1,26,0,1,61,96,1,1,0,0,0,1,0
3356,STU02852,14,65,2,0,0,1,1,20,0,1,62,50,0,2,3,3,0,0,0
3361,STU02853,14,65,1,1,1,1,1,28,2,0,71,77,0,2,1,1,1,0,0
3362,STU02854,14,65,1,1,1,1,1,25,19,1,60,41,0,2,3,3,0,0,0
3363,STU02855,14,65,1,1,1,1,1,26,0,1,61,96,1,1,0,0,0,1,0
3364,STU02856,14,65,1,1,1,1,1,20,0,1,62,50,0,2,3,3,0,0,0
3365,STU02857,19,80,1,0,1,1,0,20,1,1,52,73,1,2,1,1,1,0,0
3366,STU02858,19,80,1,1,0,1,0,20,1,1,52,73,1,2,1,1,1,0,0
3367,STU02859,19,80,1,1,1,1,0,20,1,1,52,73,1,2,1,1,1,0,0
3368,STU02860,19,80,1,1,2,0,0,20,1,1,52,73,1,2,1,1,1,0,0
3369,STU02861,19,80,2,1,1,1,0,20,1,1,52,73,1,2,1,1,1,0,0
3370,STU02862,24,91,1,0,0,1,1,22,4,0,61,71,1,2,1,1,1,0,0
3371,STU02863,24,91,1,0,0,1,1,28,8,1,56,44,1,1,3,3,0,0,1
3372,STU02864,24,91,1,0,0,1,1,21,18,1,100,94,1,2,0,0,0,0,1
3373,STU02865,24,91,0,1,2,1,1,22,4,0,61,71,1,2,1,1,1,0,0
3374,STU02866,24,91,0,1,2,1,1,28,8,1,56,44,1,1,3,3,0,0,1
3375,STU02867,24,91,0,1,2,1,1,21,18,1,100,94,1,2,0,0,0,0,1
3379,STU02868,24,91,0,1,1,1,1,22,4,0,61,71,1,2,1,1,1,0,0
3380,STU02869,24,91,0,1,1,1,1,28,8,1,56,44,1,1,3,3,0,0,1
3381,STU02870,24,91,0,1,1,1,1,21,18,1,100,94,1,2,0,0,0,0,1
3382,STU02871,24,91,2,1,2,1,1,22,4,0,61,71,1,2,1,1,1,0,0
3383,STU02872,24,91,2,1,2,1,1,28,8,1,56,44,1,1,3,3,0,0,1
3384,STU02873,24,91,2,1,2,1,1,21,18,1,100,94,1,2,0,0,0,0,1
3385,STU02874,24,91,1,1,1,1,1,22,4,0,61,71,1,2,1,1,1,0,0
3386,STU02875,24,91,1,1,1,1,1,28,8,1,56,44,1,1,3,3,0,0,1
3387,STU02876,24,91,1,1,1,1,1,21,18,1,100,94,1,2,0,0,0,0,1
3388,STU02877,24,91,1,0,1,1,1,22,4,0,61,71,1,2,1,1,1,0,0
3389,STU02878,24,91,1,0,1,1,1,28,8,1,56,44,1,1,3,3,0,0,1
3390,STU02879,24,91,1,0,1,1,1,21,18,1,100,94,1,2,0,0,0,0,1
3391,STU02880,24,91,2,1,0,1,1,22,4,0,61,71,1,2,1,1,1,0,0
3392,STU02881,24,91,2,1,0,1,1,28,8,1,56,44,1,1,3,3,0,0,1
3393,STU02882,24,91,2,1,0,1,1,21,18,1,100,94,1,2,0,0,0,0,1
3397,STU02883,24,91,2,1,1,1,1,22,4,0,61,71,1,2,1,1,1,0,0
3398,STU02884,24,91,2,1,1,1,1,28,8,1,56,44,1,1,3,3,0,0,1
3399,STU02885,24,91,2,1,1,1,1,21,18,1,100,94,1,2,0,0,0,0,1
3400,STU02886,13,70,2,0,1,1,1,27,14,1,91,44,1,2,3,3,0,0,0
3401,STU02887,13,70,2,0,1,1,1,25,8,1,54,87,1,0,0,0,0,0,1
3402,STU02888,13,70,1,0,1,1,1,27,14,1,91,44,1,2,3,3,0,0,0
3403,STU02889,13,70,1,0,1,1,1,25,8,1,54,87,1,0,0,0,0,0,1
3404,STU02890,13,70,1,1,1,1,1,27,14,1,91,44,1,2,3,3,0,0,0
3405,STU02891,13,70,1,1,1,1,1,25,8,1,54,87,1,0,0,0,0,0,1
3406,STU02892,13,70,2,1,2,1,1,27,14,1,91,44,1,2,3,3,0,0,0
3407,STU02893,13,70,2,1,2,1,1,25,8,1,54,87,1,0,0,0,0,0,1
3408,STU02894,13,70,1,1,2,1,1,27,14,1,91,44,1,2,3,3,0,0,0
3409,STU02895,13,70,1,1,2,1,1,25,8,1,54,87,1,0,0,0,0,0,1
3410,STU02896,13,70,2,1,1,1,1,27,14,1,91,44,1,2,3,3,0,0,0
3411,STU02897,13,70,2,1,1,1,1,25,8,1,54,87,1,0,0,0,0,0,1
3416,STU02898,11,79,1,1,1,1,1,19,3,1,73,57,1,2,2,2,0,0,1
3417,STU02899,16,94,1,0,0,1,0,18,9,1,78,49,1,2,3,3,0,0,0
3419,STU02900,16,94,1,1,0,1,0,18,9,1,78,49,1,2,3,3,0,0,0
3420,STU02901,16,94,1,0,1,1,0,18,9,1,78,49,1,2,3,3,0,0,0
3422,STU02902,16,94,2,0,2,1,0,18,9,1,78,49,1,2,3,3,0,0,0
3423,STU02903,16,94,1,1,1,1,0,18,9,1,78,49,1,2,3,3,0,0,0
3424,STU02904,16,94,0,1,0,1,0,18,9,1,78,49,1,2,3,3,0,0,0
3425,STU02905,27,62,2,1,0,1,0,20,10,1,89,68,0,1,2,2,0,0,1
3426,STU02906,27,62,2,1,0,1,0,20,4,0,52,48,1,1,3,3,0,1,0
3427,STU02907,27,62,2,1,0,1,0,27,1,1,55,51,1,1,3,3,1,0,0
3428,STU02908,20,65,0,0,0,1,1,28,6,0,76,85,1,2,0,0,0,1,0
3429,STU02909,20,65,0,1,2,1,1,28,6,0,76,85,1,2,0,0,0,1,0
3430,STU02910,20,65,2,1,1,1,1,28,6,0,76,85,1,2,0,0,0,1,0
3431,STU02911,20,65,1,0,1,0,1,28,6,0,76,85,1,2,0,0,0,1,0
3433,STU02912,20,65,1,0,1,1,1,28,6,0,76,85,1,2,0,0,0,1,0
3434,STU02913,32,68,0,0,2,1,1,25,16,0,62,74,1,2,1,1,0,0,0
3435,STU02914,32,68,0,0,2,1,1,19,10,1,71,89,0,1,0,0,0,0,0
3436,STU02915,32,68,1,1,1,1,1,25,16,0,62,74,1,2,1,1,0,0,0
3437,STU02916,32,68,1,1,1,1,1,19,10,1,71,89,0,1,0,0,0,0,0
3438,STU02917,32,68,2,0,1,1,1,25,16,0,62,74,1,2,1,1,0,0,0
3439,STU02918,32,68,2,0,1,1,1,19,10,1,71,89,0,1,0,0,0,0,0
3440,STU02919,31,76,2,1,1,1,1,20,19,1,52,87,1,0,0,0,0,1,0
3441,STU02920,31,76,2,1,1,1,1,24,17,1,73,65,1,0,2,2,0,0,0
3442,STU02921,31,76,2,1,1,1,1,27,11,1,72,84,1,2,1,1,0,1,0
3443,STU02922,31,76,2,1,1,1,1,26,2,1,84,41,1,0,3,3,1,0,0
3444,STU02923,31,76,2,1,0,1,1,20,19,1,52,87,1,0,0,0,0,1,0
3445,STU02924,31,76,2,1,0,1,1,24,17,1,73,65,1,0,2,2,0,0,0
3446,STU02925,31,76,2,1,0,1,1,27,11,1,72,84,1,2,1,1,0,1,0
3447,STU02926,31,76,2,1,0,1,1,26,2,1,84,41,1,0,3,3,1,0,0
3448,STU02927,26,74,0,0,0,1,1,28,17,0,69,80,1,1,1,1,0,1,0
3449,STU02928,26,74,1,0,1,1,1,28,17,0,69,80,1,1,1,1,0,1,0
3451,STU02929,26,74,0,1,1,1,1,28,17,0,69,80,1,1,1,1,0,1,0
3452,STU02930,24,86,2,0,1,1,0,19,15,1,62,97,1,0,0,0,0,0,0
3453,STU02931,24,86,2,0,1,1,0,29,2,1,52,98,1,2,0,0,0,0,1
3454,STU02932,24,86,2,0,1,1,0,27,4,1,91,40,1,0,3,3,1,0,0
3455,STU02933,24,86,2,0,0,1,0,19,15,1,62,97,1,0,0,0,0,0,0
3456,STU02934,24,86,2,0,0,1,0,29,2,1,52,98,1,2,0,0,0,0,1
3457,STU02935,24,86,2,0,0,1,0,27,4,1,91,40,1,0,3,3,1,0,0
3458,STU02936,24,86,2,1,0,1,0,19,15,1,62,97,1,0,0,0,0,0,0
3459,STU02937,24,86,2,1,0,1,0,29,2,1,52,98,1,2,0,0,0,0,1
3460,STU02938,24,86,2,1,0,1,0,27,4,1,91,40,1,0,3,3,1,0,0
3461,STU02939,24,86,1,0,0,1,0,19,15,1,62,97,1,0,0,0,0,0,0
3462,STU02940,24,86,1,0,0,1,0,29,2,1,52,98,1,2,0,0,0,0,1
3463,STU02941,24,86,1,0,0,1,0,27,4,1,91,40,1,0,3,3,1,0,0
3464,STU02942,24,86,1,1,1,0,0,19,15,1,62,97,1,0,0,0,0,0,0
3465,STU02943,24,86,1,1,1,0,0,29,2,1,52,98,1,2,0,0,0,0,1
3466,STU02944,24,86,1,1,1,0,0,27,4,1,91,40,1,0,3,3,1,0,0
3467,STU02945,28,88,1,0,1,1,1,20,12,0,73,60,0,2,2,2,1,0,0
3468,STU02946,24,74,1,1,1,1,0,25,1,1,53,68,0,1,2,2,0,1,0
3469,STU02947,24,74,1,1,1,1,0,28,5,0,95,48,1,0,3,3,1,0,0
3470,STU02948,24,74,1,1,1,1,0,26,6,1,52,68,0,2,2,2,0,0,1
3471,STU02949,24,74,1,1,1,1,0,22,2,1,85,88,1,1,0,0,1,0,0
3472,STU02950,24,74,2,0,2,1,0,25,1,1,53,68,0,1,2,2,0,1,0
3473,STU02951,24,74,2,0,2,1,0,28,5,0,95,48,1,0,3,3,1,0,0
3474,STU02952,24,74,2,0,2,1,0,26,6,1,52,68,0,2,2,2,0,0,1
3475,STU02953,24,74,2,0,2,1,0,22,2,1,85,88,1,1,0,0,1,0,0
3476,STU02954,24,74,0,1,1,1,0,25,1,1,53,68,0,1,2,2,0,1,0
3477,STU02955,24,74,0,1,1,1,0,28,5,0,95,48,1,0,3,3,1,0,0
3478,STU02956,24,74,0,1,1,1,0,26,6,1,52,68,0,2,2,2,0,0,1
3479,STU02957,24,74,0,1,1,1,0,22,2,1,85,88,1,1,0,0,1,0,0
3480,STU02958,26,83,0,0,2,0,1,25,17,0,78,96,0,1,0,0,1,0,0
3481,STU02959,26,83,0,0,2,0,1,26,4,0,96,91,1,1,0,0,1,0,0
3482,STU02960,26,83,0,0,2,0,1,27,19,0,67,93,1,1,0,0,1,0,0
3483,STU02961,26,83,1,0,0,1,1,25,17,0,78,96,0,1,0,0,1,0,0
3484,STU02962,26,83,1,0,0,1,1,26,4,0,96,91,1,1,0,0,1,0,0
3485,STU02963,26,83,1,0,0,1,1,27,19,0,67,93,1,1,0,0,1,0,0
3486,STU02964,26,83,2,1,1,1,1,25,17,0,78,96,0,1,0,0,1,0,0
3487,STU02965,26,83,2,1,1,1,1,26,4,0,96,91,1,1,0,0,1,0,0
3488,STU02966,26,83,2,1,1,1,1,27,19,0,67,93,1,1,0,0,1,0,0
3489,STU02967,26,83,0,0,1,1,1,25,17,0,78,96,0,1,0,0,1,0,0
3490,STU02968,26,83,0,0,1,1,1,26,4,0,96,91,1,1,0,0,1,0,0
3491,STU02969,26,83,0,0,1,1,1,27,19,0,67,93,1,1,0,0,1,0,0
3492,STU02970,9,74,2,0,0,1,0,21,12,0,78,68,1,2,2,2,1,0,0
3493,STU02971,9,74,2,0,0,1,0,21,17,1,77,84,1,1,1,1,1,0,0
3494,STU02972,9,74,2,0,0,1,0,22,13,1,79,67,1,2,2,2,0,1,0
3495,STU02973,9,74,0,0,0,1,0,21,12,0,78,68,1,2,2,2,1,0,0
3496,STU02974,9,74,0,0,0,1,0,21,17,1,77,84,1,1,1,1,1,0,0
3497,STU02975,9,74,0,0,0,1,0,22,13,1,79,67,1,2,2,2,0,1,0
3498,STU02976,13,63,1,1,1,1,1,28,19,1,82,67,1,2,2,2,1,0,0
3499,STU02977,13,63,1,1,1,1,1,19,2,0,93,70,1,1,1,1,1,0,0
3500,STU02978,13,63,1,0,1,1,1,28,19,1,82,67,1,2,2,2,1,0,0
3501,STU02979,13,63,1,0,1,1,1,19,2,0,93,70,1,1,1,1,1,0,0
3502,STU02980,13,63,1,0,2,1,1,28,19,1,82,67,1,2,2,2,1,0,0
3503,STU02981,13,63,1,0,2,1,1,19,2,0,93,70,1,1,1,1,1,0,0
3504,STU02982,13,63,2,1,1,1,1,28,19,1,82,67,1,2,2,2,1,0,0
3505,STU02983,13,63,2,1,1,1,1,19,2,0,93,70,1,1,1,1,1,0,0
3506,STU02984,13,63,1,0,0,1,1,28,19,1,82,67,1,2,2,2,1,0,0
3507,STU02985,13,63,1,0,0,1,1,19,2,0,93,70,1,1,1,1,1,0,0
3508,STU02986,8,100,1,1,1,1,0,27,3,1,93,51,1,0,3,3,0,1,0
3509,STU02987,8,100,1,1,1,1,0,24,9,1,78,68,1,1,2,2,0,1,0
3510,STU02988,8,100,2,1,1,1,0,27,3,1,93,51,1,0,3,3,0,1,0
3511,STU02989,8,100,2,1,1,1,0,24,9,1,78,68,1,1,2,2,0,1,0
3512,STU02990,18,65,2,1,1,0,1,24,16,0,51,97,1,2,0,0,0,0,0
3513,STU02991,18,65,2,1,1,0,1,21,6,0,67,86,1,2,0,0,0,1,0
3514,STU02992,18,65,2,1,1,0,1,28,6,0,97,86,1,0,0,0,0,1,0
3515,STU02993,18,65,1,1,1,1,1,24,16,0,51,97,1,2,0,0,0,0,0
3516,STU02994,18,65,1,1,1,1,1,21,6,0,67,86,1,2,0,0,0,1,0
3517,STU02995,18,65,1,1,1,1,1,28,6,0,97,86,1,0,0,0,0,1,0
3518,STU02996,18,65,0,0,1,1,1,24,16,0,51,97,1,2,0,0,0,0,0
3519,STU02997,18,65,0,0,1,1,1,21,6,0,67,86,1,2,0,0,0,1,0
3520,STU02998,18,65,0,0,1,1,1,28,6,0,97,86,1,0,0,0,0,1,0
3521,STU02999,18,65,2,1,1,1,1,24,16,0,51,97,1,2,0,0,0,0,0
3522,STU03000,18,65,2,1,1,1,1,21,6,0,67,86,1,2,0,0,0,1,0
3523,STU03001,18,65,2,1,1,1,1,28,6,0,97,86,1,0,0,0,0,1,0
3524,STU03002,18,65,2,0,0,1,1,24,16,0,51,97,1,2,0,0,0,0,0
3525,STU03003,18,65,2,0,0,1,1,21,6,0,67,86,1,2,0,0,0,1,0
3526,STU03004,18,65,2,0,0,1,1,28,6,0,97,86,1,0,0,0,0,1,0
3530,STU03005,18,65,1,1,2,1,1,24,16,0,51,97,1,2,0,0,0,0,0
3531,STU03006,18,65,1,1,2,1,1,21,6,0,67,86,1,2,0,0,0,1,0
3532,STU03007,18,65,1,1,2,1,1,28,6,0,97,86,1,0,0,0,0,1,0
3533,STU03008,29,95,0,0,1,1,0,28,6,1,68,53,1,2,3,3,0,0,1
3534,STU03009,29,95,0,0,1,1,0,21,19,1,82,98,0,2,0,0,1,0,0
3535,STU03010,29,95,1,1,1,1,0,28,6,1,68,53,1,2,3,3,0,0,1
3536,STU03011,29,95,1,1,1,1,0,21,19,1,82,98,0,2,0,0,1,0,0
3537,STU03012,29,95,1,1,0,1,0,28,6,1,68,53,1,2,3,3,0,0,1
3538,STU03013,29,95,1,1,0,1,0,21,19,1,82,98,0,2,0,0,1,0,0
3539,STU03014,29,95,0,1,1,1,0,28,6,1,68,53,1,2,3,3,0,0,1
3540,STU03015,29,95,0,1,1,1,0,21,19,1,82,98,0,2,0,0,1,0,0
3541,STU03016,29,95,1,0,1,0,0,28,6,1,68,53,1,2,3,3,0,0,1
3542,STU03017,29,95,1,0,1,0,0,21,19,1,82,98,0,2,0,0,1,0,0
3543,STU03018,20,72,0,1,0,1,0,23,13,0,61,82,0,2,1,1,1,0,0
3544,STU03019,20,72,0,1,0,1,0,27,17,0,77,66,1,2,2,2,0,1,0
3545,STU03020,20,72,1,0,2,0,0,23,13,0,61,82,0,2,1,1,1,0,0
3546,STU03021,20,72,1,0,2,0,0,27,17,0,77,66,1,2,2,2,0,1,0
3547,STU03022,20,72,2,0,0,1,0,23,13,0,61,82,0,2,1,1,1,0,0
3548,STU03023,20,72,2,0,0,1,0,27,17,0,77,66,1,2,2,2,0,1,0
3549,STU03024,20,72,0,1,1,1,0,23,13,0,61,82,0,2,1,1,1,0,0
3550,STU03025,20,72,0,1,1,1,0,27,17,0,77,66,1,2,2,2,0,1,0
3551,STU03026,30,86,0,1,1,1,0,26,0,0,53,73,1,1,1,1,0,0,1
3552,STU03027,30,86,0,1,1,1,0,29,7,1,71,45,1,2,3,3,0,0,1
3553,STU03028,30,86,0,1,1,1,0,19,8,1,54,62,1,1,2,2,0,1,0
3554,STU03029,30,86,2,1,1,1,0,26,0,0,53,73,1,1,1,1,0,0,1
3555,STU03030,30,86,2,1,1,1,0,29,7,1,71,45,1,2,3,3,0,0,1
3556,STU03031,30,86,2,1,1,1,0,19,8,1,54,62,1,1,2,2,0,1,0
3557,STU03032,12,73,1,0,1,1,1,24,14,0,57,57,1,2,2,2,1,0,0
3558,STU03033,12,73,1,0,1,1,1,20,8,1,97,84,1,1,1,1,0,0,0
3559,STU03034,12,73,1,0,1,0,1,24,14,0,57,57,1,2,2,2,1,0,0
3560,STU03035,12,73,1,0,1,0,1,20,8,1,97,84,1,1,1,1,0,0,0
3561,STU03036,10,76,1,1,1,1,1,19,20,1,87,68,0,2,2,2,1,0,0
3562,STU03037,10,76,1,1,1,1,1,19,8,0,96,85,1,2,0,0,1,0,0
3563,STU03038,10,76,1,1,1,1,1,22,7,0,77,88,1,1,0,0,0,1,0
3564,STU03039,10,76,1,1,1,1,1,22,13,0,83,100,0,2,0,0,0,1,0
3565,STU03040,10,76,0,0,1,1,1,19,20,1,87,68,0,2,2,2,1,0,0
3566,STU03041,10,76,0,0,1,1,1,19,8,0,96,85,1,2,0,0,1,0,0
3567,STU03042,10,76,0,0,1,1,1,22,7,0,77,88,1,1,0,0,0,1,0
3568,STU03043,10,76,0,0,1,1,1,22,13,0,83,100,0,2,0,0,0,1,0
3573,STU03044,20,70,1,0,1,1,0,23,10,0,97,58,0,1,2,2,0,1,0
3574,STU03045,20,70,1,1,2,1,0,23,10,0,97,58,0,1,2,2,0,1,0
3577,STU03046,22,74,0,1,0,1,1,28,18,1,79,75,1,1,1,1,1,0,0
3578,STU03047,22,74,0,1,0,1,1,21,2,1,63,79,1,0,1,1,0,0,1
3579,STU03048,22,74,0,1,0,1,1,22,6,1,84,67,1,2,2,2,0,0,1
3580,STU03049,22,74,2,1,1,0,1,28,18,1,79,75,1,1,1,1,1,0,0
3581,STU03050,22,74,2,1,1,0,1,21,2,1,63,79,1,0,1,1,0,0,1
3582,STU03051,22,74,2,1,1,0,1,22,6,1,84,67,1,2,2,2,0,0,1
3583,STU03052,22,74,2,0,0,1,1,28,18,1,79,75,1,1,1,1,1,0,0
3584,STU03053,22,74,2,0,0,1,1,21,2,1,63,79,1,0,1,1,0,0,1
3585,STU03054,22,74,2,0,0,1,1,22,6,1,84,67,1,2,2,2,0,0,1
3586,STU03055,22,74,2,1,1,1,1,28,18,1,79,75,1,1,1,1,1,0,0
3587,STU03056,22,74,2,1,1,1,1,21,2,1,63,79,1,0,1,1,0,0,1
3588,STU03057,22,74,2,1,1,1,1,22,6,1,84,67,1,2,2,2,0,0,1
3589,STU03058,20,76,0,0,1,1,0,18,6,0,95,71,1,2,1,1,0,0,0
3590,STU03059,20,76,2,1,0,0,0,18,6,0,95,71,1,2,1,1,0,0,0
3591,STU03060,20,76,2,1,1,1,0,18,6,0,95,71,1,2,1,1,0,0,0
3592,STU03061,8,89,2,1,0,1,1,20,18,0,77,94,1,2,0,0,0,1,0
3593,STU03062,8,89,2,1,0,1,1,26,8,1,56,75,0,0,1,1,0,0,0
3594,STU03063,8,89,2,1,0,1,1,22,6,1,94,70,1,2,1,1,0,1,0
3595,STU03064,8,89,2,0,1,1,1,20,18,0,77,94,1,2,0,0,0,1,0
3596,STU03065,8,89,2,0,1,1,1,26,8,1,56,75,0,0,1,1,0,0,0
3597,STU03066,8,89,2,0,1,1,1,22,6,1,94,70,1,2,1,1,0,1,0
3598,STU03067,12,98,1,1,1,1,1,21,6,1,56,88,1,1,0,0,0,0,1
3599,STU03068,12,98,1,1,1,1,1,21,18,0,76,94,1,1,0,0,0,0,0
3600,STU03069,12,98,1,1,1,1,1,18,8,1,87,45,1,0,3,3,0,1,0
3601,STU03070,24,62,1,0,2,1,1,18,9,1,75,85,1,2,0,0,0,1,0
3602,STU03071,24,62,1,0,2,1,1,24,10,1,56,75,0,0,1,1,0,1,0
3603,STU03072,24,62,1,1,1,1,1,18,9,1,75,85,1,2,0,0,0,1,0
3604,STU03073,24,62,1,1,1,1,1,24,10,1,56,75,0,0,1,1,0,1,0
3605,STU03074,24,62,1,0,1,1,1,18,9,1,75,85,1,2,0,0,0,1,0
3606,STU03075,24,62,1,0,1,1,1,24,10,1,56,75,0,0,1,1,0,1,0
3607,STU03076,24,62,0,1,1,1,1,18,9,1,75,85,1,2,0,0,0,1,0
3608,STU03077,24,62,0,1,1,1,1,24,10,1,56,75,0,0,1,1,0,1,0
3609,STU03078,24,62,1,1,0,1,1,18,9,1,75,85,1,2,0,0,0,1,0
3610,STU03079,24,62,1,1,0,1,1,24,10,1,56,75,0,0,1,1,0,1,0
3611,STU03080,22,80,1,1,1,1,0,19,5,1,97,88,1,0,0,0,0,0,1
3612,STU03081,22,80,1,1,1,1,0,20,3,1,64,62,0,1,2,2,0,0,0
3613,STU03082,22,80,1,1,1,1,0,18,20,1,71,42,0,2,3,3,0,0,0
3614,STU03083,22,80,1,1,1,1,0,18,5,1,70,56,0,2,2,2,0,1,0
3615,STU03084,22,80,1,1,1,1,0,23,19,0,78,85,1,0,0,0,0,0,0
3616,STU03085,22,80,1,1,1,1,0,18,2,1,72,53,1,1,3,3,0,0,0
3617,STU03086,22,80,1,1,2,1,0,19,5,1,97,88,1,0,0,0,0,0,1
3618,STU03087,22,80,1,1,2,1,0,20,3,1,64,62,0,1,2,2,0,0,0
3619,STU03088,22,80,1,1,2,1,0,18,20,1,71,42,0,2,3,3,0,0,0
3620,STU03089,22,80,1,1,2,1,0,18,5,1,70,56,0,2,2,2,0,1,0
3621,STU03090,22,80,1,1,2,1,0,23,19,0,78,85,1,0,0,0,0,0,0
3622,STU03091,22,80,1,1,2,1,0,18,2,1,72,53,1,1,3,3,0,0,0
3623,STU03092,22,80,2,1,1,1,0,19,5,1,97,88,1,0,0,0,0,0,1
3624,STU03093,22,80,2,1,1,1,0,20,3,1,64,62,0,1,2,2,0,0,0
3625,STU03094,22,80,2,1,1,1,0,18,20,1,71,42,0,2,3,3,0,0,0
3626,STU03095,22,80,2,1,1,1,0,18,5,1,70,56,0,2,2,2,0,1,0
3627,STU03096,22,80,2,1,1,1,0,23,19,0,78,85,1,0,0,0,0,0,0
3628,STU03097,22,80,2,1,1,1,0,18,2,1,72,53,1,1,3,3,0,0,0
3629,STU03098,22,80,0,0,2,1,0,19,5,1,97,88,1,0,0,0,0,0,1
3630,STU03099,22,80,0,0,2,1,0,20,3,1,64,62,0,1,2,2,0,0,0
3631,STU03100,22,80,0,0,2,1,0,18,20,1,71,42,0,2,3,3,0,0,0
3632,STU03101,22,80,0,0,2,1,0,18,5,1,70,56,0,2,2,2,0,1,0
3633,STU03102,22,80,0,0,2,1,0,23,19,0,78,85,1,0,0,0,0,0,0
3634,STU03103,22,80,0,0,2,1,0,18,2,1,72,53,1,1,3,3,0,0,0
3635,STU03104,22,80,2,1,0,1,0,19,5,1,97,88,1,0,0,0,0,0,1
3636,STU03105,22,80,2,1,0,1,0,20,3,1,64,62,0,1,2,2,0,0,0
3637,STU03106,22,80,2,1,0,1,0,18,20,1,71,42,0,2,3,3,0,0,0
3638,STU03107,22,80,2,1,0,1,0,18,5,1,70,56,0,2,2,2,0,1,0
3639,STU03108,22,80,2,1,0,1,0,23,19,0,78,85,1,0,0,0,0,0,0
3640,STU03109,22,80,2,1,0,1,0,18,2,1,72,53,1,1,3,3,0,0,0
3641,STU03110,14,83,0,1,1,1,1,20,9,1,94,77,1,0,1,1,1,0,0
3642,STU03111,14,83,0,1,1,1,1,19,12,0,99,83,1,2,1,1,0,1,0
3643,STU03112,14,83,2,1,0,1,1,20,9,1,94,77,1,0,1,1,1,0,0
3644,STU03113,14,83,2,1,0,1,1,19,12,0,99,83,1,2,1,1,0,1,0
3645,STU03114,14,83,0,0,0,1,1,20,9,1,94,77,1,0,1,1,1,0,0
3646,STU03115,14,83,0,0,0,1,1,19,12,0,99,83,1,2,1,1,0,1,0
3647,STU03116,14,62,2,1,0,1,1,24,13,1,96,77,1,1,1,1,0,0,1
3648,STU03117,14,62,2,1,0,1,1,21,4,1,76,99,0,0,0,0,0,0,1
3649,STU03118,14,62,1,0,0,1,1,24,13,1,96,77,1,1,1,1,0,0,1
3650,STU03119,14,62,1,0,0,1,1,21,4,1,76,99,0,0,0,0,0,0,1
3651,STU03120,14,62,1,0,1,1,1,24,13,1,96,77,1,1,1,1,0,0,1
3652,STU03121,14,62,1,0,1,1,1,21,4,1,76,99,0,0,0,0,0,0,1
3653,STU03122,14,62,1,1,2,1,1,24,13,1,96,77,1,1,1,1,0,0,1
3654,STU03123,14,62,1,1,2,1,1,21,4,1,76,99,0,0,0,0,0,0,1
3659,STU03124,20,83,1,0,1,1,1,27,8,0,76,58,1,2,2,2,1,0,0
3660,STU03125,20,83,1,0,1,1,1,29,18,0,65,42,0,0,3,3,0,0,1
3661,STU03126,20,83,0,0,0,0,1,27,8,0,76,58,1,2,2,2,1,0,0
3662,STU03127,20,83,0,0,0,0,1,29,18,0,65,42,0,0,3,3,0,0,1
3663,STU03128,20,83,0,0,2,1,1,27,8,0,76,58,1,2,2,2,1,0,0
3664,STU03129,20,83,0,0,2,1,1,29,18,0,65,42,0,0,3,3,0,0,1
3665,STU03130,20,83,1,1,0,1,1,27,8,0,76,58,1,2,2,2,1,0,0
3666,STU03131,20,83,1,1,0,1,1,29,18,0,65,42,0,0,3,3,0,0,1
3669,STU03132,20,83,0,1,1,1,1,27,8,0,76,58,1,2,2,2,1,0,0
3670,STU03133,20,83,0,1,1,1,1,29,18,0,65,42,0,0,3,3,0,0,1
3673,STU03134,20,83,2,1,1,1,1,27,8,0,76,58,1,2,2,2,1,0,0
3674,STU03135,20,83,2,1,1,1,1,29,18,0,65,42,0,0,3,3,0,0,1
3675,STU03136,20,83,1,1,1,1,1,27,8,0,76,58,1,2,2,2,1,0,0
3676,STU03137,20,83,1,1,1,1,1,29,18,0,65,42,0,0,3,3,0,0,1
3677,STU03138,23,95,1,1,1,1,1,26,0,1,77,73,1,0,1,1,1,0,0
3678,STU03139,23,95,1,1,1,1,1,24,11,1,98,63,1,2,2,2,1,0,0
3681,STU03140,23,95,1,1,2,1,1,26,0,1,77,73,1,0,1,1,1,0,0
3682,STU03141,23,95,1,1,2,1,1,24,11,1,98,63,1,2,2,2,1,0,0
3685,STU03142,17,61,1,1,2,1,1,19,18,0,78,73,1,2,1,1,1,0,0
3686,STU03143,17,61,1,1,2,1,1,18,9,1,61,88,1,0,0,0,0,1,0
3687,STU03144,17,61,0,1,1,1,1,19,18,0,78,73,1,2,1,1,1,0,0
3688,STU03145,17,61,0,1,1,1,1,18,9,1,61,88,1,0,0,0,0,1,0
3691,STU03146,17,61,2,0,0,1,1,19,18,0,78,73,1,2,1,1,1,0,0
3692,STU03147,17,61,2,0,0,1,1,18,9,1,61,88,1,0,0,0,0,1,0
3697,STU03148,15,89,1,1,1,1,0,19,15,0,80,86,1,2,0,0,1,0,0
3698,STU03149,15,89,1,1,1,1,0,21,19,0,88,77,1,1,1,1,0,0,0
3699,STU03150,15,89,1,1,1,1,0,29,11,1,96,71,1,0,1,1,1,0,0
3700,STU03151,19,97,0,1,1,1,1,23,17,1,65,96,0,2,0,0,1,0,0
3701,STU03152,19,97,0,0,1,1,1,23,17,1,65,96,0,2,0,0,1,0,0
3702,STU03153,19,97,2,0,1,1,1,23,17,1,65,96,0,2,0,0,1,0,0
3705,STU03154,19,97,1,0,1,1,1,23,17,1,65,96,0,2,0,0,1,0,0
3706,STU03155,19,97,2,0,0,1,1,23,17,1,65,96,0,2,0,0,1,0,0
3707,STU03156,19,97,1,0,0,1,1,23,17,1,65,96,0,2,0,0,1,0,0
3708,STU03157,19,97,1,1,2,1,1,23,17,1,65,96,0,2,0,0,1,0,0
3709,STU03158,14,86,0,1,1,0,1,27,2,1,96,92,1,1,0,0,1,0,0
3710,STU03159,14,86,0,1,1,1,1,27,2,1,96,92,1,1,0,0,1,0,0
3711,STU03160,14,86,0,1,0,1,1,27,2,1,96,92,1,1,0,0,1,0,0
3712,STU03161,14,86,2,1,1,1,1,27,2,1,96,92,1,1,0,0,1,0,0
3713,STU03162,13,62,2,0,1,1,0,23,13,0,85,88,1,1,0,0,0,0,1
3714,STU03163,13,62,2,0,1,1,0,21,2,0,61,64,0,1,2,2,0,1,0
3715,STU03164,13,62,2,0,1,1,0,18,6,1,65,75,1,2,1,1,0,1,0
3716,STU03165,13,62,2,0,1,1,0,25,7,1,81,49,1,0,3,3,0,0,1
3717,STU03166,13,62,1,1,1,0,0,23,13,0,85,88,1,1,0,0,0,0,1
3718,STU03167,13,62,1,1,1,0,0,21,2,0,61,64,0,1,2,2,0,1,0
3719,STU03168,13,62,1,1,1,0,0,18,6,1,65,75,1,2,1,1,0,1,0
3720,STU03169,13,62,1,1,1,0,0,25,7,1,81,49,1,0,3,3,0,0,1
3721,STU03170,13,62,1,1,0,1,0,23,13,0,85,88,1,1,0,0,0,0,1
3722,STU03171,13,62,1,1,0,1,0,21,2,0,61,64,0,1,2,2,0,1,0
3723,STU03172,13,62,1,1,0,1,0,18,6,1,65,75,1,2,1,1,0,1,0
3724,STU03173,13,62,1,1,0,1,0,25,7,1,81,49,1,0,3,3,0,0,1
3725,STU03174,20,79,0,1,0,0,0,26,18,1,67,51,1,1,3,3,1,0,0
3726,STU03175,20,79,1,1,2,1,0,26,18,1,67,51,1,1,3,3,1,0,0
3727,STU03176,20,79,1,0,1,1,0,26,18,1,67,51,1,1,3,3,1,0,0
3728,STU03177,20,79,1,0,0,1,0,26,18,1,67,51,1,1,3,3,1,0,0
3729,STU03178,20,79,0,1,0,1,0,26,18,1,67,51,1,1,3,3,1,0,0
3730,STU03179,20,79,1,1,1,1,0,26,18,1,67,51,1,1,3,3,1,0,0
3731,STU03180,21,88,1,1,2,1,1,18,5,1,78,97,0,2,0,0,0,0,1
3732,STU03181,21,88,1,1,2,1,1,27,6,1,51,57,1,1,2,2,0,0,0
3733,STU03182,21,88,1,1,0,0,1,18,5,1,78,97,0,2,0,0,0,0,1
3734,STU03183,21,88,1,1,0,0,1,27,6,1,51,57,1,1,2,2,0,0,0
3735,STU03184,21,88,0,1,1,1,1,18,5,1,78,97,0,2,0,0,0,0,1
3736,STU03185,21,88,0,1,1,1,1,27,6,1,51,57,1,1,2,2,0,0,0
3737,STU03186,21,88,0,0,1,1,1,18,5,1,78,97,0,2,0,0,0,0,1
3738,STU03187,21,88,0,0,1,1,1,27,6,1,51,57,1,1,2,2,0,0,0
3739,STU03188,21,88,1,0,1,1,1,18,5,1,78,97,0,2,0,0,0,0,1
3740,STU03189,21,88,1,0,1,1,1,27,6,1,51,57,1,1,2,2,0,0,0
3743,STU03190,21,88,1,0,0,1,1,18,5,1,78,97,0,2,0,0,0,0,1
3744,STU03191,21,88,1,0,0,1,1,27,6,1,51,57,1,1,2,2,0,0,0
3745,STU03192,19,79,2,0,0,1,0,23,6,0,76,61,1,1,2,2,0,0,0
3746,STU03193,19,79,2,0,0,1,0,23,10,1,61,97,0,2,0,0,0,1,0
3747,STU03194,19,79,2,0,0,1,0,18,1,0,60,67,0,2,2,2,0,0,0
3748,STU03195,19,79,2,1,1,1,0,23,6,0,76,61,1,1,2,2,0,0,0
3749,STU03196,19,79,2,1,1,1,0,23,10,1,61,97,0,2,0,0,0,1,0
3750,STU03197,19,79,2,1,1,1,0,18,1,0,60,67,0,2,2,2,0,0,0
3751,STU03198,19,79,1,1,2,1,0,23,6,0,76,61,1,1,2,2,0,0,0
3752,STU03199,19,79,1,1,2,1,0,23,10,1,61,97,0,2,0,0,0,1,0
3753,STU03200,19,79,1,1,2,1,0,18,1,0,60,67,0,2,2,2,0,0,0
3754,STU03201,19,79,1,1,1,1,0,23,6,0,76,61,1,1,2,2,0,0,0
3755,STU03202,19,79,1,1,1,1,0,23,10,1,61,97,0,2,0,0,0,1,0
3756,STU03203,19,79,1,1,1,1,0,18,1,0,60,67,0,2,2,2,0,0,0
3757,STU03204,19,79,1,1,0,1,0,23,6,0,76,61,1,1,2,2,0,0,0
3758,STU03205,19,79,1,1,0,1,0,23,10,1,61,97,0,2,0,0,0,1,0
3759,STU03206,19,79,1,1,0,1,0,18,1,0,60,67,0,2,2,2,0,0,0
3760,STU03207,24,69,2,0,0,1,1,28,9,1,61,72,0,2,1,1,0,1,0
3761,STU03208,24,69,0,1,1,1,1,28,9,1,61,72,0,2,1,1,0,1,0
3762,STU03209,24,69,2,1,1,1,1,28,9,1,61,72,0,2,1,1,0,1,0
3763,STU03210,24,69,2,1,0,1,1,28,9,1,61,72,0,2,1,1,0,1,0
3765,STU03211,25,63,1,0,1,1,0,19,2,0,96,91,1,2,0,0,0,0,0
3766,STU03212,25,63,0,1,1,1,0,19,2,0,96,91,1,2,0,0,0,0,0
3768,STU03213,17,83,1,0,1,1,0,20,4,0,87,67,1,1,2,2,0,1,0
3769,STU03214,17,83,1,0,0,1,0,20,4,0,87,67,1,1,2,2,0,1,0
3771,STU03215,17,85,0,0,2,1,0,19,15,0,64,81,1,0,1,1,1,0,0
3772,STU03216,17,85,0,0,2,1,0,29,16,1,53,97,1,2,0,0,0,0,0
3773,STU03217,17,85,0,1,0,1,0,19,15,0,64,81,1,0,1,1,1,0,0
3774,STU03218,17,85,0,1,0,1,0,29,16,1,53,97,1,2,0,0,0,0,0
3775,STU03219,17,85,1,1,1,1,0,19,15,0,64,81,1,0,1,1,1,0,0
3776,STU03220,17,85,1,1,1,1,0,29,16,1,53,97,1,2,0,0,0,0,0
3777,STU03221,17,85,2,1,1,1,0,19,15,0,64,81,1,0,1,1,1,0,0
3778,STU03222,17,85,2,1,1,1,0,29,16,1,53,97,1,2,0,0,0,0,0
3783,STU03223,18,80,0,1,1,1,0,24,3,1,86,54,1,2,3,3,1,0,0
3784,STU03224,18,80,0,1,1,1,0,24,14,0,74,61,1,2,2,2,1,0,0
3785,STU03225,18,80,0,1,1,1,0,29,17,0,90,71,1,0,1,1,0,1,0
3786,STU03226,18,80,0,1,1,1,0,24,16,0,74,83,1,0,1,1,0,0,0
3787,STU03227,18,80,2,1,1,1,0,24,3,1,86,54,1,2,3,3,1,0,0
3788,STU03228,18,80,2,1,1,1,0,24,14,0,74,61,1,2,2,2,1,0,0
3789,STU03229,18,80,2,1,1,1,0,29,17,0,90,71,1,0,1,1,0,1,0
3790,STU03230,18,80,2,1,1,1,0,24,16,0,74,83,1,0,1,1,0,0,0
3795,STU03231,6,93,1,0,2,1,0,26,4,1,83,81,0,1,1,1,0,0,1
3796,STU03232,11,94,0,1,2,0,0,18,13,1,86,41,1,2,3,3,0,0,1
3797,STU03233,11,94,0,1,2,0,0,22,15,0,91,40,1,1,3,3,0,1,0
3798,STU03234,11,94,0,1,2,0,0,22,14,1,75,50,1,2,3,3,1,0,0
3799,STU03235,11,94,0,1,2,0,0,21,18,1,83,100,1,2,0,0,0,0,0
3800,STU03236,11,94,2,1,2,1,0,18,13,1,86,41,1,2,3,3,0,0,1
3801,STU03237,11,94,2,1,2,1,0,22,15,0,91,40,1,1,3,3,0,1,0
3802,STU03238,11,94,2,1,2,1,0,22,14,1,75,50,1,2,3,3,1,0,0
3803,STU03239,11,94,2,1,2,1,0,21,18,1,83,100,1,2,0,0,0,0,0
3804,STU03240,11,94,1,0,1,1,0,18,13,1,86,41,1,2,3,3,0,0,1
3805,STU03241,11,94,1,0,1,1,0,22,15,0,91,40,1,1,3,3,0,1,0
3806,STU03242,11,94,1,0,1,1,0,22,14,1,75,50,1,2,3,3,1,0,0
3807,STU03243,11,94,1,0,1,1,0,21,18,1,83,100,1,2,0,0,0,0,0
3808,STU03244,28,85,2,1,1,1,1,27,19,1,75,87,1,2,0,0,0,1,0
3809,STU03245,28,85,2,1,1,1,1,22,0,1,54,43,0,0,3,3,1,0,0
3810,STU03246,28,85,1,1,0,1,1,27,19,1,75,87,1,2,0,0,0,1,0
3811,STU03247,28,85,1,1,0,1,1,22,0,1,54,43,0,0,3,3,1,0,0
3814,STU03248,28,85,0,0,0,1,1,27,19,1,75,87,1,2,0,0,0,1,0
3815,STU03249,28,85,0,0,0,1,1,22,0,1,54,43,0,0,3,3,1,0,0
3816,STU03250,30,61,2,1,1,1,0,23,14,1,89,83,1,2,1,1,0,1,0
3817,STU03251,30,61,2,1,0,1,0,23,14,1,89,83,1,2,1,1,0,1,0
3818,STU03252,19,88,0,0,1,1,0,27,10,0,77,45,0,1,3,3,0,0,1
3819,STU03253,19,88,0,0,1,1,0,27,15,0,74,68,1,2,2,2,0,0,0
3820,STU03254,19,88,2,0,1,1,0,27,10,0,77,45,0,1,3,3,0,0,1
3821,STU03255,19,88,2,0,1,1,0,27,15,0,74,68,1,2,2,2,0,0,0
3822,STU03256,38,86,2,1,0,1,1,21,11,1,99,53,1,0,3,3,0,1,0
3823,STU03257,27,74,2,0,1,1,0,28,14,1,83,45,1,0,3,3,0,1,0
3824,STU03258,27,74,2,0,1,1,0,28,14,1,66,57,1,1,2,2,1,0,0
3825,STU03259,27,74,2,0,1,1,0,20,6,1,76,62,1,1,2,2,0,0,1
3826,STU03260,27,74,2,0,1,1,0,19,8,1,66,69,1,2,2,2,0,0,0
3827,STU03261,27,74,2,1,0,1,0,28,14,1,83,45,1,0,3,3,0,1,0
3828,STU03262,27,74,2,1,0,1,0,28,14,1,66,57,1,1,2,2,1,0,0
3829,STU03263,27,74,2,1,0,1,0,20,6,1,76,62,1,1,2,2,0,0,1
3830,STU03264,27,74,2,1,0,1,0,19,8,1,66,69,1,2,2,2,0,0,0
3835,STU03265,14,65,1,1,1,1,0,26,18,1,72,75,1,2,1,1,0,0,0
3836,STU03266,14,65,1,1,1,1,0,20,15,1,93,96,0,1,0,0,0,0,0
3837,STU03267,14,65,2,1,0,1,0,26,18,1,72,75,1,2,1,1,0,0,0
3838,STU03268,14,65,2,1,0,1,0,20,15,1,93,96,0,1,0,0,0,0,0
3839,STU03269,21,60,2,1,0,1,0,19,13,0,79,76,0,1,1,1,0,1,0
3840,STU03270,21,60,2,1,0,1,0,27,19,1,50,40,1,1,3,3,0,0,1
3841,STU03271,21,60,2,1,0,1,0,19,4,0,63,74,1,2,1,1,0,0,0
3842,STU03272,21,60,2,1,0,1,0,18,8,1,56,63,1,1,2,2,0,1,0
3843,STU03273,21,60,0,0,1,1,0,19,13,0,79,76,0,1,1,1,0,1,0
3844,STU03274,21,60,0,0,1,1,0,27,19,1,50,40,1,1,3,3,0,0,1
3845,STU03275,21,60,0,0,1,1,0,19,4,0,63,74,1,2,1,1,0,0,0
3846,STU03276,21,60,0,0,1,1,0,18,8,1,56,63,1,1,2,2,0,1,0
3847,STU03277,15,97,1,1,1,1,1,28,14,0,82,98,0,0,0,0,0,0,1
3848,STU03278,15,97,1,1,1,1,1,24,20,0,53,97,1,1,0,0,1,0,0
3849,STU03279,15,97,1,1,1,1,1,19,8,1,69,41,1,2,3,3,0,0,0
3850,STU03280,15,97,2,0,2,1,1,28,14,0,82,98,0,0,0,0,0,0,1
3851,STU03281,15,97,2,0,2,1,1,24,20,0,53,97,1,1,0,0,1,0,0
3852,STU03282,15,97,2,0,2,1,1,19,8,1,69,41,1,2,3,3,0,0,0
3853,STU03283,11,65,2,0,1,1,0,28,4,0,91,78,0,0,1,1,0,0,0
3854,STU03284,11,65,2,0,1,1,0,21,1,1,70,97,1,2,0,0,0,0,0
3855,STU03285,11,65,0,1,1,1,0,28,4,0,91,78,0,0,1,1,0,0,0
3856,STU03286,11,65,0,1,1,1,0,21,1,1,70,97,1,2,0,0,0,0,0
3857,STU03287,14,73,1,1,1,1,0,18,4,1,90,75,1,0,1,1,0,1,0
3858,STU03288,14,73,1,1,1,1,0,22,7,0,81,40,1,2,3,3,1,0,0
3859,STU03289,14,73,1,1,1,1,0,22,1,1,95,69,1,1,2,2,0,0,1
3860,STU03290,14,73,1,1,1,1,0,28,3,0,98,68,0,1,2,2,0,0,1
3861,STU03291,14,73,1,1,1,1,0,28,2,1,60,75,1,0,1,1,0,0,1
3862,STU03292,14,73,1,1,1,1,0,18,10,0,98,93,0,2,0,0,0,1,0
3863,STU03293,14,73,1,1,1,1,0,28,1,0,53,68,0,2,2,2,1,0,0
3864,STU03294,14,73,0,1,0,1,0,18,4,1,90,75,1,0,1,1,0,1,0
3865,STU03295,14,73,0,1,0,1,0,22,7,0,81,40,1,2,3,3,1,0,0
3866,STU03296,14,73,0,1,0,1,0,22,1,1,95,69,1,1,2,2,0,0,1
3867,STU03297,14,73,0,1,0,1,0,28,3,0,98,68,0,1,2,2,0,0,1
3868,STU03298,14,73,0,1,0,1,0,28,2,1,60,75,1,0,1,1,0,0,1
3869,STU03299,14,73,0,1,0,1,0,18,10,0,98,93,0,2,0,0,0,1,0
3870,STU03300,14,73,0,1,0,1,0,28,1,0,53,68,0,2,2,2,1,0,0
3871,STU03301,14,73,2,1,1,1,0,18,4,1,90,75,1,0,1,1,0,1,0
3872,STU03302,14,73,2,1,1,1,0,22,7,0,81,40,1,2,3,3,1,0,0
3873,STU03303,14,73,2,1,1,1,0,22,1,1,95,69,1,1,2,2,0,0,1
3874,STU03304,14,73,2,1,1,1,0,28,3,0,98,68,0,1,2,2,0,0,1
3875,STU03305,14,73,2,1,1,1,0,28,2,1,60,75,1,0,1,1,0,0,1
3876,STU03306,14,73,2,1,1,1,0,18,10,0,98,93,0,2,0,0,0,1,0
3877,STU03307,14,73,2,1,1,1,0,28,1,0,53,68,0,2,2,2,1,0,0
3878,STU03308,14,73,1,0,2,1,0,18,4,1,90,75,1,0,1,1,0,1,0
3879,STU03309,14,73,1,0,2,1,0,22,7,0,81,40,1,2,3,3,1,0,0
3880,STU03310,14,73,1,0,2,1,0,22,1,1,95,69,1,1,2,2,0,0,1
3881,STU03311,14,73,1,0,2,1,0,28,3,0,98,68,0,1,2,2,0,0,1
3882,STU03312,14,73,1,0,2,1,0,28,2,1,60,75,1,0,1,1,0,0,1
3883,STU03313,14,73,1,0,2,1,0,18,10,0,98,93,0,2,0,0,0,1,0
3884,STU03314,14,73,1,0,2,1,0,28,1,0,53,68,0,2,2,2,1,0,0
3885,STU03315,14,73,1,1,2,1,0,18,4,1,90,75,1,0,1,1,0,1,0
3886,STU03316,14,73,1,1,2,1,0,22,7,0,81,40,1,2,3,3,1,0,0
3887,STU03317,14,73,1,1,2,1,0,22,1,1,95,69,1,1,2,2,0,0,1
3888,STU03318,14,73,1,1,2,1,0,28,3,0,98,68,0,1,2,2,0,0,1
3889,STU03319,14,73,1,1,2,1,0,28,2,1,60,75,1,0,1,1,0,0,1
3890,STU03320,14,73,1,1,2,1,0,18,10,0,98,93,0,2,0,0,0,1,0
3891,STU03321,14,73,1,1,2,1,0,28,1,0,53,68,0,2,2,2,1,0,0
3892,STU03322,30,75,2,0,2,1,0,22,15,1,96,40,0,1,3,3,1,0,0
3893,STU03323,30,75,2,0,2,1,0,22,17,0,60,63,1,0,2,2,1,0,0
3894,STU03324,30,75,2,0,2,1,0,19,3,0,77,92,1,0,0,0,0,0,0
3895,STU03325,30,75,2,0,2,1,0,23,16,1,55,69,1,0,2,2,1,0,0
3896,STU03326,30,75,2,0,2,1,0,22,12,1,57,64,1,1,2,2,0,0,0
3897,STU03327,20,61,0,1,1,1,0,27,13,0,68,56,1,2,2,2,1,0,0
3898,STU03328,20,61,0,1,1,1,0,29,1,1,91,70,0,0,1,1,0,1,0
3899,STU03329,20,61,0,1,1,1,0,25,18,1,72,82,1,2,1,1,1,0,0
3900,STU03330,20,61,0,1,1,1,0,28,9,0,69,91,1,2,0,0,0,1,0
3901,STU03331,20,61,0,1,0,1,0,27,13,0,68,56,1,2,2,2,1,0,0
3902,STU03332,20,61,0,1,0,1,0,29,1,1,91,70,0,0,1,1,0,1,0
3903,STU03333,20,61,0,1,0,1,0,25,18,1,72,82,1,2,1,1,1,0,0
3904,STU03334,20,61,0,1,0,1,0,28,9,0,69,91,1,2,0,0,0,1,0
3905,STU03335,20,61,2,1,1,1,0,27,13,0,68,56,1,2,2,2,1,0,0
3906,STU03336,20,61,2,1,1,1,0,29,1,1,91,70,0,0,1,1,0,1,0
3907,STU03337,20,61,2,1,1,1,0,25,18,1,72,82,1,2,1,1,1,0,0
3908,STU03338,20,61,2,1,1,1,0,28,9,0,69,91,1,2,0,0,0,1,0
3909,STU03339,20,61,2,0,1,1,0,27,13,0,68,56,1,2,2,2,1,0,0
3910,STU03340,20,61,2,0,1,1,0,29,1,1,91,70,0,0,1,1,0,1,0
3911,STU03341,20,61,2,0,1,1,0,25,18,1,72,82,1,2,1,1,1,0,0
3912,STU03342,20,61,2,0,1,1,0,28,9,0,69,91,1,2,0,0,0,1,0
3917,STU03343,15,73,0,1,1,1,1,29,1,1,59,78,0,2,1,1,0,0,0
3918,STU03344,15,73,2,0,0,1,1,29,1,1,59,78,0,2,1,1,0,0,0
3919,STU03345,15,73,2,1,1,1,1,29,1,1,59,78,0,2,1,1,0,0,0
3920,STU03346,15,73,2,0,1,1,1,29,1,1,59,78,0,2,1,1,0,0,0
3921,STU03347,15,73,2,0,0,0,1,29,1,1,59,78,0,2,1,1,0,0,0
3922,STU03348,29,92,1,1,2,1,1,28,19,0,99,83,0,1,1,1,0,0,0
3923,STU03349,29,92,1,1,2,1,1,20,2,1,55,49,1,1,3,3,1,0,0
3924,STU03350,29,92,0,1,1,1,1,28,19,0,99,83,0,1,1,1,0,0,0
3925,STU03351,29,92,0,1,1,1,1,20,2,1,55,49,1,1,3,3,1,0,0
3926,STU03352,29,92,2,0,0,1,1,28,19,0,99,83,0,1,1,1,0,0,0
3927,STU03353,29,92,2,0,0,1,1,20,2,1,55,49,1,1,3,3,1,0,0
3928,STU03354,23,88,1,1,1,1,1,18,5,1,86,45,0,1,3,3,0,1,0
3929,STU03355,23,88,1,1,1,1,1,23,19,0,84,93,0,2,0,0,0,0,1
3930,STU03356,23,88,1,1,1,1,1,25,11,0,91,91,1,0,0,0,1,0,0
3931,STU03357,23,88,1,1,1,1,1,29,16,1,81,96,0,1,0,0,0,0,0
3932,STU03358,23,88,1,0,1,1,1,18,5,1,86,45,0,1,3,3,0,1,0
3933,STU03359,23,88,1,0,1,1,1,23,19,0,84,93,0,2,0,0,0,0,1
3934,STU03360,23,88,1,0,1,1,1,25,11,0,91,91,1,0,0,0,1,0,0
3935,STU03361,23,88,1,0,1,1,1,29,16,1,81,96,0,1,0,0,0,0,0
3936,STU03362,23,88,2,0,0,0,1,18,5,1,86,45,0,1,3,3,0,1,0
3937,STU03363,23,88,2,0,0,0,1,23,19,0,84,93,0,2,0,0,0,0,1
3938,STU03364,23,88,2,0,0,0,1,25,11,0,91,91,1,0,0,0,1,0,0
3939,STU03365,23,88,2,0,0,0,1,29,16,1,81,96,0,1,0,0,0,0,0
3940,STU03366,23,88,0,1,1,1,1,18,5,1,86,45,0,1,3,3,0,1,0
3941,STU03367,23,88,0,1,1,1,1,23,19,0,84,93,0,2,0,0,0,0,1
3942,STU03368,23,88,0,1,1,1,1,25,11,0,91,91,1,0,0,0,1,0,0
3943,STU03369,23,88,0,1,1,1,1,29,16,1,81,96,0,1,0,0,0,0,0
3948,STU03370,23,88,1,1,0,1,1,18,5,1,86,45,0,1,3,3,0,1,0
3949,STU03371,23,88,1,1,0,1,1,23,19,0,84,93,0,2,0,0,0,0,1
3950,STU03372,23,88,1,1,0,1,1,25,11,0,91,91,1,0,0,0,1,0,0
3951,STU03373,23,88,1,1,0,1,1,29,16,1,81,96,0,1,0,0,0,0,0
3956,STU03374,14,89,2,1,1,1,1,25,8,1,88,51,0,2,3,3,0,0,1
3957,STU03375,14,89,2,1,1,1,1,19,15,1,74,65,1,1,2,2,0,0,0
3958,STU03376,14,89,2,0,0,1,1,25,8,1,88,51,0,2,3,3,0,0,1
3959,STU03377,14,89,2,0,0,1,1,19,15,1,74,65,1,1,2,2,0,0,0
3960,STU03378,14,89,2,1,0,1,1,25,8,1,88,51,0,2,3,3,0,0,1
3961,STU03379,14,89,2,1,0,1,1,19,15,1,74,65,1,1,2,2,0,0,0
3962,STU03380,14,89,1,1,2,1,1,25,8,1,88,51,0,2,3,3,0,0,1
3963,STU03381,14,89,1,1,2,1,1,19,15,1,74,65,1,1,2,2,0,0,0
3964,STU03382,15,72,2,0,1,1,0,21,16,0,97,95,1,2,0,0,1,0,0
3965,STU03383,15,72,2,0,1,1,0,28,14,1,73,57,0,1,2,2,1,0,0
3966,STU03384,15,72,2,0,1,1,0,20,1,1,99,73,0,1,1,1,0,0,1
3967,STU03385,15,72,2,0,1,1,0,23,0,1,70,86,0,2,0,0,0,0,0
3968,STU03386,15,72,1,1,2,1,0,21,16,0,97,95,1,2,0,0,1,0,0
3969,STU03387,15,72,1,1,2,1,0,28,14,1,73,57,0,1,2,2,1,0,0
3970,STU03388,15,72,1,1,2,1,0,20,1,1,99,73,0,1,1,1,0,0,1
3971,STU03389,15,72,1,1,2,1,0,23,0,1,70,86,0,2,0,0,0,0,0
3972,STU03390,15,72,0,1,1,1,0,21,16,0,97,95,1,2,0,0,1,0,0
3973,STU03391,15,72,0,1,1,1,0,28,14,1,73,57,0,1,2,2,1,0,0
3974,STU03392,15,72,0,1,1,1,0,20,1,1,99,73,0,1,1,1,0,0,1
3975,STU03393,15,72,0,1,1,1,0,23,0,1,70,86,0,2,0,0,0,0,0
3976,STU03394,12,64,0,1,2,1,1,22,2,0,64,84,1,1,1,1,0,1,0
3977,STU03395,12,64,0,1,2,1,1,23,6,0,54,88,1,2,0,0,0,0,1
3978,STU03396,12,64,0,1,2,1,1,23,1,0,86,51,1,2,3,3,1,0,0
3979,STU03397,12,64,0,0,1,1,1,22,2,0,64,84,1,1,1,1,0,1,0
3980,STU03398,12,64,0,0,1,1,1,23,6,0,54,88,1,2,0,0,0,0,1
3981,STU03399,12,64,0,0,1,1,1,23,1,0,86,51,1,2,3,3,1,0,0
3982,STU03400,12,64,1,0,0,0,1,22,2,0,64,84,1,1,1,1,0,1,0
3983,STU03401,12,64,1,0,0,0,1,23,6,0,54,88,1,2,0,0,0,0,1
3984,STU03402,12,64,1,0,0,0,1,23,1,0,86,51,1,2,3,3,1,0,0
3985,STU03403,12,64,2,1,1,0,1,22,2,0,64,84,1,1,1,1,0,1,0
3986,STU03404,12,64,2,1,1,0,1,23,6,0,54,88,1,2,0,0,0,0,1
3987,STU03405,12,64,2,1,1,0,1,23,1,0,86,51,1,2,3,3,1,0,0
3988,STU03406,31,93,0,1,1,1,1,19,8,0,62,66,1,1,2,2,1,0,0
3989,STU03407,31,93,0,1,1,1,1,18,7,1,89,94,0,1,0,0,0,0,0
3990,STU03408,31,93,0,1,1,1,1,23,15,1,62,66,0,2,2,2,0,1,0
3991,STU03409,31,93,0,0,0,1,1,19,8,0,62,66,1,1,2,2,1,0,0
3992,STU03410,31,93,0,0,0,1,1,18,7,1,89,94,0,1,0,0,0,0,0
3993,STU03411,31,93,0,0,0,1,1,23,15,1,62,66,0,2,2,2,0,1,0
3994,STU03412,31,93,1,0,1,1,1,19,8,0,62,66,1,1,2,2,1,0,0
3995,STU03413,31,93,1,0,1,1,1,18,7,1,89,94,0,1,0,0,0,0,0
3996,STU03414,31,93,1,0,1,1,1,23,15,1,62,66,0,2,2,2,0,1,0
3997,STU03415,12,99,1,0,0,1,0,22,4,0,92,72,1,0,1,1,0,1,0
3998,STU03416,12,99,1,0,0,1,0,23,8,1,56,85,1,0,0,0,0,0,0
3999,STU03417,12,99,2,0,1,1,0,22,4,0,92,72,1,0,1,1,0,1,0
4000,STU03418,12,99,2,0,1,1,0,23,8,1,56,85,1,0,0,0,0,0,0
4001,STU03419,12,99,1,1,0,1,0,22,4,0,92,72,1,0,1,1,0,1,0
4002,STU03420,12,99,1,1,0,1,0,23,8,1,56,85,1,0,0,0,0,0,0
4003,STU03421,23,80,1,1,0,1,0,20,12,0,54,47,0,2,3,3,0,0,1
4004,STU03422,23,80,1,1,0,1,0,21,4,1,97,79,1,2,1,1,1,0,0
4005,STU03423,23,80,1,1,0,1,0,19,4,0,83,68,0,2,2,2,1,0,0
4006,STU03424,23,80,1,1,0,1,0,29,17,1,73,81,0,0,1,1,0,1,0
4007,STU03425,23,80,0,1,1,1,0,20,12,0,54,47,0,2,3,3,0,0,1
4008,STU03426,23,80,0,1,1,1,0,21,4,1,97,79,1,2,1,1,1,0,0
4009,STU03427,23,80,0,1,1,1,0,19,4,0,83,68,0,2,2,2,1,0,0
4010,STU03428,23,80,0,1,1,1,0,29,17,1,73,81,0,0,1,1,0,1,0
4011,STU03429,23,80,0,1,2,1,0,20,12,0,54,47,0,2,3,3,0,0,1
4012,STU03430,23,80,0,1,2,1,0,21,4,1,97,79,1,2,1,1,1,0,0
4013,STU03431,23,80,0,1,2,1,0,19,4,0,83,68,0,2,2,2,1,0,0
4014,STU03432,23,80,0,1,2,1,0,29,17,1,73,81,0,0,1,1,0,1,0
4015,STU03433,23,80,1,0,0,1,0,20,12,0,54,47,0,2,3,3,0,0,1
4016,STU03434,23,80,1,0,0,1,0,21,4,1,97,79,1,2,1,1,1,0,0
4017,STU03435,23,80,1,0,0,1,0,19,4,0,83,68,0,2,2,2,1,0,0
4018,STU03436,23,80,1,0,0,1,0,29,17,1,73,81,0,0,1,1,0,1,0
4019,STU03437,16,60,1,1,0,1,0,21,0,1,58,77,1,2,1,1,1,0,0
4020,STU03438,16,60,1,1,0,1,0,19,11,1,72,57,0,0,2,2,0,1,0
4021,STU03439,16,60,1,1,0,1,0,25,13,1,99,46,0,1,3,3,0,0,1
4022,STU03440,16,60,2,0,0,1,0,21,0,1,58,77,1,2,1,1,1,0,0
4023,STU03441,16,60,2,0,0,1,0,19,11,1,72,57,0,0,2,2,0,1,0
4024,STU03442,16,60,2,0,0,1,0,25,13,1,99,46,0,1,3,3,0,0,1
4025,STU03443,20,63,0,1,0,1,0,27,12,1,99,60,1,2,2,2,0,0,0
4026,STU03444,20,63,0,1,0,1,0,21,19,0,98,50,0,0,3,3,0,0,0
4027,STU03445,20,63,0,1,0,1,0,26,5,1,83,68,1,2,2,2,0,0,1
4028,STU03446,20,63,0,1,1,1,0,27,12,1,99,60,1,2,2,2,0,0,0
4029,STU03447,20,63,0,1,1,1,0,21,19,0,98,50,0,0,3,3,0,0,0
4030,STU03448,20,63,0,1,1,1,0,26,5,1,83,68,1,2,2,2,0,0,1
4031,STU03449,20,63,1,1,1,0,0,27,12,1,99,60,1,2,2,2,0,0,0
4032,STU03450,20,63,1,1,1,0,0,21,19,0,98,50,0,0,3,3,0,0,0
4033,STU03451,20,63,1,1,1,0,0,26,5,1,83,68,1,2,2,2,0,0,1
4034,STU03452,20,63,0,0,0,1,0,27,12,1,99,60,1,2,2,2,0,0,0
4035,STU03453,20,63,0,0,0,1,0,21,19,0,98,50,0,0,3,3,0,0,0
4036,STU03454,20,63,0,0,0,1,0,26,5,1,83,68,1,2,2,2,0,0,1
4037,STU03455,20,63,1,1,0,1,0,27,12,1,99,60,1,2,2,2,0,0,0
4038,STU03456,20,63,1,1,0,1,0,21,19,0,98,50,0,0,3,3,0,0,0
4039,STU03457,20,63,1,1,0,1,0,26,5,1,83,68,1,2,2,2,0,0,1
4040,STU03458,15,98,2,1,0,1,0,25,17,0,87,64,1,1,2,2,0,1,0
4041,STU03459,15,98,2,1,0,1,0,18,9,0,58,67,1,2,2,2,0,1,0
4042,STU03460,15,98,0,0,0,0,0,25,17,0,87,64,1,1,2,2,0,1,0
4043,STU03461,15,98,0,0,0,0,0,18,9,0,58,67,1,2,2,2,0,1,0
4044,STU03462,15,98,2,0,1,1,0,25,17,0,87,64,1,1,2,2,0,1,0
4045,STU03463,15,98,2,0,1,1,0,18,9,0,58,67,1,2,2,2,0,1,0
4046,STU03464,15,98,1,1,1,1,0,25,17,0,87,64,1,1,2,2,0,1,0
4047,STU03465,15,98,1,1,1,1,0,18,9,0,58,67,1,2,2,2,0,1,0
4048,STU03466,15,98,1,1,2,1,0,25,17,0,87,64,1,1,2,2,0,1,0
4049,STU03467,15,98,1,1,2,1,0,18,9,0,58,67,1,2,2,2,0,1,0
4050,STU03468,15,98,2,1,1,1,0,25,17,0,87,64,1,1,2,2,0,1,0
4051,STU03469,15,98,2,1,1,1,0,18,9,0,58,67,1,2,2,2,0,1,0
4052,STU03470,22,75,1,0,0,1,1,23,14,0,99,60,1,2,2,2,0,1,0
4053,STU03471,22,75,1,0,0,1,1,18,0,1,93,84,0,0,1,1,0,0,0
4054,STU03472,22,75,2,1,0,1,1,23,14,0,99,60,1,2,2,2,0,1,0
4055,STU03473,22,75,2,1,0,1,1,18,0,1,93,84,0,0,1,1,0,0,0
4056,STU03474,22,75,0,1,0,1,1,23,14,0,99,60,1,2,2,2,0,1,0
4057,STU03475,22,75,0,1,0,1,1,18,0,1,93,84,0,0,1,1,0,0,0
4062,STU03476,22,75,1,1,0,1,1,23,14,0,99,60,1,2,2,2,0,1,0
4063,STU03477,22,75,1,1,0,1,1,18,0,1,93,84,0,0,1,1,0,0,0
4064,STU03478,22,75,1,1,2,1,1,23,14,0,99,60,1,2,2,2,0,1,0
4065,STU03479,22,75,1,1,2,1,1,18,0,1,93,84,0,0,1,1,0,0,0
4066,STU03480,22,75,2,0,0,1,1,23,14,0,99,60,1,2,2,2,0,1,0
4067,STU03481,22,75,2,0,0,1,1,18,0,1,93,84,0,0,1,1,0,0,0
4068,STU03482,15,90,0,1,0,1,1,22,7,1,55,43,0,2,3,3,0,0,1
4069,STU03483,15,90,0,1,0,1,1,28,20,1,81,96,1,2,0,0,0,0,0
4070,STU03484,15,90,1,0,1,1,1,22,7,1,55,43,0,2,3,3,0,0,1
4071,STU03485,15,90,1,0,1,1,1,28,20,1,81,96,1,2,0,0,0,0,0
4072,STU03486,17,84,0,1,2,1,0,24,18,1,85,94,0,2,0,0,1,0,0
4073,STU03487,17,84,0,1,2,1,0,27,10,1,84,68,0,2,2,2,0,0,1
4074,STU03488,17,84,0,1,2,1,0,18,20,0,88,65,1,0,2,2,0,0,0
4075,STU03489,17,84,0,1,2,1,0,22,18,1,54,90,1,2,0,0,0,1,0
4076,STU03490,17,84,0,1,2,1,0,22,11,0,77,49,1,1,3,3,0,0,1
4077,STU03491,17,84,1,1,0,1,0,24,18,1,85,94,0,2,0,0,1,0,0
4078,STU03492,17,84,1,1,0,1,0,27,10,1,84,68,0,2,2,2,0,0,1
4079,STU03493,17,84,1,1,0,1,0,18,20,0,88,65,1,0,2,2,0,0,0
4080,STU03494,17,84,1,1,0,1,0,22,18,1,54,90,1,2,0,0,0,1,0
4081,STU03495,17,84,1,1,0,1,0,22,11,0,77,49,1,1,3,3,0,0,1
4082,STU03496,17,84,2,0,1,1,0,24,18,1,85,94,0,2,0,0,1,0,0
4083,STU03497,17,84,2,0,1,1,0,27,10,1,84,68,0,2,2,2,0,0,1
4084,STU03498,17,84,2,0,1,1,0,18,20,0,88,65,1,0,2,2,0,0,0
4085,STU03499,17,84,2,0,1,1,0,22,18,1,54,90,1,2,0,0,0,1,0
4086,STU03500,17,84,2,0,1,1,0,22,11,0,77,49,1,1,3,3,0,0,1
4087,STU03501,17,84,2,1,1,1,0,24,18,1,85,94,0,2,0,0,1,0,0
4088,STU03502,17,84,2,1,1,1,0,27,10,1,84,68,0,2,2,2,0,0,1
4089,STU03503,17,84,2,1,1,1,0,18,20,0,88,65,1,0,2,2,0,0,0
4090,STU03504,17,84,2,1,1,1,0,22,18,1,54,90,1,2,0,0,0,1,0
4091,STU03505,17,84,2,1,1,1,0,22,11,0,77,49,1,1,3,3,0,0,1
4092,STU03506,25,85,2,0,2,1,0,18,16,1,69,70,1,2,1,1,0,1,0
4093,STU03507,25,85,2,0,2,1,0,21,3,0,96,50,1,2,3,3,0,0,0
4094,STU03508,25,85,2,0,2,1,0,24,4,1,78,76,1,1,1,1,0,0,0
4095,STU03509,25,85,1,0,0,1,0,18,16,1,69,70,1,2,1,1,0,1,0
4096,STU03510,25,85,1,0,0,1,0,21,3,0,96,50,1,2,3,3,0,0,0
4097,STU03511,25,85,1,0,0,1,0,24,4,1,78,76,1,1,1,1,0,0,0
4101,STU03512,25,85,1,1,1,1,0,18,16,1,69,70,1,2,1,1,0,1,0
4102,STU03513,25,85,1,1,1,1,0,21,3,0,96,50,1,2,3,3,0,0,0
4103,STU03514,25,85,1,1,1,1,0,24,4,1,78,76,1,1,1,1,0,0,0
4104,STU03515,25,85,2,0,1,1,0,18,16,1,69,70,1,2,1,1,0,1,0
4105,STU03516,25,85,2,0,1,1,0,21,3,0,96,50,1,2,3,3,0,0,0
4106,STU03517,25,85,2,0,1,1,0,24,4,1,78,76,1,1,1,1,0,0,0
4110,STU03518,23,86,1,1,0,1,0,20,3,1,81,85,1,2,0,0,0,0,0
4111,STU03519,23,86,2,1,0,1,0,20,3,1,81,85,1,2,0,0,0,0,0
4112,STU03520,23,86,2,1,1,1,0,20,3,1,81,85,1,2,0,0,0,0,0
4113,STU03521,23,86,1,0,0,1,0,20,3,1,81,85,1,2,0,0,0,0,0
4114,STU03522,23,86,1,1,2,1,0,20,3,1,81,85,1,2,0,0,0,0,0
4115,STU03523,23,86,2,0,0,1,0,20,3,1,81,85,1,2,0,0,0,0,0
4116,STU03524,14,85,1,0,0,1,1,19,4,1,58,56,1,0,2,2,1,0,0
4117,STU03525,14,85,1,0,0,1,1,23,4,0,88,65,1,2,2,2,0,0,0
4118,STU03526,14,85,1,0,0,1,1,19,6,0,73,87,1,2,0,0,0,0,1
4119,STU03527,14,85,1,1,0,1,1,19,4,1,58,56,1,0,2,2,1,0,0
4120,STU03528,14,85,1,1,0,1,1,23,4,0,88,65,1,2,2,2,0,0,0
4121,STU03529,14,85,1,1,0,1,1,19,6,0,73,87,1,2,0,0,0,0,1
4122,STU03530,14,85,2,1,1,1,1,19,4,1,58,56,1,0,2,2,1,0,0
4123,STU03531,14,85,2,1,1,1,1,23,4,0,88,65,1,2,2,2,0,0,0
4124,STU03532,14,85,2,1,1,1,1,19,6,0,73,87,1,2,0,0,0,0,1
4125,STU03533,14,85,0,1,1,1,1,19,4,1,58,56,1,0,2,2,1,0,0
4126,STU03534,14,85,0,1,1,1,1,23,4,0,88,65,1,2,2,2,0,0,0
4127,STU03535,14,85,0,1,1,1,1,19,6,0,73,87,1,2,0,0,0,0,1
4128,STU03536,14,85,1,0,1,1,1,19,4,1,58,56,1,0,2,2,1,0,0
4129,STU03537,14,85,1,0,1,1,1,23,4,0,88,65,1,2,2,2,0,0,0
4130,STU03538,14,85,1,0,1,1,1,19,6,0,73,87,1,2,0,0,0,0,1
4131,STU03539,21,82,1,0,1,1,1,25,8,1,78,46,1,2,3,3,0,0,0
4132,STU03540,21,82,1,0,1,1,1,19,8,1,80,91,1,0,0,0,1,0,0
4133,STU03541,21,82,0,1,2,1,1,25,8,1,78,46,1,2,3,3,0,0,0
4134,STU03542,21,82,0,1,2,1,1,19,8,1,80,91,1,0,0,0,1,0,0
4135,STU03543,21,82,2,1,0,1,1,25,8,1,78,46,1,2,3,3,0,0,0
4136,STU03544,21,82,2,1,0,1,1,19,8,1,80,91,1,0,0,0,1,0,0
4137,STU03545,21,82,2,0,1,1,1,25,8,1,78,46,1,2,3,3,0,0,0
4138,STU03546,21,82,2,0,1,1,1,19,8,1,80,91,1,0,0,0,1,0,0
4139,STU03547,21,82,2,0,2,1,1,25,8,1,78,46,1,2,3,3,0,0,0
4140,STU03548,21,82,2,0,2,1,1,19,8,1,80,91,1,0,0,0,1,0,0
4141,STU03549,25,99,1,1,2,1,1,19,11,0,99,97,1,2,0,0,0,0,1
4142,STU03550,25,99,1,1,2,1,1,18,4,0,80,48,0,1,3,3,1,0,0
4143,STU03551,25,99,1,0,1,0,1,19,11,0,99,97,1,2,0,0,0,0,1
4144,STU03552,25,99,1,0,1,0,1,18,4,0,80,48,0,1,3,3,1,0,0
4145,STU03553,25,99,1,0,1,1,1,19,11,0,99,97,1,2,0,0,0,0,1
4146,STU03554,25,99,1,0,1,1,1,18,4,0,80,48,0,1,3,3,1,0,0
4149,STU03555,25,99,2,0,1,1,1,19,11,0,99,97,1,2,0,0,0,0,1
4150,STU03556,25,99,2,0,1,1,1,18,4,0,80,48,0,1,3,3,1,0,0
4151,STU03557,25,99,2,0,2,1,1,19,11,0,99,97,1,2,0,0,0,0,1
4152,STU03558,25,99,2,0,2,1,1,18,4,0,80,48,0,1,3,3,1,0,0
4153,STU03559,25,99,1,1,1,1,1,19,11,0,99,97,1,2,0,0,0,0,1
4154,STU03560,25,99,1,1,1,1,1,18,4,0,80,48,0,1,3,3,1,0,0
4155,STU03561,10,89,0,1,0,1,1,20,17,1,70,58,0,0,2,2,0,1,0
4156,STU03562,10,89,0,1,0,1,1,27,20,0,82,57,1,0,2,2,0,0,1
4157,STU03563,10,89,0,1,0,1,1,21,13,1,62,94,1,0,0,0,0,0,1
4158,STU03564,10,89,1,1,1,1,1,20,17,1,70,58,0,0,2,2,0,1,0
4159,STU03565,10,89,1,1,1,1,1,27,20,0,82,57,1,0,2,2,0,0,1
4160,STU03566,10,89,1,1,1,1,1,21,13,1,62,94,1,0,0,0,0,0,1
4161,STU03567,16,95,0,1,0,1,0,23,1,0,91,59,1,2,2,2,1,0,0
4162,STU03568,16,95,0,1,0,1,0,29,18,0,66,89,0,1,0,0,0,1,0
4163,STU03569,16,95,0,0,0,1,0,23,1,0,91,59,1,2,2,2,1,0,0
4164,STU03570,16,95,0,0,0,1,0,29,18,0,66,89,0,1,0,0,0,1,0
4165,STU03571,16,95,1,1,2,1,0,23,1,0,91,59,1,2,2,2,1,0,0
4166,STU03572,16,95,1,1,2,1,0,29,18,0,66,89,0,1,0,0,0,1,0
4167,STU03573,16,95,0,0,0,0,0,23,1,0,91,59,1,2,2,2,1,0,0
4168,STU03574,16,95,0,0,0,0,0,29,18,0,66,89,0,1,0,0,0,1,0
4169,STU03575,16,95,0,0,1,1,0,23,1,0,91,59,1,2,2,2,1,0,0
4170,STU03576,16,95,0,0,1,1,0,29,18,0,66,89,0,1,0,0,0,1,0
4171,STU03577,23,69,2,1,1,1,1,18,7,1,69,80,1,2,1,1,0,0,1
4172,STU03578,23,69,1,1,1,1,1,18,7,1,69,80,1,2,1,1,0,0,1
4173,STU03579,23,69,0,1,2,1,1,18,7,1,69,80,1,2,1,1,0,0,1
4174,STU03580,23,69,0,1,0,0,1,18,7,1,69,80,1,2,1,1,0,0,1
4176,STU03581,15,63,0,0,0,1,0,28,12,1,93,78,1,1,1,1,0,1,0
4177,STU03582,9,79,0,0,2,1,1,23,0,0,69,53,1,1,3,3,1,0,0
4178,STU03583,9,79,0,0,2,1,1,19,10,1,91,58,1,1,2,2,1,0,0
4179,STU03584,9,79,0,0,2,1,1,24,10,0,81,66,1,1,2,2,1,0,0
4180,STU03585,10,81,1,1,1,0,0,23,4,0,64,82,0,2,1,1,1,0,0
4181,STU03586,10,81,1,1,1,0,0,21,20,1,90,94,1,2,0,0,1,0,0
4182,STU03587,10,81,1,1,1,0,0,27,1,1,52,50,1,0,3,3,0,0,1
4183,STU03588,10,81,1,1,1,0,0,29,20,0,93,61,0,1,2,2,1,0,0
4184,STU03589,10,81,2,1,1,1,0,23,4,0,64,82,0,2,1,1,1,0,0
4185,STU03590,10,81,2,1,1,1,0,21,20,1,90,94,1,2,0,0,1,0,0
4186,STU03591,10,81,2,1,1,1,0,27,1,1,52,50,1,0,3,3,0,0,1
4187,STU03592,10,81,2,1,1,1,0,29,20,0,93,61,0,1,2,2,1,0,0
4188,STU03593,20,93,2,1,1,1,1,19,0,0,65,54,0,2,3,3,1,0,0
4189,STU03594,20,93,2,1,1,1,1,23,5,1,55,99,1,0,0,0,1,0,0
4190,STU03595,20,93,2,1,1,1,1,23,14,1,65,56,0,2,2,2,0,1,0
4191,STU03596,20,93,2,1,1,1,1,23,8,1,51,47,1,1,3,3,0,0,1
4192,STU03597,20,93,1,1,0,1,1,19,0,0,65,54,0,2,3,3,1,0,0
4193,STU03598,20,93,1,1,0,1,1,23,5,1,55,99,1,0,0,0,1,0,0
4194,STU03599,20,93,1,1,0,1,1,23,14,1,65,56,0,2,2,2,0,1,0
4195,STU03600,20,93,1,1,0,1,1,23,8,1,51,47,1,1,3,3,0,0,1
4196,STU03601,20,93,0,1,1,1,1,19,0,0,65,54,0,2,3,3,1,0,0
4197,STU03602,20,93,0,1,1,1,1,23,5,1,55,99,1,0,0,0,1,0,0
4198,STU03603,20,93,0,1,1,1,1,23,14,1,65,56,0,2,2,2,0,1,0
4199,STU03604,20,93,0,1,1,1,1,23,8,1,51,47,1,1,3,3,0,0,1
4200,STU03605,20,93,1,1,1,1,1,19,0,0,65,54,0,2,3,3,1,0,0
4201,STU03606,20,93,1,1,1,1,1,23,5,1,55,99,1,0,0,0,1,0,0
4202,STU03607,20,93,1,1,1,1,1,23,14,1,65,56,0,2,2,2,0,1,0
4203,STU03608,20,93,1,1,1,1,1,23,8,1,51,47,1,1,3,3,0,0,1
4212,STU03609,20,93,2,0,1,1,1,19,0,0,65,54,0,2,3,3,1,0,0
4213,STU03610,20,93,2,0,1,1,1,23,5,1,55,99,1,0,0,0,1,0,0
4214,STU03611,20,93,2,0,1,1,1,23,14,1,65,56,0,2,2,2,0,1,0
4215,STU03612,20,93,2,0,1,1,1,23,8,1,51,47,1,1,3,3,0,0,1
4216,STU03613,20,93,1,0,2,1,1,19,0,0,65,54,0,2,3,3,1,0,0
4217,STU03614,20,93,1,0,2,1,1,23,5,1,55,99,1,0,0,0,1,0,0
4218,STU03615,20,93,1,0,2,1,1,23,14,1,65,56,0,2,2,2,0,1,0
4219,STU03616,20,93,1,0,2,1,1,23,8,1,51,47,1,1,3,3,0,0,1
4220,STU03617,20,93,0,0,1,1,1,19,0,0,65,54,0,2,3,3,1,0,0
4221,STU03618,20,93,0,0,1,1,1,23,5,1,55,99,1,0,0,0,1,0,0
4222,STU03619,20,93,0,0,1,1,1,23,14,1,65,56,0,2,2,2,0,1,0
4223,STU03620,20,93,0,0,1,1,1,23,8,1,51,47,1,1,3,3,0,0,1
4224,STU03621,22,78,1,1,0,1,1,19,13,1,95,60,0,2,2,2,0,0,1
4225,STU03622,22,78,1,1,0,1,1,27,9,1,58,73,1,1,1,1,0,0,1
4226,STU03623,22,78,1,1,0,1,1,22,10,0,87,65,0,0,2,2,0,0,1
4227,STU03624,22,78,2,1,1,1,1,19,13,1,95,60,0,2,2,2,0,0,1
4228,STU03625,22,78,2,1,1,1,1,27,9,1,58,73,1,1,1,1,0,0,1
4229,STU03626,22,78,2,1,1,1,1,22,10,0,87,65,0,0,2,2,0,0,1
4230,STU03627,22,78,1,0,1,1,1,19,13,1,95,60,0,2,2,2,0,0,1
4231,STU03628,22,78,1,0,1,1,1,27,9,1,58,73,1,1,1,1,0,0,1
4232,STU03629,22,78,1,0,1,1,1,22,10,0,87,65,0,0,2,2,0,0,1
4233,STU03630,22,78,1,1,1,1,1,19,13,1,95,60,0,2,2,2,0,0,1
4234,STU03631,22,78,1,1,1,1,1,27,9,1,58,73,1,1,1,1,0,0,1
4235,STU03632,22,78,1,1,1,1,1,22,10,0,87,65,0,0,2,2,0,0,1
4236,STU03633,22,78,2,0,0,1,1,19,13,1,95,60,0,2,2,2,0,0,1
4237,STU03634,22,78,2,0,0,1,1,27,9,1,58,73,1,1,1,1,0,0,1
4238,STU03635,22,78,2,0,0,1,1,22,10,0,87,65,0,0,2,2,0,0,1
4239,STU03636,22,78,2,1,0,1,1,19,13,1,95,60,0,2,2,2,0,0,1
4240,STU03637,22,78,2,1,0,1,1,27,9,1,58,73,1,1,1,1,0,0,1
4241,STU03638,22,78,2,1,0,1,1,22,10,0,87,65,0,0,2,2,0,0,1
4245,STU03639,22,78,0,0,2,1,1,19,13,1,95,60,0,2,2,2,0,0,1
4246,STU03640,22,78,0,0,2,1,1,27,9,1,58,73,1,1,1,1,0,0,1
4247,STU03641,22,78,0,0,2,1,1,22,10,0,87,65,0,0,2,2,0,0,1
4248,STU03642,24,81,0,0,1,1,0,25,20,0,64,43,1,2,3,3,0,0,0
4249,STU03643,24,81,0,0,1,1,0,20,13,1,97,83,0,1,1,1,0,1,0
4250,STU03644,10,62,0,0,2,1,1,27,13,0,97,51,1,1,3,3,1,0,0
4251,STU03645,10,62,0,0,2,1,1,20,0,1,60,68,1,2,2,2,1,0,0
4252,STU03646,10,62,0,0,2,1,1,20,15,1,95,83,0,1,1,1,0,1,0
4253,STU03647,10,62,0,0,2,1,1,24,10,0,98,65,0,1,2,2,1,0,0
4254,STU03648,10,62,0,0,2,1,1,23,14,0,79,59,1,2,2,2,0,1,0
4255,STU03649,10,62,1,0,2,1,1,27,13,0,97,51,1,1,3,3,1,0,0
4256,STU03650,10,62,1,0,2,1,1,20,0,1,60,68,1,2,2,2,1,0,0
4257,STU03651,10,62,1,0,2,1,1,20,15,1,95,83,0,1,1,1,0,1,0
4258,STU03652,10,62,1,0,2,1,1,24,10,0,98,65,0,1,2,2,1,0,0
4259,STU03653,10,62,1,0,2,1,1,23,14,0,79,59,1,2,2,2,0,1,0
4260,STU03654,10,62,2,0,1,1,1,27,13,0,97,51,1,1,3,3,1,0,0
4261,STU03655,10,62,2,0,1,1,1,20,0,1,60,68,1,2,2,2,1,0,0
4262,STU03656,10,62,2,0,1,1,1,20,15,1,95,83,0,1,1,1,0,1,0
4263,STU03657,10,62,2,0,1,1,1,24,10,0,98,65,0,1,2,2,1,0,0
4264,STU03658,10,62,2,0,1,1,1,23,14,0,79,59,1,2,2,2,0,1,0
4265,STU03659,20,85,1,0,2,1,1,25,20,1,52,53,1,1,3,3,1,0,0
4266,STU03660,20,85,1,0,2,1,1,28,1,0,98,67,1,2,2,2,0,1,0
4267,STU03661,20,85,1,0,2,1,1,28,5,1,50,75,1,2,1,1,0,0,1
4268,STU03662,20,85,1,0,2,1,1,20,7,0,97,81,1,1,1,1,0,1,0
4269,STU03663,20,85,1,0,2,1,1,22,5,1,54,41,1,1,3,3,0,0,1
4270,STU03664,20,85,1,1,0,1,1,25,20,1,52,53,1,1,3,3,1,0,0
4271,STU03665,20,85,1,1,0,1,1,28,1,0,98,67,1,2,2,2,0,1,0
4272,STU03666,20,85,1,1,0,1,1,28,5,1,50,75,1,2,1,1,0,0,1
4273,STU03667,20,85,1,1,0,1,1,20,7,0,97,81,1,1,1,1,0,1,0
4274,STU03668,20,85,1,1,0,1,1,22,5,1,54,41,1,1,3,3,0,0,1
4280,STU03669,20,85,0,0,0,1,1,25,20,1,52,53,1,1,3,3,1,0,0
4281,STU03670,20,85,0,0,0,1,1,28,1,0,98,67,1,2,2,2,0,1,0
4282,STU03671,20,85,0,0,0,1,1,28,5,1,50,75,1,2,1,1,0,0,1
4283,STU03672,20,85,0,0,0,1,1,20,7,0,97,81,1,1,1,1,0,1,0
4284,STU03673,20,85,0,0,0,1,1,22,5,1,54,41,1,1,3,3,0,0,1
4285,STU03674,20,85,0,1,1,1,1,25,20,1,52,53,1,1,3,3,1,0,0
4286,STU03675,20,85,0,1,1,1,1,28,1,0,98,67,1,2,2,2,0,1,0
4287,STU03676,20,85,0,1,1,1,1,28,5,1,50,75,1,2,1,1,0,0,1
4288,STU03677,20,85,0,1,1,1,1,20,7,0,97,81,1,1,1,1,0,1,0
4289,STU03678,20,85,0,1,1,1,1,22,5,1,54,41,1,1,3,3,0,0,1
4290,STU03679,20,85,1,0,0,1,1,25,20,1,52,53,1,1,3,3,1,0,0
4291,STU03680,20,85,1,0,0,1,1,28,1,0,98,67,1,2,2,2,0,1,0
4292,STU03681,20,85,1,0,0,1,1,28,5,1,50,75,1,2,1,1,0,0,1
4293,STU03682,20,85,1,0,0,1,1,20,7,0,97,81,1,1,1,1,0,1,0
4294,STU03683,20,85,1,0,0,1,1,22,5,1,54,41,1,1,3,3,0,0,1
4295,STU03684,13,93,0,1,2,1,1,23,1,0,99,53,1,2,3,3,0,0,1
4296,STU03685,13,93,0,1,2,1,1,23,9,1,94,75,1,0,1,1,0,0,1
4297,STU03686,13,93,0,1,2,1,1,23,4,1,58,96,1,2,0,0,0,0,1
4298,STU03687,13,93,0,1,2,1,1,29,15,1,89,41,0,1,3,3,1,0,0
4299,STU03688,13,93,2,1,1,1,1,23,1,0,99,53,1,2,3,3,0,0,1
4300,STU03689,13,93,2,1,1,1,1,23,9,1,94,75,1,0,1,1,0,0,1
4301,STU03690,13,93,2,1,1,1,1,23,4,1,58,96,1,2,0,0,0,0,1
4302,STU03691,13,93,2,1,1,1,1,29,15,1,89,41,0,1,3,3,1,0,0
4303,STU03692,13,93,2,0,0,1,1,23,1,0,99,53,1,2,3,3,0,0,1
4304,STU03693,13,93,2,0,0,1,1,23,9,1,94,75,1,0,1,1,0,0,1
4305,STU03694,13,93,2,0,0,1,1,23,4,1,58,96,1,2,0,0,0,0,1
4306,STU03695,13,93,2,0,0,1,1,29,15,1,89,41,0,1,3,3,1,0,0
4307,STU03696,20,84,2,1,2,1,0,21,15,1,83,66,1,1,2,2,0,1,0
4308,STU03697,20,84,2,1,1,1,0,21,15,1,83,66,1,1,2,2,0,1,0
4309,STU03698,20,84,0,0,1,1,0,21,15,1,83,66,1,1,2,2,0,1,0
4310,STU03699,20,84,0,0,0,1,0,21,15,1,83,66,1,1,2,2,0,1,0
4311,STU03700,15,84,2,0,0,1,1,26,15,0,59,95,1,2,0,0,1,0,0
4312,STU03701,15,84,2,0,0,1,1,19,4,1,82,79,0,2,1,1,0,0,0
4313,STU03702,15,84,2,0,0,1,1,26,10,0,74,65,0,1,2,2,0,1,0
4314,STU03703,15,84,2,0,0,1,1,22,12,1,54,69,1,1,2,2,1,0,0
4315,STU03704,15,84,1,0,1,1,1,26,15,0,59,95,1,2,0,0,1,0,0
4316,STU03705,15,84,1,0,1,1,1,19,4,1,82,79,0,2,1,1,0,0,0
4317,STU03706,15,84,1,0,1,1,1,26,10,0,74,65,0,1,2,2,0,1,0
4318,STU03707,15,84,1,0,1,1,1,22,12,1,54,69,1,1,2,2,1,0,0
4319,STU03708,15,84,0,1,1,1,1,26,15,0,59,95,1,2,0,0,1,0,0
4320,STU03709,15,84,0,1,1,1,1,19,4,1,82,79,0,2,1,1,0,0,0
4321,STU03710,15,84,0,1,1,1,1,26,10,0,74,65,0,1,2,2,0,1,0
4322,STU03711,15,84,0,1,1,1,1,22,12,1,54,69,1,1,2,2,1,0,0
4323,STU03712,18,67,0,1,0,1,1,25,17,1,78,56,1,2,2,2,0,0,1
4324,STU03713,18,67,0,1,0,1,1,19,12,0,76,100,1,2,0,0,0,0,0
4325,STU03714,18,67,2,1,1,1,1,25,17,1,78,56,1,2,2,2,0,0,1
4326,STU03715,18,67,2,1,1,1,1,19,12,0,76,100,1,2,0,0,0,0,0
4329,STU03716,18,67,0,0,0,1,1,25,17,1,78,56,1,2,2,2,0,0,1
4330,STU03717,18,67,0,0,0,1,1,19,12,0,76,100,1,2,0,0,0,0,0
4331,STU03718,18,67,1,0,2,1,1,25,17,1,78,56,1,2,2,2,0,0,1
4332,STU03719,18,67,1,0,2,1,1,19,12,0,76,100,1,2,0,0,0,0,0
4333,STU03720,18,67,1,1,2,1,1,25,17,1,78,56,1,2,2,2,0,0,1
4334,STU03721,18,67,1,1,2,1,1,19,12,0,76,100,1,2,0,0,0,0,0
4335,STU03722,17,99,2,0,1,1,1,27,16,1,81,43,1,1,3,3,1,0,0
4336,STU03723,17,99,2,0,1,1,1,27,16,1,99,74,1,2,1,1,0,1,0
4337,STU03724,17,99,1,0,0,0,1,27,16,1,81,43,1,1,3,3,1,0,0
4338,STU03725,17,99,1,0,0,0,1,27,16,1,99,74,1,2,1,1,0,1,0
4339,STU03726,17,99,1,0,0,1,1,27,16,1,81,43,1,1,3,3,1,0,0
4340,STU03727,17,99,1,0,0,1,1,27,16,1,99,74,1,2,1,1,0,1,0
4341,STU03728,17,99,1,1,1,1,1,27,16,1,81,43,1,1,3,3,1,0,0
4342,STU03729,17,99,1,1,1,1,1,27,16,1,99,74,1,2,1,1,0,1,0
4345,STU03730,13,69,0,0,1,1,1,25,15,0,66,77,0,2,1,1,0,1,0
4346,STU03731,13,69,0,0,1,1,1,19,15,1,91,75,1,0,1,1,0,0,1
4347,STU03732,13,69,0,0,1,1,1,25,17,0,62,55,1,2,2,2,1,0,0
4348,STU03733,13,69,2,0,0,1,1,25,15,0,66,77,0,2,1,1,0,1,0
4349,STU03734,13,69,2,0,0,1,1,19,15,1,91,75,1,0,1,1,0,0,1
4350,STU03735,13,69,2,0,0,1,1,25,17,0,62,55,1,2,2,2,1,0,0
4357,STU03736,23,67,1,1,1,1,0,27,5,0,70,93,1,0,0,0,0,1,0
4358,STU03737,23,67,1,0,2,1,0,27,5,0,70,93,1,0,0,0,0,1,0
4359,STU03738,23,67,2,1,1,1,0,27,5,0,70,93,1,0,0,0,0,1,0
4360,STU03739,23,67,2,1,0,1,0,27,5,0,70,93,1,0,0,0,0,1,0
4361,STU03740,23,67,0,0,1,1,0,27,5,0,70,93,1,0,0,0,0,1,0
4362,STU03741,29,87,2,1,2,1,1,23,9,1,69,59,1,0,2,2,0,0,0
4363,STU03742,5,84,1,1,2,1,1,20,17,1,74,65,1,2,2,2,0,1,0
4364,STU03743,5,84,1,1,0,0,1,20,17,1,74,65,1,2,2,2,0,1,0
4365,STU03744,19,96,0,1,0,0,0,21,20,1,72,54,0,0,3,3,0,1,0
4366,STU03745,19,96,0,1,0,0,0,20,12,1,62,65,1,1,2,2,0,0,0
4367,STU03746,19,96,0,1,0,0,0,24,1,0,66,72,0,2,1,1,0,0,0
4368,STU03747,19,96,0,1,0,0,0,29,4,1,98,73,1,1,1,1,0,1,0
4369,STU03748,19,96,1,0,2,1,0,21,20,1,72,54,0,0,3,3,0,1,0
4370,STU03749,19,96,1,0,2,1,0,20,12,1,62,65,1,1,2,2,0,0,0
4371,STU03750,19,96,1,0,2,1,0,24,1,0,66,72,0,2,1,1,0,0,0
4372,STU03751,19,96,1,0,2,1,0,29,4,1,98,73,1,1,1,1,0,1,0
4373,STU03752,19,96,1,1,2,1,0,21,20,1,72,54,0,0,3,3,0,1,0
4374,STU03753,19,96,1,1,2,1,0,20,12,1,62,65,1,1,2,2,0,0,0
4375,STU03754,19,96,1,1,2,1,0,24,1,0,66,72,0,2,1,1,0,0,0
4376,STU03755,19,96,1,1,2,1,0,29,4,1,98,73,1,1,1,1,0,1,0
4377,STU03756,19,76,2,1,0,1,1,27,20,1,83,54,1,2,3,3,0,0,0
4378,STU03757,19,76,2,1,0,1,1,21,11,0,72,90,1,1,0,0,0,1,0
4379,STU03758,19,76,0,0,1,1,1,27,20,1,83,54,1,2,3,3,0,0,0
4380,STU03759,19,76,0,0,1,1,1,21,11,0,72,90,1,1,0,0,0,1,0
4381,STU03760,19,76,1,1,1,1,1,27,20,1,83,54,1,2,3,3,0,0,0
4382,STU03761,19,76,1,1,1,1,1,21,11,0,72,90,1,1,0,0,0,1,0
4383,STU03762,19,76,0,1,1,1,1,27,20,1,83,54,1,2,3,3,0,0,0
4384,STU03763,19,76,0,1,1,1,1,21,11,0,72,90,1,1,0,0,0,1,0
4385,STU03764,27,95,1,0,2,1,0,19,1,1,63,91,1,0,0,0,0,1,0
4386,STU03765,27,95,2,0,2,1,0,19,1,1,63,91,1,0,0,0,0,1,0
4387,STU03766,27,95,1,1,2,1,0,19,1,1,63,91,1,0,0,0,0,1,0
4388,STU03767,27,95,2,1,2,1,0,19,1,1,63,91,1,0,0,0,0,1,0
4389,STU03768,22,97,2,1,1,1,1,29,11,1,73,89,1,1,0,0,1,0,0
4390,STU03769,22,97,2,1,1,1,1,20,13,1,79,77,0,2,1,1,0,0,0
4391,STU03770,22,97,2,1,1,1,1,26,16,1,66,65,1,2,2,2,0,1,0
4392,STU03771,22,97,1,1,2,1,1,29,11,1,73,89,1,1,0,0,1,0,0
4393,STU03772,22,97,1,1,2,1,1,20,13,1,79,77,0,2,1,1,0,0,0
4394,STU03773,22,97,1,1,2,1,1,26,16,1,66,65,1,2,2,2,0,1,0
4395,STU03774,22,97,1,0,2,1,1,29,11,1,73,89,1,1,0,0,1,0,0
4396,STU03775,22,97,1,0,2,1,1,20,13,1,79,77,0,2,1,1,0,0,0
4397,STU03776,22,97,1,0,2,1,1,26,16,1,66,65,1,2,2,2,0,1,0
4401,STU03777,22,97,1,0,1,1,1,29,11,1,73,89,1,1,0,0,1,0,0
4402,STU03778,22,97,1,0,1,1,1,20,13,1,79,77,0,2,1,1,0,0,0
4403,STU03779,22,97,1,0,1,1,1,26,16,1,66,65,1,2,2,2,0,1,0
4404,STU03780,22,97,1,1,1,0,1,29,11,1,73,89,1,1,0,0,1,0,0
4405,STU03781,22,97,1,1,1,0,1,20,13,1,79,77,0,2,1,1,0,0,0
4406,STU03782,22,97,1,1,1,0,1,26,16,1,66,65,1,2,2,2,0,1,0
4407,STU03783,22,97,1,1,1,1,1,29,11,1,73,89,1,1,0,0,1,0,0
4408,STU03784,22,97,1,1,1,1,1,20,13,1,79,77,0,2,1,1,0,0,0
4409,STU03785,22,97,1,1,1,1,1,26,16,1,66,65,1,2,2,2,0,1,0
4410,STU03786,22,72,1,1,1,1,1,27,20,0,50,87,0,1,0,0,0,0,0
4411,STU03787,22,72,1,0,0,1,1,27,20,0,50,87,0,1,0,0,0,0,0
4412,STU03788,22,72,0,1,2,1,1,27,20,0,50,87,0,1,0,0,0,0,0
4414,STU03789,22,72,2,0,0,0,1,27,20,0,50,87,0,1,0,0,0,0,0
4416,STU03790,18,95,1,1,0,1,1,28,14,1,55,57,1,0,2,2,0,1,0
4417,STU03791,18,95,1,1,0,1,1,29,19,1,53,99,0,2,0,0,0,1,0
4418,STU03792,18,95,1,1,0,1,1,18,12,0,85,51,0,2,3,3,1,0,0
4419,STU03793,18,95,1,1,2,1,1,28,14,1,55,57,1,0,2,2,0,1,0
4420,STU03794,18,95,1,1,2,1,1,29,19,1,53,99,0,2,0,0,0,1,0
4421,STU03795,18,95,1,1,2,1,1,18,12,0,85,51,0,2,3,3,1,0,0
4422,STU03796,18,95,2,0,1,1,1,28,14,1,55,57,1,0,2,2,0,1,0
4423,STU03797,18,95,2,0,1,1,1,29,19,1,53,99,0,2,0,0,0,1,0
4424,STU03798,18,95,2,0,1,1,1,18,12,0,85,51,0,2,3,3,1,0,0
4428,STU03799,18,95,2,1,2,1,1,28,14,1,55,57,1,0,2,2,0,1,0
4429,STU03800,18,95,2,1,2,1,1,29,19,1,53,99,0,2,0,0,0,1,0
4430,STU03801,18,95,2,1,2,1,1,18,12,0,85,51,0,2,3,3,1,0,0
4431,STU03802,17,91,1,0,2,1,1,23,19,0,94,81,1,2,1,1,0,0,1
4432,STU03803,17,91,1,0,2,1,1,28,9,0,54,75,1,2,1,1,0,1,0
4433,STU03804,17,91,1,1,1,1,1,23,19,0,94,81,1,2,1,1,0,0,1
4434,STU03805,17,91,1,1,1,1,1,28,9,0,54,75,1,2,1,1,0,1,0
4435,STU03806,17,91,0,1,0,1,1,23,19,0,94,81,1,2,1,1,0,0,1
4436,STU03807,17,91,0,1,0,1,1,28,9,0,54,75,1,2,1,1,0,1,0
4437,STU03808,17,91,0,1,1,1,1,23,19,0,94,81,1,2,1,1,0,0,1
4438,STU03809,17,91,0,1,1,1,1,28,9,0,54,75,1,2,1,1,0,1,0
4439,STU03810,22,71,2,1,2,1,0,22,1,1,59,61,1,2,2,2,1,0,0
4440,STU03811,22,71,2,1,2,1,0,22,8,1,73,97,1,2,0,0,1,0,0
4441,STU03812,22,71,2,1,2,1,0,28,2,0,51,57,1,2,2,2,1,0,0
4442,STU03813,22,71,1,0,1,0,0,22,1,1,59,61,1,2,2,2,1,0,0
4443,STU03814,22,71,1,0,1,0,0,22,8,1,73,97,1,2,0,0,1,0,0
4444,STU03815,22,71,1,0,1,0,0,28,2,0,51,57,1,2,2,2,1,0,0
4445,STU03816,22,71,1,1,0,1,0,22,1,1,59,61,1,2,2,2,1,0,0
4446,STU03817,22,71,1,1,0,1,0,22,8,1,73,97,1,2,0,0,1,0,0
4447,STU03818,22,71,1,1,0,1,0,28,2,0,51,57,1,2,2,2,1,0,0
4448,STU03819,22,71,0,1,0,1,0,22,1,1,59,61,1,2,2,2,1,0,0
4449,STU03820,22,71,0,1,0,1,0,22,8,1,73,97,1,2,0,0,1,0,0
4450,STU03821,22,71,0,1,0,1,0,28,2,0,51,57,1,2,2,2,1,0,0
4451,STU03822,25,60,2,0,1,1,0,22,6,1,55,90,1,0,0,0,0,0,0
4452,STU03823,25,60,2,1,1,1,0,22,6,1,55,90,1,0,0,0,0,0,0
4453,STU03824,27,74,1,0,2,0,1,23,16,0,58,98,1,1,0,0,0,1,0
4454,STU03825,27,74,1,0,2,0,1,28,20,0,84,61,1,0,2,2,0,1,0
4455,STU03826,27,74,1,0,2,0,1,21,10,1,54,44,1,0,3,3,0,0,0
4456,STU03827,27,74,0,1,2,0,1,23,16,0,58,98,1,1,0,0,0,1,0
4457,STU03828,27,74,0,1,2,0,1,28,20,0,84,61,1,0,2,2,0,1,0
4458,STU03829,27,74,0,1,2,0,1,21,10,1,54,44,1,0,3,3,0,0,0
4459,STU03830,27,74,1,1,1,1,1,23,16,0,58,98,1,1,0,0,0,1,0
4460,STU03831,27,74,1,1,1,1,1,28,20,0,84,61,1,0,2,2,0,1,0
4461,STU03832,27,74,1,1,1,1,1,21,10,1,54,44,1,0,3,3,0,0,0
4462,STU03833,27,74,2,0,2,1,1,23,16,0,58,98,1,1,0,0,0,1,0
4463,STU03834,27,74,2,0,2,1,1,28,20,0,84,61,1,0,2,2,0,1,0
4464,STU03835,27,74,2,0,2,1,1,21,10,1,54,44,1,0,3,3,0,0,0
4465,STU03836,18,73,0,1,1,1,0,28,6,1,63,78,1,0,1,1,0,0,0
4466,STU03837,18,73,0,1,1,1,0,29,4,1,92,78,1,0,1,1,1,0,0
4467,STU03838,18,73,0,1,1,1,0,24,19,1,77,91,1,0,0,0,0,0,1
4468,STU03839,18,73,2,1,2,1,0,28,6,1,63,78,1,0,1,1,0,0,0
4469,STU03840,18,73,2,1,2,1,0,29,4,1,92,78,1,0,1,1,1,0,0
4470,STU03841,18,73,2,1,2,1,0,24,19,1,77,91,1,0,0,0,0,0,1
4471,STU03842,18,73,1,0,1,1,0,28,6,1,63,78,1,0,1,1,0,0,0
4472,STU03843,18,73,1,0,1,1,0,29,4,1,92,78,1,0,1,1,1,0,0
4473,STU03844,18,73,1,0,1,1,0,24,19,1,77,91,1,0,0,0,0,0,1
4474,STU03845,18,73,1,1,1,1,0,28,6,1,63,78,1,0,1,1,0,0,0
4475,STU03846,18,73,1,1,1,1,0,29,4,1,92,78,1,0,1,1,1,0,0
4476,STU03847,18,73,1,1,1,1,0,24,19,1,77,91,1,0,0,0,0,0,1
4477,STU03848,8,86,2,0,2,1,1,23,19,1,68,69,1,2,2,2,0,0,0
4478,STU03849,8,86,2,0,2,1,1,28,15,1,90,90,0,2,0,0,1,0,0
4479,STU03850,8,86,2,0,2,1,1,25,9,1,85,91,1,1,0,0,0,0,0
4480,STU03851,8,86,0,1,0,1,1,23,19,1,68,69,1,2,2,2,0,0,0
4481,STU03852,8,86,0,1,0,1,1,28,15,1,90,90,0,2,0,0,1,0,0
4482,STU03853,8,86,0,1,0,1,1,25,9,1,85,91,1,1,0,0,0,0,0
4483,STU03854,14,94,1,0,1,1,1,19,18,0,95,65,1,0,2,2,0,1,0
4485,STU03855,14,94,1,0,2,1,1,19,18,0,95,65,1,0,2,2,0,1,0
4486,STU03856,14,94,1,1,2,1,1,19,18,0,95,65,1,0,2,2,0,1,0
4487,STU03857,14,94,1,1,1,0,1,19,18,0,95,65,1,0,2,2,0,1,0
4488,STU03858,9,84,0,0,2,1,1,28,18,1,95,95,0,1,0,0,0,0,1
4489,STU03859,9,84,0,0,2,1,1,25,9,1,66,82,1,0,1,1,0,1,0
4490,STU03860,9,84,2,1,2,1,1,28,18,1,95,95,0,1,0,0,0,0,1
4491,STU03861,9,84,2,1,2,1,1,25,9,1,66,82,1,0,1,1,0,1,0
4492,STU03862,9,84,1,0,1,1,1,28,18,1,95,95,0,1,0,0,0,0,1
4493,STU03863,9,84,1,0,1,1,1,25,9,1,66,82,1,0,1,1,0,1,0
4494,STU03864,25,82,2,1,1,1,1,24,18,1,95,48,1,2,3,3,0,1,0
4495,STU03865,25,82,2,1,1,1,1,25,7,0,61,94,1,1,0,0,0,0,1
4496,STU03866,25,82,2,1,1,1,1,27,11,1,92,44,0,2,3,3,0,0,0
4497,STU03867,25,82,2,1,1,1,1,18,12,1,69,55,1,2,2,2,0,0,0
4498,STU03868,25,82,0,0,1,1,1,24,18,1,95,48,1,2,3,3,0,1,0
4499,STU03869,25,82,0,0,1,1,1,25,7,0,61,94,1,1,0,0,0,0,1
4500,STU03870,25,82,0,0,1,1,1,27,11,1,92,44,0,2,3,3,0,0,0
4501,STU03871,25,82,0,0,1,1,1,18,12,1,69,55,1,2,2,2,0,0,0
4502,STU03872,25,82,1,1,1,0,1,24,18,1,95,48,1,2,3,3,0,1,0
4503,STU03873,25,82,1,1,1,0,1,25,7,0,61,94,1,1,0,0,0,0,1
4504,STU03874,25,82,1,1,1,0,1,27,11,1,92,44,0,2,3,3,0,0,0
4505,STU03875,25,82,1,1,1,0,1,18,12,1,69,55,1,2,2,2,0,0,0
4506,STU03876,25,82,1,1,0,1,1,24,18,1,95,48,1,2,3,3,0,1,0
4507,STU03877,25,82,1,1,0,1,1,25,7,0,61,94,1,1,0,0,0,0,1
4508,STU03878,25,82,1,1,0,1,1,27,11,1,92,44,0,2,3,3,0,0,0
4509,STU03879,25,82,1,1,0,1,1,18,12,1,69,55,1,2,2,2,0,0,0
4510,STU03880,25,82,1,1,1,1,1,24,18,1,95,48,1,2,3,3,0,1,0
4511,STU03881,25,82,1,1,1,1,1,25,7,0,61,94,1,1,0,0,0,0,1
4512,STU03882,25,82,1,1,1,1,1,27,11,1,92,44,0,2,3,3,0,0,0
4513,STU03883,25,82,1,1,1,1,1,18,12,1,69,55,1,2,2,2,0,0,0
4514,STU03884,25,82,2,0,0,1,1,24,18,1,95,48,1,2,3,3,0,1,0
4515,STU03885,25,82,2,0,0,1,1,25,7,0,61,94,1,1,0,0,0,0,1
4516,STU03886,25,82,2,0,0,1,1,27,11,1,92,44,0,2,3,3,0,0,0
4517,STU03887,25,82,2,0,0,1,1,18,12,1,69,55,1,2,2,2,0,0,0
4518,STU03888,25,82,2,0,1,1,1,24,18,1,95,48,1,2,3,3,0,1,0
4519,STU03889,25,82,2,0,1,1,1,25,7,0,61,94,1,1,0,0,0,0,1
4520,STU03890,25,82,2,0,1,1,1,27,11,1,92,44,0,2,3,3,0,0,0
4521,STU03891,25,82,2,0,1,1,1,18,12,1,69,55,1,2,2,2,0,0,0
4522,STU03892,7,86,0,0,1,1,0,26,8,1,76,40,0,1,3,3,1,0,0
4523,STU03893,25,89,1,1,2,1,1,24,8,1,95,82,1,2,1,1,1,0,0
4524,STU03894,25,89,0,1,2,1,1,24,8,1,95,82,1,2,1,1,1,0,0
4525,STU03895,25,89,2,0,1,1,1,24,8,1,95,82,1,2,1,1,1,0,0
4526,STU03896,18,84,2,0,1,1,0,20,19,1,79,98,0,0,0,0,0,0,1
4527,STU03897,18,84,2,0,1,1,0,23,10,1,60,82,1,2,1,1,0,0,0
4528,STU03898,18,84,2,0,1,1,0,23,10,1,71,46,1,2,3,3,0,1,0
4529,STU03899,18,84,2,0,1,1,0,23,18,0,98,47,0,2,3,3,0,0,1
4530,STU03900,18,84,1,1,1,1,0,20,19,1,79,98,0,0,0,0,0,0,1
4531,STU03901,18,84,1,1,1,1,0,23,10,1,60,82,1,2,1,1,0,0,0
4532,STU03902,18,84,1,1,1,1,0,23,10,1,71,46,1,2,3,3,0,1,0
4533,STU03903,18,84,1,1,1,1,0,23,18,0,98,47,0,2,3,3,0,0,1
4534,STU03904,18,84,2,1,0,1,0,20,19,1,79,98,0,0,0,0,0,0,1
4535,STU03905,18,84,2,1,0,1,0,23,10,1,60,82,1,2,1,1,0,0,0
4536,STU03906,18,84,2,1,0,1,0,23,10,1,71,46,1,2,3,3,0,1,0
4537,STU03907,18,84,2,1,0,1,0,23,18,0,98,47,0,2,3,3,0,0,1
4538,STU03908,18,84,0,0,1,1,0,20,19,1,79,98,0,0,0,0,0,0,1
4539,STU03909,18,84,0,0,1,1,0,23,10,1,60,82,1,2,1,1,0,0,0
4540,STU03910,18,84,0,0,1,1,0,23,10,1,71,46,1,2,3,3,0,1,0
4541,STU03911,18,84,0,0,1,1,0,23,18,0,98,47,0,2,3,3,0,0,1
4542,STU03912,18,84,0,1,0,1,0,20,19,1,79,98,0,0,0,0,0,0,1
4543,STU03913,18,84,0,1,0,1,0,23,10,1,60,82,1,2,1,1,0,0,0
4544,STU03914,18,84,0,1,0,1,0,23,10,1,71,46,1,2,3,3,0,1,0
4545,STU03915,18,84,0,1,0,1,0,23,18,0,98,47,0,2,3,3,0,0,1
4546,STU03916,24,71,0,0,1,1,0,25,5,1,85,81,1,1,1,1,0,0,1
4547,STU03917,24,71,2,1,1,1,0,25,5,1,85,81,1,1,1,1,0,0,1
4549,STU03918,24,71,2,1,0,1,0,25,5,1,85,81,1,1,1,1,0,0,1
4550,STU03919,24,71,1,0,1,0,0,25,5,1,85,81,1,1,1,1,0,0,1
4551,STU03920,34,63,2,1,0,1,0,28,18,1,78,67,1,2,2,2,0,0,0
4552,STU03921,34,63,2,1,0,1,0,23,20,1,65,95,1,2,0,0,0,0,0
4553,STU03922,17,73,1,0,2,1,1,25,13,1,88,54,1,2,3,3,0,0,1
4554,STU03923,17,73,1,0,2,1,1,28,14,0,94,51,1,2,3,3,1,0,0
4555,STU03924,17,73,1,1,1,1,1,25,13,1,88,54,1,2,3,3,0,0,1
4556,STU03925,17,73,1,1,1,1,1,28,14,0,94,51,1,2,3,3,1,0,0
4557,STU03926,17,73,2,1,1,1,1,25,13,1,88,54,1,2,3,3,0,0,1
4558,STU03927,17,73,2,1,1,1,1,28,14,0,94,51,1,2,3,3,1,0,0
4559,STU03928,17,73,1,1,2,1,1,25,13,1,88,54,1,2,3,3,0,0,1
4560,STU03929,17,73,1,1,2,1,1,28,14,0,94,51,1,2,3,3,1,0,0
4561,STU03930,17,73,2,1,0,1,1,25,13,1,88,54,1,2,3,3,0,0,1
4562,STU03931,17,73,2,1,0,1,1,28,14,0,94,51,1,2,3,3,1,0,0
4563,STU03932,17,73,0,0,1,1,1,25,13,1,88,54,1,2,3,3,0,0,1
4564,STU03933,17,73,0,0,1,1,1,28,14,0,94,51,1,2,3,3,1,0,0
4565,STU03934,15,89,1,1,0,1,1,29,4,0,54,64,1,2,2,2,0,1,0
4566,STU03935,15,89,0,0,0,1,1,29,4,0,54,64,1,2,2,2,0,1,0
4567,STU03936,15,89,2,1,0,1,1,29,4,0,54,64,1,2,2,2,0,1,0
4568,STU03937,15,89,0,1,0,1,1,29,4,0,54,64,1,2,2,2,0,1,0
4569,STU03938,15,89,0,0,2,1,1,29,4,0,54,64,1,2,2,2,0,1,0
4570,STU03939,15,89,1,1,2,1,1,29,4,0,54,64,1,2,2,2,0,1,0
4572,STU03940,15,89,1,0,0,1,1,29,4,0,54,64,1,2,2,2,0,1,0
4573,STU03941,15,89,0,0,1,1,1,29,4,0,54,64,1,2,2,2,0,1,0
4574,STU03942,25,86,1,1,0,1,1,25,13,1,60,71,1,2,1,1,0,0,0
4575,STU03943,25,86,1,1,0,1,1,18,9,1,51,51,1,2,3,3,0,0,1
4578,STU03944,25,86,1,0,1,1,1,25,13,1,60,71,1,2,1,1,0,0,0
4579,STU03945,25,86,1,0,1,1,1,18,9,1,51,51,1,2,3,3,0,0,1
4580,STU03946,23,85,0,1,0,1,1,27,8,1,67,81,0,2,1,1,0,1,0
4581,STU03947,23,85,0,1,0,1,1,24,20,1,90,74,1,1,1,1,0,0,0
4582,STU03948,23,85,0,1,0,1,1,21,10,1,85,97,1,1,0,0,0,0,0
4583,STU03949,23,85,0,1,0,1,1,21,18,0,88,55,1,2,2,2,0,0,1
4584,STU03950,23,85,2,0,0,0,1,27,8,1,67,81,0,2,1,1,0,1,0
4585,STU03951,23,85,2,0,0,0,1,24,20,1,90,74,1,1,1,1,0,0,0
4586,STU03952,23,85,2,0,0,0,1,21,10,1,85,97,1,1,0,0,0,0,0
4587,STU03953,23,85,2,0,0,0,1,21,18,0,88,55,1,2,2,2,0,0,1
4588,STU03954,23,85,1,1,0,1,1,27,8,1,67,81,0,2,1,1,0,1,0
4589,STU03955,23,85,1,1,0,1,1,24,20,1,90,74,1,1,1,1,0,0,0
4590,STU03956,23,85,1,1,0,1,1,21,10,1,85,97,1,1,0,0,0,0,0
4591,STU03957,23,85,1,1,0,1,1,21,18,0,88,55,1,2,2,2,0,0,1
4592,STU03958,23,85,2,0,1,1,1,27,8,1,67,81,0,2,1,1,0,1,0
4593,STU03959,23,85,2,0,1,1,1,24,20,1,90,74,1,1,1,1,0,0,0
4594,STU03960,23,85,2,0,1,1,1,21,10,1,85,97,1,1,0,0,0,0,0
4595,STU03961,23,85,2,0,1,1,1,21,18,0,88,55,1,2,2,2,0,0,1
4596,STU03962,26,60,1,1,2,1,0,28,19,0,50,96,1,2,0,0,0,1,0
4597,STU03963,26,60,1,1,2,1,0,22,1,0,94,84,1,2,1,1,0,1,0
4598,STU03964,26,60,1,1,2,1,0,26,4,1,92,62,1,1,2,2,0,1,0
4599,STU03965,17,88,1,1,1,1,0,29,9,1,57,73,1,1,1,1,1,0,0
4600,STU03966,17,88,1,1,1,1,0,21,19,0,65,74,1,2,1,1,0,0,1
4601,STU03967,17,88,1,1,1,1,0,24,4,0,55,44,1,1,3,3,0,0,1
4602,STU03968,17,88,1,0,1,1,0,29,9,1,57,73,1,1,1,1,1,0,0
4603,STU03969,17,88,1,0,1,1,0,21,19,0,65,74,1,2,1,1,0,0,1
4604,STU03970,17,88,1,0,1,1,0,24,4,0,55,44,1,1,3,3,0,0,1
4605,STU03971,17,88,2,1,1,1,0,29,9,1,57,73,1,1,1,1,1,0,0
4606,STU03972,17,88,2,1,1,1,0,21,19,0,65,74,1,2,1,1,0,0,1
4607,STU03973,17,88,2,1,1,1,0,24,4,0,55,44,1,1,3,3,0,0,1
4608,STU03974,14,98,2,1,1,0,1,29,6,0,78,43,0,2,3,3,0,0,0
4609,STU03975,14,98,2,1,1,0,1,18,2,0,83,91,1,2,0,0,0,0,1
4610,STU03976,14,98,2,1,1,0,1,24,4,0,96,69,0,2,2,2,0,0,0
4611,STU03977,14,98,2,0,1,1,1,29,6,0,78,43,0,2,3,3,0,0,0
4612,STU03978,14,98,2,0,1,1,1,18,2,0,83,91,1,2,0,0,0,0,1
4613,STU03979,14,98,2,0,1,1,1,24,4,0,96,69,0,2,2,2,0,0,0
4614,STU03980,14,98,2,1,1,1,1,29,6,0,78,43,0,2,3,3,0,0,0
4615,STU03981,14,98,2,1,1,1,1,18,2,0,83,91,1,2,0,0,0,0,1
4616,STU03982,14,98,2,1,1,1,1,24,4,0,96,69,0,2,2,2,0,0,0
4617,STU03983,14,98,1,1,2,1,1,29,6,0,78,43,0,2,3,3,0,0,0
4618,STU03984,14,98,1,1,2,1,1,18,2,0,83,91,1,2,0,0,0,0,1
4619,STU03985,14,98,1,1,2,1,1,24,4,0,96,69,0,2,2,2,0,0,0
4620,STU03986,14,98,1,1,0,1,1,29,6,0,78,43,0,2,3,3,0,0,0
4621,STU03987,14,98,1,1,0,1,1,18,2,0,83,91,1,2,0,0,0,0,1
4622,STU03988,14,98,1,1,0,1,1,24,4,0,96,69,0,2,2,2,0,0,0
4623,STU03989,14,98,1,0,1,0,1,29,6,0,78,43,0,2,3,3,0,0,0
4624,STU03990,14,98,1,0,1,0,1,18,2,0,83,91,1,2,0,0,0,0,1
4625,STU03991,14,98,1,0,1,0,1,24,4,0,96,69,0,2,2,2,0,0,0
4629,STU03992,14,98,2,1,2,1,1,29,6,0,78,43,0,2,3,3,0,0,0
4630,STU03993,14,98,2,1,2,1,1,18,2,0,83,91,1,2,0,0,0,0,1
4631,STU03994,14,98,2,1,2,1,1,24,4,0,96,69,0,2,2,2,0,0,0
4632,STU03995,17,93,0,0,1,1,1,26,15,1,79,45,1,0,3,3,0,0,0
4633,STU03996,17,93,0,0,1,1,1,19,13,1,74,83,1,2,1,1,0,0,1
4634,STU03997,17,93,1,1,2,1,1,26,15,1,79,45,1,0,3,3,0,0,0
4635,STU03998,17,93,1,1,2,1,1,19,13,1,74,83,1,2,1,1,0,0,1
4636,STU03999,17,93,1,1,0,1,1,26,15,1,79,45,1,0,3,3,0,0,0
4637,STU04000,17,93,1,1,0,1,1,19,13,1,74,83,1,2,1,1,0,0,1
4638,STU04001,17,93,1,0,0,1,1,26,15,1,79,45,1,0,3,3,0,0,0
4639,STU04002,17,93,1,0,0,1,1,19,13,1,74,83,1,2,1,1,0,0,1
4642,STU04003,17,93,0,1,0,1,1,26,15,1,79,45,1,0,3,3,0,0,0
4643,STU04004,17,93,0,1,0,1,1,19,13,1,74,83,1,2,1,1,0,0,1
4644,STU04005,14,68,1,1,1,1,0,28,8,1,51,81,0,2,1,1,0,1,0
4645,STU04006,14,68,1,1,1,1,0,24,5,0,81,98,0,2,0,0,1,0,0
4646,STU04007,14,68,1,1,1,1,0,23,9,0,62,84,1,0,1,1,1,0,0
4647,STU04008,14,68,1,1,2,1,0,28,8,1,51,81,0,2,1,1,0,1,0
4648,STU04009,14,68,1,1,2,1,0,24,5,0,81,98,0,2,0,0,1,0,0
4649,STU04010,14,68,1,1,2,1,0,23,9,0,62,84,1,0,1,1,1,0,0
4650,STU04011,14,68,2,1,0,1,0,28,8,1,51,81,0,2,1,1,0,1,0
4651,STU04012,14,68,2,1,0,1,0,24,5,0,81,98,0,2,0,0,1,0,0
4652,STU04013,14,68,2,1,0,1,0,23,9,0,62,84,1,0,1,1,1,0,0
4656,STU04014,25,74,2,1,1,1,1,19,17,0,71,70,0,2,1,1,0,1,0
4657,STU04015,25,74,2,1,1,1,1,26,1,1,65,44,1,2,3,3,0,0,0
4658,STU04016,25,74,2,1,1,1,1,20,9,1,53,76,1,2,1,1,1,0,0
4659,STU04017,25,74,2,1,1,1,1,21,17,1,75,49,1,1,3,3,0,0,1
4660,STU04018,25,74,2,1,1,1,1,24,9,1,51,43,1,2,3,3,0,0,1
4661,STU04019,25,74,2,1,1,1,1,23,5,1,57,72,1,2,1,1,1,0,0
4662,STU04020,25,74,1,1,0,1,1,19,17,0,71,70,0,2,1,1,0,1,0
4663,STU04021,25,74,1,1,0,1,1,26,1,1,65,44,1,2,3,3,0,0,0
4664,STU04022,25,74,1,1,0,1,1,20,9,1,53,76,1,2,1,1,1,0,0
4665,STU04023,25,74,1,1,0,1,1,21,17,1,75,49,1,1,3,3,0,0,1
4666,STU04024,25,74,1,1,0,1,1,24,9,1,51,43,1,2,3,3,0,0,1
4667,STU04025,25,74,1,1,0,1,1,23,5,1,57,72,1,2,1,1,1,0,0
4668,STU04026,25,74,1,1,2,1,1,19,17,0,71,70,0,2,1,1,0,1,0
4669,STU04027,25,74,1,1,2,1,1,26,1,1,65,44,1,2,3,3,0,0,0
4670,STU04028,25,74,1,1,2,1,1,20,9,1,53,76,1,2,1,1,1,0,0
4671,STU04029,25,74,1,1,2,1,1,21,17,1,75,49,1,1,3,3,0,0,1
4672,STU04030,25,74,1,1,2,1,1,24,9,1,51,43,1,2,3,3,0,0,1
4673,STU04031,25,74,1,1,2,1,1,23,5,1,57,72,1,2,1,1,1,0,0
4674,STU04032,25,74,2,0,2,1,1,19,17,0,71,70,0,2,1,1,0,1,0
4675,STU04033,25,74,2,0,2,1,1,26,1,1,65,44,1,2,3,3,0,0,0
4676,STU04034,25,74,2,0,2,1,1,20,9,1,53,76,1,2,1,1,1,0,0
4677,STU04035,25,74,2,0,2,1,1,21,17,1,75,49,1,1,3,3,0,0,1
4678,STU04036,25,74,2,0,2,1,1,24,9,1,51,43,1,2,3,3,0,0,1
4679,STU04037,25,74,2,0,2,1,1,23,5,1,57,72,1,2,1,1,1,0,0
4680,STU04038,28,79,1,1,1,1,1,21,2,1,82,73,1,1,1,1,1,0,0
4681,STU04039,28,79,1,1,1,1,1,28,11,0,67,42,1,1,3,3,0,1,0
4682,STU04040,28,79,1,1,1,1,1,18,13,1,94,52,1,2,3,3,0,0,0
4683,STU04041,28,79,1,1,1,1,1,18,12,0,83,69,1,1,2,2,1,0,0
4684,STU04042,28,79,2,1,0,1,1,21,2,1,82,73,1,1,1,1,1,0,0
4685,STU04043,28,79,2,1,0,1,1,28,11,0,67,42,1,1,3,3,0,1,0
4686,STU04044,28,79,2,1,0,1,1,18,13,1,94,52,1,2,3,3,0,0,0
4687,STU04045,28,79,2,1,0,1,1,18,12,0,83,69,1,1,2,2,1,0,0
4688,STU04046,31,81,1,0,0,1,0,22,12,1,64,52,0,2,3,3,0,0,1
4689,STU04047,31,81,1,0,0,1,0,19,16,1,58,96,1,0,0,0,0,0,1
4690,STU04048,31,81,1,0,0,1,0,22,19,1,89,90,1,1,0,0,0,1,0
4691,STU04049,31,81,1,0,0,1,0,20,18,0,63,69,1,2,2,2,1,0,0
4692,STU04050,13,99,1,1,1,1,1,19,4,0,99,47,1,0,3,3,0,0,1
4693,STU04051,13,99,1,1,1,1,1,26,1,1,71,85,0,1,0,0,1,0,0
4694,STU04052,13,99,1,1,1,1,1,29,7,1,52,77,1,1,1,1,0,0,0
4695,STU04053,13,99,1,1,1,1,1,20,6,0,83,58,0,1,2,2,0,1,0
4696,STU04054,13,99,1,1,1,1,1,20,15,0,76,96,1,0,0,0,1,0,0
4697,STU04055,13,99,1,1,1,1,1,20,10,1,92,58,1,2,2,2,1,0,0
4698,STU04056,13,99,1,1,1,1,1,20,6,1,73,71,1,1,1,1,1,0,0
4699,STU04057,13,99,2,0,1,1,1,19,4,0,99,47,1,0,3,3,0,0,1
4700,STU04058,13,99,2,0,1,1,1,26,1,1,71,85,0,1,0,0,1,0,0
4701,STU04059,13,99,2,0,1,1,1,29,7,1,52,77,1,1,1,1,0,0,0
4702,STU04060,13,99,2,0,1,1,1,20,6,0,83,58,0,1,2,2,0,1,0
4703,STU04061,13,99,2,0,1,1,1,20,15,0,76,96,1,0,0,0,1,0,0
4704,STU04062,13,99,2,0,1,1,1,20,10,1,92,58,1,2,2,2,1,0,0
4705,STU04063,13,99,2,0,1,1,1,20,6,1,73,71,1,1,1,1,1,0,0
4713,STU04064,13,99,2,1,1,0,1,19,4,0,99,47,1,0,3,3,0,0,1
4714,STU04065,13,99,2,1,1,0,1,26,1,1,71,85,0,1,0,0,1,0,0
4715,STU04066,13,99,2,1,1,0,1,29,7,1,52,77,1,1,1,1,0,0,0
4716,STU04067,13,99,2,1,1,0,1,20,6,0,83,58,0,1,2,2,0,1,0
4717,STU04068,13,99,2,1,1,0,1,20,15,0,76,96,1,0,0,0,1,0,0
4718,STU04069,13,99,2,1,1,0,1,20,10,1,92,58,1,2,2,2,1,0,0
4719,STU04070,13,99,2,1,1,0,1,20,6,1,73,71,1,1,1,1,1,0,0
4720,STU04071,13,99,1,0,2,1,1,19,4,0,99,47,1,0,3,3,0,0,1
4721,STU04072,13,99,1,0,2,1,1,26,1,1,71,85,0,1,0,0,1,0,0
4722,STU04073,13,99,1,0,2,1,1,29,7,1,52,77,1,1,1,1,0,0,0
4723,STU04074,13,99,1,0,2,1,1,20,6,0,83,58,0,1,2,2,0,1,0
4724,STU04075,13,99,1,0,2,1,1,20,15,0,76,96,1,0,0,0,1,0,0
4725,STU04076,13,99,1,0,2,1,1,20,10,1,92,58,1,2,2,2,1,0,0
4726,STU04077,13,99,1,0,2,1,1,20,6,1,73,71,1,1,1,1,1,0,0
4727,STU04078,29,97,1,0,1,1,0,20,9,1,65,77,1,1,1,1,0,0,0
4728,STU04079,29,97,1,0,1,1,0,23,2,0,62,66,0,2,2,2,0,0,0
4729,STU04080,29,97,1,0,1,1,0,18,20,1,86,75,1,2,1,1,0,0,1
4733,STU04081,29,97,1,1,1,1,0,20,9,1,65,77,1,1,1,1,0,0,0
4734,STU04082,29,97,1,1,1,1,0,23,2,0,62,66,0,2,2,2,0,0,0
4735,STU04083,29,97,1,1,1,1,0,18,20,1,86,75,1,2,1,1,0,0,1
4736,STU04084,29,97,2,1,1,1,0,20,9,1,65,77,1,1,1,1,0,0,0
4737,STU04085,29,97,2,1,1,1,0,23,2,0,62,66,0,2,2,2,0,0,0
4738,STU04086,29,97,2,1,1,1,0,18,20,1,86,75,1,2,1,1,0,0,1
4739,STU04087,24,97,0,0,0,1,0,22,20,1,95,83,1,0,1,1,0,0,1
4740,STU04088,24,97,0,0,0,1,0,20,15,0,70,79,1,1,1,1,1,0,0
4741,STU04089,24,97,0,0,0,1,0,20,15,0,52,42,0,2,3,3,0,1,0
4742,STU04090,24,97,0,0,0,1,0,28,0,0,56,48,1,2,3,3,1,0,0
4743,STU04091,24,97,0,0,0,1,0,29,14,1,68,90,1,1,0,0,0,1,0
4744,STU04092,24,97,0,0,0,1,0,24,18,0,98,85,1,0,0,0,1,0,0
4745,STU04093,24,97,0,0,0,1,0,25,1,0,62,67,1,1,2,2,0,0,0
4746,STU04094,24,97,1,0,2,1,0,22,20,1,95,83,1,0,1,1,0,0,1
4747,STU04095,24,97,1,0,2,1,0,20,15,0,70,79,1,1,1,1,1,0,0
4748,STU04096,24,97,1,0,2,1,0,20,15,0,52,42,0,2,3,3,0,1,0
4749,STU04097,24,97,1,0,2,1,0,28,0,0,56,48,1,2,3,3,1,0,0
4750,STU04098,24,97,1,0,2,1,0,29,14,1,68,90,1,1,0,0,0,1,0
4751,STU04099,24,97,1,0,2,1,0,24,18,0,98,85,1,0,0,0,1,0,0
4752,STU04100,24,97,1,0,2,1,0,25,1,0,62,67,1,1,2,2,0,0,0
4753,STU04101,24,97,1,1,1,1,0,22,20,1,95,83,1,0,1,1,0,0,1
4754,STU04102,24,97,1,1,1,1,0,20,15,0,70,79,1,1,1,1,1,0,0
4755,STU04103,24,97,1,1,1,1,0,20,15,0,52,42,0,2,3,3,0,1,0
4756,STU04104,24,97,1,1,1,1,0,28,0,0,56,48,1,2,3,3,1,0,0
4757,STU04105,24,97,1,1,1,1,0,29,14,1,68,90,1,1,0,0,0,1,0
4758,STU04106,24,97,1,1,1,1,0,24,18,0,98,85,1,0,0,0,1,0,0
4759,STU04107,24,97,1,1,1,1,0,25,1,0,62,67,1,1,2,2,0,0,0
4760,STU04108,20,81,0,1,0,1,0,19,14,1,64,63,1,2,2,2,0,0,1
4761,STU04109,20,81,0,1,0,1,0,28,11,0,80,88,1,1,0,0,0,0,1
4762,STU04110,20,81,1,1,0,0,0,19,14,1,64,63,1,2,2,2,0,0,1
4763,STU04111,20,81,1,1,0,0,0,28,11,0,80,88,1,1,0,0,0,0,1
4764,STU04112,20,81,0,0,1,1,0,19,14,1,64,63,1,2,2,2,0,0,1
4765,STU04113,20,81,0,0,1,1,0,28,11,0,80,88,1,1,0,0,0,0,1
4766,STU04114,20,81,1,0,0,1,0,19,14,1,64,63,1,2,2,2,0,0,1
4767,STU04115,20,81,1,0,0,1,0,28,11,0,80,88,1,1,0,0,0,0,1
4768,STU04116,22,89,2,1,1,1,1,20,14,0,58,51,1,1,3,3,0,0,0
4769,STU04117,22,89,2,1,1,1,1,27,0,0,73,58,0,2,2,2,0,0,1
4770,STU04118,22,89,2,1,1,1,1,18,8,0,51,68,1,0,2,2,0,1,0
4771,STU04119,22,89,2,1,1,1,1,23,15,1,72,88,1,2,0,0,1,0,0
4772,STU04120,22,89,1,0,1,1,1,20,14,0,58,51,1,1,3,3,0,0,0
4773,STU04121,22,89,1,0,1,1,1,27,0,0,73,58,0,2,2,2,0,0,1
4774,STU04122,22,89,1,0,1,1,1,18,8,0,51,68,1,0,2,2,0,1,0
4775,STU04123,22,89,1,0,1,1,1,23,15,1,72,88,1,2,0,0,1,0,0
4780,STU04124,22,89,1,1,1,1,1,20,14,0,58,51,1,1,3,3,0,0,0
4781,STU04125,22,89,1,1,1,1,1,27,0,0,73,58,0,2,2,2,0,0,1
4782,STU04126,22,89,1,1,1,1,1,18,8,0,51,68,1,0,2,2,0,1,0
4783,STU04127,22,89,1,1,1,1,1,23,15,1,72,88,1,2,0,0,1,0,0
4784,STU04128,22,89,2,0,2,1,1,20,14,0,58,51,1,1,3,3,0,0,0
4785,STU04129,22,89,2,0,2,1,1,27,0,0,73,58,0,2,2,2,0,0,1
4786,STU04130,22,89,2,0,2,1,1,18,8,0,51,68,1,0,2,2,0,1,0
4787,STU04131,22,89,2,0,2,1,1,23,15,1,72,88,1,2,0,0,1,0,0
4788,STU04132,22,89,2,0,1,1,1,20,14,0,58,51,1,1,3,3,0,0,0
4789,STU04133,22,89,2,0,1,1,1,27,0,0,73,58,0,2,2,2,0,0,1
4790,STU04134,22,89,2,0,1,1,1,18,8,0,51,68,1,0,2,2,0,1,0
4791,STU04135,22,89,2,0,1,1,1,23,15,1,72,88,1,2,0,0,1,0,0
4792,STU04136,13,77,1,1,1,1,1,26,2,1,98,99,1,2,0,0,0,0,0
4793,STU04137,13,77,1,1,1,1,1,26,16,0,66,82,0,2,1,1,0,0,0
4794,STU04138,13,77,1,0,1,1,1,26,2,1,98,99,1,2,0,0,0,0,0
4795,STU04139,13,77,1,0,1,1,1,26,16,0,66,82,0,2,1,1,0,0,0
4796,STU04140,13,77,2,1,0,1,1,26,2,1,98,99,1,2,0,0,0,0,0
4797,STU04141,13,77,2,1,0,1,1,26,16,0,66,82,0,2,1,1,0,0,0
4798,STU04142,13,77,1,1,0,0,1,26,2,1,98,99,1,2,0,0,0,0,0
4799,STU04143,13,77,1,1,0,0,1,26,16,0,66,82,0,2,1,1,0,0,0
4800,STU04144,13,77,2,0,1,1,1,26,2,1,98,99,1,2,0,0,0,0,0
4801,STU04145,13,77,2,0,1,1,1,26,16,0,66,82,0,2,1,1,0,0,0
4802,STU04146,13,77,2,1,1,1,1,26,2,1,98,99,1,2,0,0,0,0,0
4803,STU04147,13,77,2,1,1,1,1,26,16,0,66,82,0,2,1,1,0,0,0
4806,STU04148,13,77,1,1,0,1,1,26,2,1,98,99,1,2,0,0,0,0,0
4807,STU04149,13,77,1,1,0,1,1,26,16,0,66,82,0,2,1,1,0,0,0
4808,STU04150,35,85,2,1,2,1,0,18,1,0,60,76,1,2,1,1,0,0,1
4809,STU04151,35,85,2,1,2,1,0,20,8,0,59,77,0,0,1,1,0,1,0
4810,STU04152,35,85,2,1,2,1,0,28,4,0,66,61,1,2,2,2,0,0,0
4811,STU04153,35,85,2,1,2,1,0,18,4,1,73,54,0,2,3,3,0,0,0
4812,STU04154,35,85,2,1,2,1,0,21,2,1,96,97,1,2,0,0,1,0,0
4813,STU04155,35,85,2,1,2,1,0,26,5,1,73,65,1,1,2,2,1,0,0
4814,STU04156,35,85,2,1,2,1,0,18,19,1,82,73,1,1,1,1,0,0,0
4815,STU04157,21,74,0,1,0,1,1,23,1,1,89,59,1,2,2,2,0,0,1
4816,STU04158,21,74,0,1,0,1,1,20,11,1,69,90,1,1,0,0,0,0,1
4817,STU04159,21,74,0,1,0,1,1,19,12,1,91,68,1,2,2,2,0,1,0
4818,STU04160,21,74,1,0,1,1,1,23,1,1,89,59,1,2,2,2,0,0,1
4819,STU04161,21,74,1,0,1,1,1,20,11,1,69,90,1,1,0,0,0,0,1
4820,STU04162,21,74,1,0,1,1,1,19,12,1,91,68,1,2,2,2,0,1,0
4821,STU04163,21,74,2,0,0,1,1,23,1,1,89,59,1,2,2,2,0,0,1
4822,STU04164,21,74,2,0,0,1,1,20,11,1,69,90,1,1,0,0,0,0,1
4823,STU04165,21,74,2,0,0,1,1,19,12,1,91,68,1,2,2,2,0,1,0
4824,STU04166,21,74,2,1,0,0,1,23,1,1,89,59,1,2,2,2,0,0,1
4825,STU04167,21,74,2,1,0,0,1,20,11,1,69,90,1,1,0,0,0,0,1
4826,STU04168,21,74,2,1,0,0,1,19,12,1,91,68,1,2,2,2,0,1,0
4827,STU04169,21,74,1,1,1,1,1,23,1,1,89,59,1,2,2,2,0,0,1
4828,STU04170,21,74,1,1,1,1,1,20,11,1,69,90,1,1,0,0,0,0,1
4829,STU04171,21,74,1,1,1,1,1,19,12,1,91,68,1,2,2,2,0,1,0
4833,STU04172,21,74,1,0,2,1,1,23,1,1,89,59,1,2,2,2,0,0,1
4834,STU04173,21,74,1,0,2,1,1,20,11,1,69,90,1,1,0,0,0,0,1
4835,STU04174,21,74,1,0,2,1,1,19,12,1,91,68,1,2,2,2,0,1,0
4836,STU04175,21,74,0,1,1,1,1,23,1,1,89,59,1,2,2,2,0,0,1
4837,STU04176,21,74,0,1,1,1,1,20,11,1,69,90,1,1,0,0,0,0,1
4838,STU04177,21,74,0,1,1,1,1,19,12,1,91,68,1,2,2,2,0,1,0
4839,STU04178,21,74,2,1,1,1,1,23,1,1,89,59,1,2,2,2,0,0,1
4840,STU04179,21,74,2,1,1,1,1,20,11,1,69,90,1,1,0,0,0,0,1
4841,STU04180,21,74,2,1,1,1,1,19,12,1,91,68,1,2,2,2,0,1,0
4842,STU04181,21,74,2,1,2,0,1,23,1,1,89,59,1,2,2,2,0,0,1
4843,STU04182,21,74,2,1,2,0,1,20,11,1,69,90,1,1,0,0,0,0,1
4844,STU04183,21,74,2,1,2,0,1,19,12,1,91,68,1,2,2,2,0,1,0
4848,STU04184,24,83,2,0,0,1,0,26,7,0,98,80,1,0,1,1,0,1,0
4849,STU04185,24,83,1,1,2,1,0,26,7,0,98,80,1,0,1,1,0,1,0
4850,STU04186,23,80,0,1,1,1,1,27,11,1,68,55,0,2,2,2,0,0,0
4851,STU04187,23,80,0,1,1,1,1,28,14,1,53,64,1,0,2,2,0,1,0
4852,STU04188,23,80,0,1,1,1,1,29,5,1,77,79,1,1,1,1,1,0,0
4853,STU04189,23,80,1,0,0,1,1,27,11,1,68,55,0,2,2,2,0,0,0
4854,STU04190,23,80,1,0,0,1,1,28,14,1,53,64,1,0,2,2,0,1,0
4855,STU04191,23,80,1,0,0,1,1,29,5,1,77,79,1,1,1,1,1,0,0
4856,STU04192,23,80,2,1,1,1,1,27,11,1,68,55,0,2,2,2,0,0,0
4857,STU04193,23,80,2,1,1,1,1,28,14,1,53,64,1,0,2,2,0,1,0
4858,STU04194,23,80,2,1,1,1,1,29,5,1,77,79,1,1,1,1,1,0,0
4862,STU04195,23,80,2,0,0,1,1,27,11,1,68,55,0,2,2,2,0,0,0
4863,STU04196,23,80,2,0,0,1,1,28,14,1,53,64,1,0,2,2,0,1,0
4864,STU04197,23,80,2,0,0,1,1,29,5,1,77,79,1,1,1,1,1,0,0
4871,STU04198,23,80,1,0,1,1,1,27,11,1,68,55,0,2,2,2,0,0,0
4872,STU04199,23,80,1,0,1,1,1,28,14,1,53,64,1,0,2,2,0,1,0
4873,STU04200,23,80,1,0,1,1,1,29,5,1,77,79,1,1,1,1,1,0,0
4874,STU04201,15,71,2,0,0,1,0,19,12,1,87,43,1,1,3,3,0,0,0
4875,STU04202,15,71,1,0,2,0,0,19,12,1,87,43,1,1,3,3,0,0,0
4876,STU04203,15,71,2,1,0,1,0,19,12,1,87,43,1,1,3,3,0,0,0
4877,STU04204,15,71,2,0,1,1,0,19,12,1,87,43,1,1,3,3,0,0,0
4879,STU04205,15,71,0,0,0,0,0,19,12,1,87,43,1,1,3,3,0,0,0
4880,STU04206,23,75,2,1,0,1,0,21,13,1,72,94,0,0,0,0,0,1,0
4881,STU04207,23,75,2,1,0,1,0,25,14,1,89,82,1,2,1,1,0,0,0
4882,STU04208,23,75,1,1,0,1,0,21,13,1,72,94,0,0,0,0,0,1,0
4883,STU04209,23,75,1,1,0,1,0,25,14,1,89,82,1,2,1,1,0,0,0
4884,STU04210,23,75,1,1,2,1,0,21,13,1,72,94,0,0,0,0,0,1,0
4885,STU04211,23,75,1,1,2,1,0,25,14,1,89,82,1,2,1,1,0,0,0
4886,STU04212,23,75,1,0,0,1,0,21,13,1,72,94,0,0,0,0,0,1,0
4887,STU04213,23,75,1,0,0,1,0,25,14,1,89,82,1,2,1,1,0,0,0
4888,STU04214,23,75,0,1,2,1,0,21,13,1,72,94,0,0,0,0,0,1,0
4889,STU04215,23,75,0,1,2,1,0,25,14,1,89,82,1,2,1,1,0,0,0
4890,STU04216,23,75,2,1,1,0,0,21,13,1,72,94,0,0,0,0,0,1,0
4891,STU04217,23,75,2,1,1,0,0,25,14,1,89,82,1,2,1,1,0,0,0
4892,STU04218,23,75,2,1,1,1,0,21,13,1,72,94,0,0,0,0,0,1,0
4893,STU04219,23,75,2,1,1,1,0,25,14,1,89,82,1,2,1,1,0,0,0
4894,STU04220,31,63,2,0,0,1,1,27,8,1,91,91,1,2,0,0,1,0,0
4895,STU04221,31,63,2,1,0,1,1,27,8,1,91,91,1,2,0,0,1,0,0
4896,STU04222,28,62,2,0,1,1,1,24,2,0,50,51,1,2,3,3,0,0,0
4897,STU04223,28,62,2,0,1,1,1,25,12,0,51,63,1,2,2,2,0,1,0
4898,STU04224,28,62,1,1,1,1,1,24,2,0,50,51,1,2,3,3,0,0,0
4899,STU04225,28,62,1,1,1,1,1,25,12,0,51,63,1,2,2,2,0,1,0
4900,STU04226,28,62,1,0,2,1,1,24,2,0,50,51,1,2,3,3,0,0,0
4901,STU04227,28,62,1,0,2,1,1,25,12,0,51,63,1,2,2,2,0,1,0
4902,STU04228,30,70,1,0,1,1,0,18,12,1,59,89,0,0,0,0,0,0,1
4903,STU04229,30,70,1,0,1,1,0,26,14,1,87,64,1,2,2,2,1,0,0
4904,STU04230,30,70,1,0,1,1,0,18,18,0,54,89,1,2,0,0,1,0,0
4905,STU04231,30,70,1,0,1,1,0,27,6,1,62,80,1,1,1,1,1,0,0
4906,STU04232,30,70,1,0,1,1,0,21,10,1,50,70,1,1,1,1,0,0,1
4907,STU04233,30,70,2,1,1,1,0,18,12,1,59,89,0,0,0,0,0,0,1
4908,STU04234,30,70,2,1,1,1,0,26,14,1,87,64,1,2,2,2,1,0,0
4909,STU04235,30,70,2,1,1,1,0,18,18,0,54,89,1,2,0,0,1,0,0
4910,STU04236,30,70,2,1,1,1,0,27,6,1,62,80,1,1,1,1,1,0,0
4911,STU04237,30,70,2,1,1,1,0,21,10,1,50,70,1,1,1,1,0,0,1
4917,STU04238,17,63,1,0,1,1,0,28,7,1,95,43,0,0,3,3,1,0,0
4918,STU04239,17,63,1,0,1,1,0,23,20,1,72,42,0,2,3,3,0,0,1
4919,STU04240,17,63,1,0,1,1,0,18,20,0,76,54,1,1,3,3,0,0,0
4920,STU04241,17,63,1,0,1,1,0,23,19,0,73,79,1,0,1,1,0,1,0
4921,STU04242,17,63,1,1,1,1,0,28,7,1,95,43,0,0,3,3,1,0,0
4922,STU04243,17,63,1,1,1,1,0,23,20,1,72,42,0,2,3,3,0,0,1
4923,STU04244,17,63,1,1,1,1,0,18,20,0,76,54,1,1,3,3,0,0,0
4924,STU04245,17,63,1,1,1,1,0,23,19,0,73,79,1,0,1,1,0,1,0
4925,STU04246,14,64,2,1,0,1,0,20,13,1,93,62,1,2,2,2,0,0,0
4926,STU04247,14,64,2,1,0,1,0,23,18,1,51,96,1,2,0,0,0,0,0
4927,STU04248,19,93,2,0,1,1,1,27,10,1,52,91,0,2,0,0,0,0,0
4929,STU04249,19,93,1,0,2,0,1,27,10,1,52,91,0,2,0,0,0,0,0
4930,STU04250,19,93,2,1,1,1,1,27,10,1,52,91,0,2,0,0,0,0,0
4931,STU04251,20,62,1,1,2,1,1,24,6,0,56,79,1,0,1,1,1,0,0
4932,STU04252,20,62,1,1,2,1,1,20,17,0,81,64,1,1,2,2,1,0,0
4933,STU04253,20,62,1,1,2,1,1,27,19,1,61,83,1,0,1,1,0,1,0
4934,STU04254,20,62,0,0,2,1,1,24,6,0,56,79,1,0,1,1,1,0,0
4935,STU04255,20,62,0,0,2,1,1,20,17,0,81,64,1,1,2,2,1,0,0
4936,STU04256,20,62,0,0,2,1,1,27,19,1,61,83,1,0,1,1,0,1,0
4937,STU04257,20,62,1,1,0,1,1,24,6,0,56,79,1,0,1,1,1,0,0
4938,STU04258,20,62,1,1,0,1,1,20,17,0,81,64,1,1,2,2,1,0,0
4939,STU04259,20,62,1,1,0,1,1,27,19,1,61,83,1,0,1,1,0,1,0
4946,STU04260,20,62,1,0,2,1,1,24,6,0,56,79,1,0,1,1,1,0,0
4947,STU04261,20,62,1,0,2,1,1,20,17,0,81,64,1,1,2,2,1,0,0
4948,STU04262,20,62,1,0,2,1,1,27,19,1,61,83,1,0,1,1,0,1,0
4955,STU04263,27,86,1,1,0,1,0,23,4,0,93,47,1,2,3,3,1,0,0
4956,STU04264,27,86,1,1,0,1,0,26,20,0,87,66,1,1,2,2,0,1,0
4957,STU04265,27,86,1,1,2,1,0,23,4,0,93,47,1,2,3,3,1,0,0
4958,STU04266,27,86,1,1,2,1,0,26,20,0,87,66,1,1,2,2,0,1,0
4959,STU04267,10,71,1,1,2,1,0,23,1,0,99,59,1,2,2,2,0,1,0
4960,STU04268,10,71,1,1,2,1,0,27,7,1,76,97,1,2,0,0,1,0,0
4961,STU04269,10,71,0,0,0,1,0,23,1,0,99,59,1,2,2,2,0,1,0
4962,STU04270,10,71,0,0,0,1,0,27,7,1,76,97,1,2,0,0,1,0,0
4963,STU04271,19,79,1,1,0,1,1,27,14,0,70,40,1,1,3,3,0,1,0
4964,STU04272,19,79,2,1,1,1,1,27,14,0,70,40,1,1,3,3,0,1,0
4965,STU04273,19,79,1,0,2,1,1,27,14,0,70,40,1,1,3,3,0,1,0
4966,STU04274,19,79,1,0,1,1,1,27,14,0,70,40,1,1,3,3,0,1,0
4967,STU04275,19,79,2,1,0,1,1,27,14,0,70,40,1,1,3,3,0,1,0
4973,STU04276,17,72,2,1,0,1,1,27,8,0,94,75,1,2,1,1,0,0,1
4974,STU04277,17,72,1,1,2,1,1,27,8,0,94,75,1,2,1,1,0,0,1
4975,STU04278,17,72,1,1,1,1,1,27,8,0,94,75,1,2,1,1,0,0,1
4977,STU04279,17,72,1,0,1,1,1,27,8,0,94,75,1,2,1,1,0,0,1
4978,STU04280,17,72,1,0,2,1,1,27,8,0,94,75,1,2,1,1,0,0,1
4980,STU04281,14,81,1,1,0,0,1,19,8,1,68,44,1,2,3,3,1,0,0
4981,STU04282,14,81,1,1,0,0,1,22,13,0,54,42,1,1,3,3,0,0,0
4982,STU04283,14,81,1,1,0,0,1,21,9,1,64,79,1,2,1,1,0,0,0
4983,STU04284,14,81,1,0,0,1,1,19,8,1,68,44,1,2,3,3,1,0,0
4984,STU04285,14,81,1,0,0,1,1,22,13,0,54,42,1,1,3,3,0,0,0
4985,STU04286,14,81,1,0,0,1,1,21,9,1,64,79,1,2,1,1,0,0,0
4986,STU04287,14,81,1,1,2,1,1,19,8,1,68,44,1,2,3,3,1,0,0
4987,STU04288,14,81,1,1,2,1,1,22,13,0,54,42,1,1,3,3,0,0,0
4988,STU04289,14,81,1,1,2,1,1,21,9,1,64,79,1,2,1,1,0,0,0
4989,STU04290,14,81,1,1,1,1,1,19,8,1,68,44,1,2,3,3,1,0,0
4990,STU04291,14,81,1,1,1,1,1,22,13,0,54,42,1,1,3,3,0,0,0
4991,STU04292,14,81,1,1,1,1,1,21,9,1,64,79,1,2,1,1,0,0,0
4992,STU04293,14,81,1,1,0,1,1,19,8,1,68,44,1,2,3,3,1,0,0
4993,STU04294,14,81,1,1,0,1,1,22,13,0,54,42,1,1,3,3,0,0,0
4994,STU04295,14,81,1,1,0,1,1,21,9,1,64,79,1,2,1,1,0,0,0
4998,STU04296,14,81,2,0,1,1,1,19,8,1,68,44,1,2,3,3,1,0,0
4999,STU04297,14,81,2,0,1,1,1,22,13,0,54,42,1,1,3,3,0,0,0
5000,STU04298,14,81,2,0,1,1,1,21,9,1,64,79,1,2,1,1,0,0,0
5001,STU04299,10,75,1,0,1,1,0,24,2,0,61,40,0,1,3,3,0,0,1
5002,STU04300,10,75,1,0,1,1,0,23,17,1,56,42,1,2,3,3,1,0,0
5003,STU04301,10,75,1,0,1,1,0,26,19,1,80,98,0,2,0,0,0,1,0
5004,STU04302,10,75,1,0,0,1,0,24,2,0,61,40,0,1,3,3,0,0,1
5005,STU04303,10,75,1,0,0,1,0,23,17,1,56,42,1,2,3,3,1,0,0
5006,STU04304,10,75,1,0,0,1,0,26,19,1,80,98,0,2,0,0,0,1,0
5007,STU04305,25,83,1,1,1,1,0,19,11,1,90,41,1,1,3,3,0,1,0
5008,STU04306,12,77,1,1,1,1,1,29,3,1,77,81,0,0,1,1,0,0,1
5009,STU04307,12,77,1,1,1,1,1,21,1,1,65,65,0,1,2,2,0,0,0
5010,STU04308,12,77,0,1,1,1,1,29,3,1,77,81,0,0,1,1,0,0,1
5011,STU04309,12,77,0,1,1,1,1,21,1,1,65,65,0,1,2,2,0,0,0
5012,STU04310,18,74,1,0,1,1,1,25,15,1,89,81,1,2,1,1,0,0,1
5013,STU04311,18,74,0,1,2,1,1,25,15,1,89,81,1,2,1,1,0,0,1
5014,STU04312,18,74,1,1,0,1,1,25,15,1,89,81,1,2,1,1,0,0,1
5015,STU04313,18,74,1,0,2,1,1,25,15,1,89,81,1,2,1,1,0,0,1
5016,STU04314,18,74,1,1,1,1,1,25,15,1,89,81,1,2,1,1,0,0,1
5017,STU04315,18,74,2,0,2,1,1,25,15,1,89,81,1,2,1,1,0,0,1
5018,STU04316,30,88,1,0,1,1,0,22,20,1,84,69,1,2,2,2,1,0,0
5019,STU04317,30,88,1,0,1,1,0,24,16,0,62,50,1,2,3,3,1,0,0
5020,STU04318,30,88,1,0,1,1,0,25,15,0,60,98,1,2,0,0,0,0,1
5021,STU04319,30,88,1,0,1,1,0,24,15,1,94,81,1,2,1,1,0,0,1
5022,STU04320,30,88,1,0,1,1,0,26,6,0,73,57,1,0,2,2,1,0,0
5023,STU04321,30,88,1,1,2,1,0,22,20,1,84,69,1,2,2,2,1,0,0
5024,STU04322,30,88,1,1,2,1,0,24,16,0,62,50,1,2,3,3,1,0,0
5025,STU04323,30,88,1,1,2,1,0,25,15,0,60,98,1,2,0,0,0,0,1
5026,STU04324,30,88,1,1,2,1,0,24,15,1,94,81,1,2,1,1,0,0,1
5027,STU04325,30,88,1,1,2,1,0,26,6,0,73,57,1,0,2,2,1,0,0
5028,STU04326,30,88,1,1,1,1,0,22,20,1,84,69,1,2,2,2,1,0,0
5029,STU04327,30,88,1,1,1,1,0,24,16,0,62,50,1,2,3,3,1,0,0
5030,STU04328,30,88,1,1,1,1,0,25,15,0,60,98,1,2,0,0,0,0,1
5031,STU04329,30,88,1,1,1,1,0,24,15,1,94,81,1,2,1,1,0,0,1
5032,STU04330,30,88,1,1,1,1,0,26,6,0,73,57,1,0,2,2,1,0,0
5033,STU04331,30,88,1,1,0,1,0,22,20,1,84,69,1,2,2,2,1,0,0
5034,STU04332,30,88,1,1,0,1,0,24,16,0,62,50,1,2,3,3,1,0,0
5035,STU04333,30,88,1,1,0,1,0,25,15,0,60,98,1,2,0,0,0,0,1
5036,STU04334,30,88,1,1,0,1,0,24,15,1,94,81,1,2,1,1,0,0,1
5037,STU04335,30,88,1,1,0,1,0,26,6,0,73,57,1,0,2,2,1,0,0
5038,STU04336,11,93,1,1,0,1,1,19,20,1,81,93,0,2,0,0,0,0,1
5039,STU04337,11,93,1,1,0,1,1,19,12,1,51,89,1,1,0,0,1,0,0
5040,STU04338,11,93,1,0,1,1,1,19,20,1,81,93,0,2,0,0,0,0,1
5041,STU04339,11,93,1,0,1,1,1,19,12,1,51,89,1,1,0,0,1,0,0
5042,STU04340,19,78,2,0,1,1,1,19,8,1,87,56,1,0,2,2,1,0,0
5043,STU04341,19,78,1,0,0,1,1,19,8,1,87,56,1,0,2,2,1,0,0
5044,STU04342,19,78,2,1,1,1,1,19,8,1,87,56,1,0,2,2,1,0,0
5045,STU04343,19,78,1,1,1,1,1,19,8,1,87,56,1,0,2,2,1,0,0
5046,STU04344,20,94,1,0,1,1,1,28,0,0,84,50,1,2,3,3,0,0,0
5047,STU04345,20,94,2,1,1,1,1,28,0,0,84,50,1,2,3,3,0,0,0
5048,STU04346,20,94,1,1,1,1,1,28,0,0,84,50,1,2,3,3,0,0,0
5049,STU04347,20,94,0,1,0,1,1,28,0,0,84,50,1,2,3,3,0,0,0
5050,STU04348,19,89,1,0,1,1,0,21,10,1,78,47,0,2,3,3,0,0,0
5051,STU04349,19,89,1,0,1,1,0,24,7,1,95,80,0,0,1,1,0,0,1
5052,STU04350,19,89,1,0,1,1,0,27,6,0,95,47,1,2,3,3,0,1,0
5053,STU04351,19,89,1,0,1,1,0,23,2,1,54,87,1,0,0,0,0,0,0
5054,STU04352,19,89,1,1,0,1,0,21,10,1,78,47,0,2,3,3,0,0,0
5055,STU04353,19,89,1,1,0,1,0,24,7,1,95,80,0,0,1,1,0,0,1
5056,STU04354,19,89,1,1,0,1,0,27,6,0,95,47,1,2,3,3,0,1,0
5057,STU04355,19,89,1,1,0,1,0,23,2,1,54,87,1,0,0,0,0,0,0
5058,STU04356,19,89,2,1,0,1,0,21,10,1,78,47,0,2,3,3,0,0,0
5059,STU04357,19,89,2,1,0,1,0,24,7,1,95,80,0,0,1,1,0,0,1
5060,STU04358,19,89,2,1,0,1,0,27,6,0,95,47,1,2,3,3,0,1,0
5061,STU04359,19,89,2,1,0,1,0,23,2,1,54,87,1,0,0,0,0,0,0
5062,STU04360,19,89,0,1,1,1,0,21,10,1,78,47,0,2,3,3,0,0,0
5063,STU04361,19,89,0,1,1,1,0,24,7,1,95,80,0,0,1,1,0,0,1
5064,STU04362,19,89,0,1,1,1,0,27,6,0,95,47,1,2,3,3,0,1,0
5065,STU04363,19,89,0,1,1,1,0,23,2,1,54,87,1,0,0,0,0,0,0
5070,STU04364,19,89,0,0,1,1,0,21,10,1,78,47,0,2,3,3,0,0,0
5071,STU04365,19,89,0,0,1,1,0,24,7,1,95,80,0,0,1,1,0,0,1
5072,STU04366,19,89,0,0,1,1,0,27,6,0,95,47,1,2,3,3,0,1,0
5073,STU04367,19,89,0,0,1,1,0,23,2,1,54,87,1,0,0,0,0,0,0
5074,STU04368,19,89,1,1,2,1,0,21,10,1,78,47,0,2,3,3,0,0,0
5075,STU04369,19,89,1,1,2,1,0,24,7,1,95,80,0,0,1,1,0,0,1
5076,STU04370,19,89,1,1,2,1,0,27,6,0,95,47,1,2,3,3,0,1,0
5077,STU04371,19,89,1,1,2,1,0,23,2,1,54,87,1,0,0,0,0,0,0
5078,STU04372,19,89,2,1,1,1,0,21,10,1,78,47,0,2,3,3,0,0,0
5079,STU04373,19,89,2,1,1,1,0,24,7,1,95,80,0,0,1,1,0,0,1
5080,STU04374,19,89,2,1,1,1,0,27,6,0,95,47,1,2,3,3,0,1,0
5081,STU04375,19,89,2,1,1,1,0,23,2,1,54,87,1,0,0,0,0,0,0
5082,STU04376,27,73,1,0,0,1,1,20,14,1,63,45,1,2,3,3,0,1,0
5083,STU04377,27,73,1,0,0,1,1,22,20,1,66,82,1,1,1,1,0,0,1
5084,STU04378,18,99,2,1,0,1,1,18,8,1,90,68,1,0,2,2,1,0,0
5085,STU04379,18,99,2,1,0,1,1,20,7,1,68,77,1,2,1,1,0,0,1
5086,STU04380,18,99,1,0,1,1,1,18,8,1,90,68,1,0,2,2,1,0,0
5087,STU04381,18,99,1,0,1,1,1,20,7,1,68,77,1,2,1,1,0,0,1
5088,STU04382,18,99,2,1,1,1,1,18,8,1,90,68,1,0,2,2,1,0,0
5089,STU04383,18,99,2,1,1,1,1,20,7,1,68,77,1,2,1,1,0,0,1
5092,STU04384,18,99,1,0,1,0,1,18,8,1,90,68,1,0,2,2,1,0,0
5093,STU04385,18,99,1,0,1,0,1,20,7,1,68,77,1,2,1,1,0,0,1
5094,STU04386,35,78,0,1,1,1,1,23,12,0,85,40,0,0,3,3,0,0,0
5095,STU04387,35,78,0,1,1,1,1,22,10,0,89,50,1,1,3,3,1,0,0
5096,STU04388,20,76,2,1,0,1,1,29,5,0,79,91,1,2,0,0,0,0,0
5097,STU04389,20,76,2,1,0,1,1,22,9,0,59,55,1,1,2,2,0,0,1
5098,STU04390,20,76,2,1,0,1,1,26,10,0,58,62,1,2,2,2,0,1,0
5099,STU04391,20,76,1,1,1,1,1,29,5,0,79,91,1,2,0,0,0,0,0
5100,STU04392,20,76,1,1,1,1,1,22,9,0,59,55,1,1,2,2,0,0,1
5101,STU04393,20,76,1,1,1,1,1,26,10,0,58,62,1,2,2,2,0,1,0
5102,STU04394,20,76,1,0,0,1,1,29,5,0,79,91,1,2,0,0,0,0,0
5103,STU04395,20,76,1,0,0,1,1,22,9,0,59,55,1,1,2,2,0,0,1
5104,STU04396,20,76,1,0,0,1,1,26,10,0,58,62,1,2,2,2,0,1,0
5108,STU04397,20,83,1,0,1,1,0,21,17,0,56,67,1,2,2,2,0,1,0
5109,STU04398,20,83,1,0,1,1,0,22,8,1,89,78,1,2,1,1,1,0,0
5110,STU04399,20,83,1,0,1,1,0,21,2,1,57,78,1,1,1,1,1,0,0
5111,STU04400,20,83,1,1,2,1,0,21,17,0,56,67,1,2,2,2,0,1,0
5112,STU04401,20,83,1,1,2,1,0,22,8,1,89,78,1,2,1,1,1,0,0
5113,STU04402,20,83,1,1,2,1,0,21,2,1,57,78,1,1,1,1,1,0,0
5114,STU04403,20,83,2,1,2,1,0,21,17,0,56,67,1,2,2,2,0,1,0
5115,STU04404,20,83,2,1,2,1,0,22,8,1,89,78,1,2,1,1,1,0,0
5116,STU04405,20,83,2,1,2,1,0,21,2,1,57,78,1,1,1,1,1,0,0
5117,STU04406,20,83,1,1,1,1,0,21,17,0,56,67,1,2,2,2,0,1,0
5118,STU04407,20,83,1,1,1,1,0,22,8,1,89,78,1,2,1,1,1,0,0
5119,STU04408,20,83,1,1,1,1,0,21,2,1,57,78,1,1,1,1,1,0,0
5120,STU04409,20,83,0,1,1,1,0,21,17,0,56,67,1,2,2,2,0,1,0
5121,STU04410,20,83,0,1,1,1,0,22,8,1,89,78,1,2,1,1,1,0,0
5122,STU04411,20,83,0,1,1,1,0,21,2,1,57,78,1,1,1,1,1,0,0
5123,STU04412,20,83,2,1,1,1,0,21,17,0,56,67,1,2,2,2,0,1,0
5124,STU04413,20,83,2,1,1,1,0,22,8,1,89,78,1,2,1,1,1,0,0
5125,STU04414,20,83,2,1,1,1,0,21,2,1,57,78,1,1,1,1,1,0,0
5126,STU04415,20,83,0,1,2,1,0,21,17,0,56,67,1,2,2,2,0,1,0
5127,STU04416,20,83,0,1,2,1,0,22,8,1,89,78,1,2,1,1,1,0,0
5128,STU04417,20,83,0,1,2,1,0,21,2,1,57,78,1,1,1,1,1,0,0
5129,STU04418,20,83,0,0,0,1,0,21,17,0,56,67,1,2,2,2,0,1,0
5130,STU04419,20,83,0,0,0,1,0,22,8,1,89,78,1,2,1,1,1,0,0
5131,STU04420,20,83,0,0,0,1,0,21,2,1,57,78,1,1,1,1,1,0,0
5132,STU04421,21,98,1,0,0,1,1,18,10,1,83,79,0,0,1,1,0,0,0
5133,STU04422,21,98,1,0,0,1,1,29,3,0,78,82,1,2,1,1,0,1,0
5134,STU04423,21,98,2,0,0,1,1,18,10,1,83,79,0,0,1,1,0,0,0
5135,STU04424,21,98,2,0,0,1,1,29,3,0,78,82,1,2,1,1,0,1,0
5136,STU04425,21,98,1,0,1,1,1,18,10,1,83,79,0,0,1,1,0,0,0
5137,STU04426,21,98,1,0,1,1,1,29,3,0,78,82,1,2,1,1,0,1,0
5138,STU04427,21,98,1,1,1,1,1,18,10,1,83,79,0,0,1,1,0,0,0
5139,STU04428,21,98,1,1,1,1,1,29,3,0,78,82,1,2,1,1,0,1,0
5140,STU04429,21,98,2,1,1,1,1,18,10,1,83,79,0,0,1,1,0,0,0
5141,STU04430,21,98,2,1,1,1,1,29,3,0,78,82,1,2,1,1,0,1,0
5142,STU04431,21,98,0,1,1,1,1,18,10,1,83,79,0,0,1,1,0,0,0
5143,STU04432,21,98,0,1,1,1,1,29,3,0,78,82,1,2,1,1,0,1,0
5146,STU04433,21,98,1,1,0,1,1,18,10,1,83,79,0,0,1,1,0,0,0
5147,STU04434,21,98,1,1,0,1,1,29,3,0,78,82,1,2,1,1,0,1,0
5148,STU04435,21,98,0,1,0,1,1,18,10,1,83,79,0,0,1,1,0,0,0
5149,STU04436,21,98,0,1,0,1,1,29,3,0,78,82,1,2,1,1,0,1,0
5150,STU04437,19,81,2,0,0,1,1,26,16,1,67,100,1,2,0,0,0,0,0
5151,STU04438,19,81,2,0,0,1,1,24,4,1,99,70,1,1,1,1,0,1,0
5152,STU04439,19,81,2,1,1,1,1,26,16,1,67,100,1,2,0,0,0,0,0
5153,STU04440,19,81,2,1,1,1,1,24,4,1,99,70,1,1,1,1,0,1,0
5154,STU04441,19,81,0,1,2,1,1,26,16,1,67,100,1,2,0,0,0,0,0
5155,STU04442,19,81,0,1,2,1,1,24,4,1,99,70,1,1,1,1,0,1,0
5156,STU04443,19,81,0,1,0,1,1,26,16,1,67,100,1,2,0,0,0,0,0
5157,STU04444,19,81,0,1,0,1,1,24,4,1,99,70,1,1,1,1,0,1,0
5158,STU04445,19,81,1,1,1,1,1,26,16,1,67,100,1,2,0,0,0,0,0
5159,STU04446,19,81,1,1,1,1,1,24,4,1,99,70,1,1,1,1,0,1,0
5160,STU04447,19,81,1,1,2,1,1,26,16,1,67,100,1,2,0,0,0,0,0
5161,STU04448,19,81,1,1,2,1,1,24,4,1,99,70,1,1,1,1,0,1,0
5162,STU04449,17,93,1,1,1,1,0,24,17,1,52,82,1,2,1,1,1,0,0
5163,STU04450,17,93,1,1,1,1,0,25,1,1,53,80,1,1,1,1,1,0,0
5164,STU04451,17,93,1,1,1,1,0,18,15,1,58,78,0,1,1,1,0,0,0
5165,STU04452,17,93,1,1,1,1,0,18,18,1,61,86,0,2,0,0,0,1,0
5166,STU04453,17,93,1,0,0,1,0,24,17,1,52,82,1,2,1,1,1,0,0
5167,STU04454,17,93,1,0,0,1,0,25,1,1,53,80,1,1,1,1,1,0,0
5168,STU04455,17,93,1,0,0,1,0,18,15,1,58,78,0,1,1,1,0,0,0
5169,STU04456,17,93,1,0,0,1,0,18,18,1,61,86,0,2,0,0,0,1,0
5170,STU04457,17,93,1,0,1,1,0,24,17,1,52,82,1,2,1,1,1,0,0
5171,STU04458,17,93,1,0,1,1,0,25,1,1,53,80,1,1,1,1,1,0,0
5172,STU04459,17,93,1,0,1,1,0,18,15,1,58,78,0,1,1,1,0,0,0
5173,STU04460,17,93,1,0,1,1,0,18,18,1,61,86,0,2,0,0,0,1,0
5174,STU04461,17,82,0,0,0,1,1,29,6,1,71,61,1,0,2,2,0,0,1
5175,STU04462,17,82,0,0,0,1,1,21,16,1,56,64,0,2,2,2,1,0,0
5176,STU04463,17,82,0,0,0,1,1,24,2,0,65,46,1,2,3,3,0,1,0
5177,STU04464,17,82,1,0,1,1,1,29,6,1,71,61,1,0,2,2,0,0,1
5178,STU04465,17,82,1,0,1,1,1,21,16,1,56,64,0,2,2,2,1,0,0
5179,STU04466,17,82,1,0,1,1,1,24,2,0,65,46,1,2,3,3,0,1,0
5180,STU04467,17,82,2,0,1,1,1,29,6,1,71,61,1,0,2,2,0,0,1
5181,STU04468,17,82,2,0,1,1,1,21,16,1,56,64,0,2,2,2,1,0,0
5182,STU04469,17,82,2,0,1,1,1,24,2,0,65,46,1,2,3,3,0,1,0
5183,STU04470,17,82,1,1,1,1,1,29,6,1,71,61,1,0,2,2,0,0,1
5184,STU04471,17,82,1,1,1,1,1,21,16,1,56,64,0,2,2,2,1,0,0
5185,STU04472,17,82,1,1,1,1,1,24,2,0,65,46,1,2,3,3,0,1,0
5195,STU04473,17,82,2,1,2,1,1,29,6,1,71,61,1,0,2,2,0,0,1
5196,STU04474,17,82,2,1,2,1,1,21,16,1,56,64,0,2,2,2,1,0,0
5197,STU04475,17,82,2,1,2,1,1,24,2,0,65,46,1,2,3,3,0,1,0
5201,STU04476,16,83,1,0,1,1,1,29,5,1,75,46,1,2,3,3,0,0,0
5202,STU04477,16,83,1,0,1,1,1,21,13,1,61,95,0,1,0,0,0,0,1
5203,STU04478,16,83,2,1,1,1,1,29,5,1,75,46,1,2,3,3,0,0,0
5204,STU04479,16,83,2,1,1,1,1,21,13,1,61,95,0,1,0,0,0,0,1
5205,STU04480,16,83,0,1,1,1,1,29,5,1,75,46,1,2,3,3,0,0,0
5206,STU04481,16,83,0,1,1,1,1,21,13,1,61,95,0,1,0,0,0,0,1
5207,STU04482,16,83,1,1,1,1,1,29,5,1,75,46,1,2,3,3,0,0,0
5208,STU04483,16,83,1,1,1,1,1,21,13,1,61,95,0,1,0,0,0,0,1
5211,STU04484,27,68,1,0,1,1,1,25,11,1,87,55,1,1,2,2,0,0,0
5212,STU04485,27,68,1,0,1,1,1,22,3,0,90,76,1,2,1,1,0,1,0
5213,STU04486,27,68,1,0,1,1,1,28,8,1,51,43,0,1,3,3,0,1,0
5214,STU04487,27,68,1,1,0,1,1,25,11,1,87,55,1,1,2,2,0,0,0
5215,STU04488,27,68,1,1,0,1,1,22,3,0,90,76,1,2,1,1,0,1,0
5216,STU04489,27,68,1,1,0,1,1,28,8,1,51,43,0,1,3,3,0,1,0
5220,STU04490,27,68,0,1,1,1,1,25,11,1,87,55,1,1,2,2,0,0,0
5221,STU04491,27,68,0,1,1,1,1,22,3,0,90,76,1,2,1,1,0,1,0
5222,STU04492,27,68,0,1,1,1,1,28,8,1,51,43,0,1,3,3,0,1,0
5223,STU04493,27,68,1,0,2,1,1,25,11,1,87,55,1,1,2,2,0,0,0
5224,STU04494,27,68,1,0,2,1,1,22,3,0,90,76,1,2,1,1,0,1,0
5225,STU04495,27,68,1,0,2,1,1,28,8,1,51,43,0,1,3,3,0,1,0
5226,STU04496,27,68,0,1,2,1,1,25,11,1,87,55,1,1,2,2,0,0,0
5227,STU04497,27,68,0,1,2,1,1,22,3,0,90,76,1,2,1,1,0,1,0
5228,STU04498,27,68,0,1,2,1,1,28,8,1,51,43,0,1,3,3,0,1,0
5229,STU04499,27,97,2,1,0,1,1,20,3,1,69,97,1,2,0,0,0,0,0
5230,STU04500,27,97,2,1,0,1,1,22,1,1,61,50,1,2,3,3,0,1,0
5231,STU04501,27,97,2,1,0,1,1,24,11,0,79,100,1,2,0,0,0,0,1
5232,STU04502,8,94,0,0,2,1,0,23,3,0,81,88,1,1,0,0,0,1,0
5233,STU04503,8,94,0,0,2,1,0,25,3,0,73,44,1,2,3,3,0,0,1
5234,STU04504,18,91,2,1,2,1,1,24,4,0,65,56,1,2,2,2,0,1,0
5235,STU04505,18,91,2,1,2,1,1,28,6,0,87,72,1,1,1,1,0,1,0
5236,STU04506,18,91,2,1,2,1,1,22,7,1,85,92,1,1,0,0,0,0,1
5237,STU04507,18,91,2,1,2,1,1,20,11,0,63,71,0,0,1,1,0,0,0
5238,STU04508,18,91,1,0,2,1,1,24,4,0,65,56,1,2,2,2,0,1,0
5239,STU04509,18,91,1,0,2,1,1,28,6,0,87,72,1,1,1,1,0,1,0
5240,STU04510,18,91,1,0,2,1,1,22,7,1,85,92,1,1,0,0,0,0,1
5241,STU04511,18,91,1,0,2,1,1,20,11,0,63,71,0,0,1,1,0,0,0
5246,STU04512,18,91,0,0,1,1,1,24,4,0,65,56,1,2,2,2,0,1,0
5247,STU04513,18,91,0,0,1,1,1,28,6,0,87,72,1,1,1,1,0,1,0
5248,STU04514,18,91,0,0,1,1,1,22,7,1,85,92,1,1,0,0,0,0,1
5249,STU04515,18,91,0,0,1,1,1,20,11,0,63,71,0,0,1,1,0,0,0
5250,STU04516,18,91,1,0,1,1,1,24,4,0,65,56,1,2,2,2,0,1,0
5251,STU04517,18,91,1,0,1,1,1,28,6,0,87,72,1,1,1,1,0,1,0
5252,STU04518,18,91,1,0,1,1,1,22,7,1,85,92,1,1,0,0,0,0,1
5253,STU04519,18,91,1,0,1,1,1,20,11,0,63,71,0,0,1,1,0,0,0
5254,STU04520,18,91,1,1,0,1,1,24,4,0,65,56,1,2,2,2,0,1,0
5255,STU04521,18,91,1,1,0,1,1,28,6,0,87,72,1,1,1,1,0,1,0
5256,STU04522,18,91,1,1,0,1,1,22,7,1,85,92,1,1,0,0,0,0,1
5257,STU04523,18,91,1,1,0,1,1,20,11,0,63,71,0,0,1,1,0,0,0
5258,STU04524,18,91,1,1,1,1,1,24,4,0,65,56,1,2,2,2,0,1,0
5259,STU04525,18,91,1,1,1,1,1,28,6,0,87,72,1,1,1,1,0,1,0
5260,STU04526,18,91,1,1,1,1,1,22,7,1,85,92,1,1,0,0,0,0,1
5261,STU04527,18,91,1,1,1,1,1,20,11,0,63,71,0,0,1,1,0,0,0
5262,STU04528,18,91,2,0,1,1,1,24,4,0,65,56,1,2,2,2,0,1,0
5263,STU04529,18,91,2,0,1,1,1,28,6,0,87,72,1,1,1,1,0,1,0
5264,STU04530,18,91,2,0,1,1,1,22,7,1,85,92,1,1,0,0,0,0,1
5265,STU04531,18,91,2,0,1,1,1,20,11,0,63,71,0,0,1,1,0,0,0
5266,STU04532,18,91,2,1,1,1,1,24,4,0,65,56,1,2,2,2,0,1,0
5267,STU04533,18,91,2,1,1,1,1,28,6,0,87,72,1,1,1,1,0,1,0
5268,STU04534,18,91,2,1,1,1,1,22,7,1,85,92,1,1,0,0,0,0,1
5269,STU04535,18,91,2,1,1,1,1,20,11,0,63,71,0,0,1,1,0,0,0
5274,STU04536,18,91,1,0,0,1,1,24,4,0,65,56,1,2,2,2,0,1,0
5275,STU04537,18,91,1,0,0,1,1,28,6,0,87,72,1,1,1,1,0,1,0
5276,STU04538,18,91,1,0,0,1,1,22,7,1,85,92,1,1,0,0,0,0,1
5277,STU04539,18,91,1,0,0,1,1,20,11,0,63,71,0,0,1,1,0,0,0
5282,STU04540,18,76,2,0,1,1,0,20,13,1,83,97,0,0,0,0,0,1,0
5283,STU04541,18,76,2,0,1,1,0,28,18,1,62,52,0,1,3,3,0,0,1
5284,STU04542,18,76,2,0,1,1,0,20,2,1,87,98,1,2,0,0,0,0,1
5285,STU04543,18,76,2,0,1,1,0,29,16,1,55,93,1,0,0,0,0,1,0
5286,STU04544,18,76,1,0,2,1,0,20,13,1,83,97,0,0,0,0,0,1,0
5287,STU04545,18,76,1,0,2,1,0,28,18,1,62,52,0,1,3,3,0,0,1
5288,STU04546,18,76,1,0,2,1,0,20,2,1,87,98,1,2,0,0,0,0,1
5289,STU04547,18,76,1,0,2,1,0,29,16,1,55,93,1,0,0,0,0,1,0
5290,STU04548,18,76,0,0,2,1,0,20,13,1,83,97,0,0,0,0,0,1,0
5291,STU04549,18,76,0,0,2,1,0,28,18,1,62,52,0,1,3,3,0,0,1
5292,STU04550,18,76,0,0,2,1,0,20,2,1,87,98,1,2,0,0,0,0,1
5293,STU04551,18,76,0,0,2,1,0,29,16,1,55,93,1,0,0,0,0,1,0
5294,STU04552,18,76,2,1,2,1,0,20,13,1,83,97,0,0,0,0,0,1,0
5295,STU04553,18,76,2,1,2,1,0,28,18,1,62,52,0,1,3,3,0,0,1
5296,STU04554,18,76,2,1,2,1,0,20,2,1,87,98,1,2,0,0,0,0,1
5297,STU04555,18,76,2,1,2,1,0,29,16,1,55,93,1,0,0,0,0,1,0
5298,STU04556,18,76,1,0,0,1,0,20,13,1,83,97,0,0,0,0,0,1,0
5299,STU04557,18,76,1,0,0,1,0,28,18,1,62,52,0,1,3,3,0,0,1
5300,STU04558,18,76,1,0,0,1,0,20,2,1,87,98,1,2,0,0,0,0,1
5301,STU04559,18,76,1,0,0,1,0,29,16,1,55,93,1,0,0,0,0,1,0
5302,STU04560,12,80,0,0,2,1,0,25,20,1,97,86,1,1,0,0,1,0,0
5303,STU04561,12,80,0,0,2,1,0,20,3,0,90,66,1,2,2,2,1,0,0
5304,STU04562,12,80,1,0,1,1,0,25,20,1,97,86,1,1,0,0,1,0,0
5305,STU04563,12,80,1,0,1,1,0,20,3,0,90,66,1,2,2,2,1,0,0
5306,STU04564,12,80,0,0,1,1,0,25,20,1,97,86,1,1,0,0,1,0,0
5307,STU04565,12,80,0,0,1,1,0,20,3,0,90,66,1,2,2,2,1,0,0
5308,STU04566,12,80,1,1,2,1,0,25,20,1,97,86,1,1,0,0,1,0,0
5309,STU04567,12,80,1,1,2,1,0,20,3,0,90,66,1,2,2,2,1,0,0
5310,STU04568,15,79,1,0,0,1,1,20,13,0,92,45,1,0,3,3,0,0,0
5311,STU04569,15,79,1,0,0,1,1,19,0,1,93,81,1,2,1,1,1,0,0
5312,STU04570,15,79,1,0,0,1,1,27,7,1,76,80,1,2,1,1,0,1,0
5313,STU04571,15,79,1,1,1,1,1,20,13,0,92,45,1,0,3,3,0,0,0
5314,STU04572,15,79,1,1,1,1,1,19,0,1,93,81,1,2,1,1,1,0,0
5315,STU04573,15,79,1,1,1,1,1,27,7,1,76,80,1,2,1,1,0,1,0
5322,STU04574,13,70,1,0,1,1,0,19,8,1,65,52,1,1,3,3,0,0,0
5323,STU04575,13,70,1,0,1,1,0,20,13,1,87,75,1,2,1,1,0,0,0
5324,STU04576,13,70,1,0,1,1,0,28,0,1,55,86,1,0,0,0,0,0,0
5328,STU04577,13,70,1,1,1,1,0,19,8,1,65,52,1,1,3,3,0,0,0
5329,STU04578,13,70,1,1,1,1,0,20,13,1,87,75,1,2,1,1,0,0,0
5330,STU04579,13,70,1,1,1,1,0,28,0,1,55,86,1,0,0,0,0,0,0
5331,STU04580,13,70,0,1,2,1,0,19,8,1,65,52,1,1,3,3,0,0,0
5332,STU04581,13,70,0,1,2,1,0,20,13,1,87,75,1,2,1,1,0,0,0
5333,STU04582,13,70,0,1,2,1,0,28,0,1,55,86,1,0,0,0,0,0,0
5334,STU04583,31,80,2,1,0,1,0,19,14,1,91,80,1,2,1,1,0,0,0
5335,STU04584,31,80,1,1,2,1,0,19,14,1,91,80,1,2,1,1,0,0,0
5336,STU04585,28,65,1,1,1,1,1,25,10,1,70,64,1,0,2,2,0,0,0
5337,STU04586,28,65,1,1,2,1,1,25,10,1,70,64,1,0,2,2,0,0,0
5339,STU04587,13,90,1,0,1,1,0,26,1,1,94,81,1,2,1,1,1,0,0
5341,STU04588,23,81,0,1,1,1,0,19,6,0,56,59,1,2,2,2,0,0,1
5342,STU04589,23,81,0,1,1,1,0,26,5,1,89,83,1,1,1,1,0,0,0
5343,STU04590,23,81,0,1,2,1,0,19,6,0,56,59,1,2,2,2,0,0,1
5344,STU04591,23,81,0,1,2,1,0,26,5,1,89,83,1,1,1,1,0,0,0
5347,STU04592,23,81,0,0,1,1,0,19,6,0,56,59,1,2,2,2,0,0,1
5348,STU04593,23,81,0,0,1,1,0,26,5,1,89,83,1,1,1,1,0,0,0
5349,STU04594,23,81,2,0,0,1,0,19,6,0,56,59,1,2,2,2,0,0,1
5350,STU04595,23,81,2,0,0,1,0,26,5,1,89,83,1,1,1,1,0,0,0
5351,STU04596,24,89,2,1,1,1,0,29,7,1,66,90,1,1,0,0,0,0,1
5352,STU04597,24,89,2,1,1,1,0,26,7,0,98,62,1,1,2,2,0,0,0
5355,STU04598,24,89,1,1,1,1,0,29,7,1,66,90,1,1,0,0,0,0,1
5356,STU04599,24,89,1,1,1,1,0,26,7,0,98,62,1,1,2,2,0,0,0
5357,STU04600,24,89,1,0,1,1,0,29,7,1,66,90,1,1,0,0,0,0,1
5358,STU04601,24,89,1,0,1,1,0,26,7,0,98,62,1,1,2,2,0,0,0
5359,STU04602,24,89,1,1,1,0,0,29,7,1,66,90,1,1,0,0,0,0,1
5360,STU04603,24,89,1,1,1,0,0,26,7,0,98,62,1,1,2,2,0,0,0
5361,STU04604,23,68,0,0,1,1,0,28,9,0,61,93,0,2,0,0,0,1,0
5362,STU04605,23,68,0,0,1,1,0,26,3,1,88,71,1,0,1,1,0,1,0
5363,STU04606,23,68,0,0,1,1,0,28,1,0,82,99,1,2,0,0,1,0,0
5364,STU04607,23,68,0,0,1,1,0,20,3,0,77,69,0,1,2,2,1,0,0
5365,STU04608,23,68,2,1,2,1,0,28,9,0,61,93,0,2,0,0,0,1,0
5366,STU04609,23,68,2,1,2,1,0,26,3,1,88,71,1,0,1,1,0,1,0
5367,STU04610,23,68,2,1,2,1,0,28,1,0,82,99,1,2,0,0,1,0,0
5368,STU04611,23,68,2,1,2,1,0,20,3,0,77,69,0,1,2,2,1,0,0
5369,STU04612,23,68,1,0,1,1,0,28,9,0,61,93,0,2,0,0,0,1,0
5370,STU04613,23,68,1,0,1,1,0,26,3,1,88,71,1,0,1,1,0,1,0
5371,STU04614,23,68,1,0,1,1,0,28,1,0,82,99,1,2,0,0,1,0,0
5372,STU04615,23,68,1,0,1,1,0,20,3,0,77,69,0,1,2,2,1,0,0
5373,STU04616,23,68,2,0,0,1,0,28,9,0,61,93,0,2,0,0,0,1,0
5374,STU04617,23,68,2,0,0,1,0,26,3,1,88,71,1,0,1,1,0,1,0
5375,STU04618,23,68,2,0,0,1,0,28,1,0,82,99,1,2,0,0,1,0,0
5376,STU04619,23,68,2,0,0,1,0,20,3,0,77,69,0,1,2,2,1,0,0
5377,STU04620,23,68,2,0,2,1,0,28,9,0,61,93,0,2,0,0,0,1,0
5378,STU04621,23,68,2,0,2,1,0,26,3,1,88,71,1,0,1,1,0,1,0
5379,STU04622,23,68,2,0,2,1,0,28,1,0,82,99,1,2,0,0,1,0,0
5380,STU04623,23,68,2,0,2,1,0,20,3,0,77,69,0,1,2,2,1,0,0
5381,STU04624,23,68,1,1,1,1,0,28,9,0,61,93,0,2,0,0,0,1,0
5382,STU04625,23,68,1,1,1,1,0,26,3,1,88,71,1,0,1,1,0,1,0
5383,STU04626,23,68,1,1,1,1,0,28,1,0,82,99,1,2,0,0,1,0,0
5384,STU04627,23,68,1,1,1,1,0,20,3,0,77,69,0,1,2,2,1,0,0
5385,STU04628,27,79,0,0,0,1,1,28,2,1,85,57,1,1,2,2,0,0,0
5386,STU04629,27,79,2,1,0,1,1,28,2,1,85,57,1,1,2,2,0,0,0
5387,STU04630,24,73,1,1,1,1,0,19,8,0,54,44,1,2,3,3,0,0,0
5388,STU04631,24,73,1,1,1,1,0,27,1,1,67,69,1,2,2,2,0,0,0
5391,STU04632,22,76,1,1,2,1,1,19,18,0,91,85,0,2,0,0,0,0,1
5392,STU04633,22,76,1,1,2,1,1,23,12,1,88,49,0,2,3,3,0,1,0
5393,STU04634,22,76,1,0,2,1,1,19,18,0,91,85,0,2,0,0,0,0,1
5394,STU04635,22,76,1,0,2,1,1,23,12,1,88,49,0,2,3,3,0,1,0
5395,STU04636,22,76,1,1,1,1,1,19,18,0,91,85,0,2,0,0,0,0,1
5396,STU04637,22,76,1,1,1,1,1,23,12,1,88,49,0,2,3,3,0,1,0
5397,STU04638,22,76,0,1,0,1,1,19,18,0,91,85,0,2,0,0,0,0,1
5398,STU04639,22,76,0,1,0,1,1,23,12,1,88,49,0,2,3,3,0,1,0
5403,STU04640,12,99,2,1,1,0,1,25,5,0,55,84,1,2,1,1,0,1,0
5404,STU04641,12,99,2,1,1,0,1,29,17,1,56,49,1,2,3,3,0,0,1
5405,STU04642,12,99,2,1,1,0,1,21,20,1,83,99,1,2,0,0,0,0,1
5406,STU04643,12,99,1,0,1,1,1,25,5,0,55,84,1,2,1,1,0,1,0
5407,STU04644,12,99,1,0,1,1,1,29,17,1,56,49,1,2,3,3,0,0,1
5408,STU04645,12,99,1,0,1,1,1,21,20,1,83,99,1,2,0,0,0,0,1
5409,STU04646,12,99,2,1,1,1,1,25,5,0,55,84,1,2,1,1,0,1,0
5410,STU04647,12,99,2,1,1,1,1,29,17,1,56,49,1,2,3,3,0,0,1
5411,STU04648,12,99,2,1,1,1,1,21,20,1,83,99,1,2,0,0,0,0,1
5412,STU04649,26,69,1,1,1,1,1,25,8,1,84,92,0,0,0,0,0,0,0
5413,STU04650,26,69,1,1,1,1,1,18,5,0,82,81,0,1,1,1,0,0,1
5414,STU04651,26,69,1,1,1,1,1,20,2,0,90,93,1,1,0,0,1,0,0
5415,STU04652,26,69,0,0,0,1,1,25,8,1,84,92,0,0,0,0,0,0,0
5416,STU04653,26,69,0,0,0,1,1,18,5,0,82,81,0,1,1,1,0,0,1
5417,STU04654,26,69,0,0,0,1,1,20,2,0,90,93,1,1,0,0,1,0,0
5418,STU04655,26,69,0,1,1,1,1,25,8,1,84,92,0,0,0,0,0,0,0
5419,STU04656,26,69,0,1,1,1,1,18,5,0,82,81,0,1,1,1,0,0,1
5420,STU04657,26,69,0,1,1,1,1,20,2,0,90,93,1,1,0,0,1,0,0
5421,STU04658,26,69,1,0,0,1,1,25,8,1,84,92,0,0,0,0,0,0,0
5422,STU04659,26,69,1,0,0,1,1,18,5,0,82,81,0,1,1,1,0,0,1
5423,STU04660,26,69,1,0,0,1,1,20,2,0,90,93,1,1,0,0,1,0,0
5424,STU04661,19,84,2,1,0,1,0,21,13,0,91,49,0,1,3,3,0,0,1
5425,STU04662,19,84,2,1,0,1,0,27,8,0,98,66,1,0,2,2,0,1,0
5426,STU04663,19,84,1,0,1,1,0,21,13,0,91,49,0,1,3,3,0,0,1
5427,STU04664,19,84,1,0,1,1,0,27,8,0,98,66,1,0,2,2,0,1,0
5428,STU04665,19,84,1,1,0,1,0,21,13,0,91,49,0,1,3,3,0,0,1
5429,STU04666,19,84,1,1,0,1,0,27,8,0,98,66,1,0,2,2,0,1,0
5430,STU04667,19,84,1,1,1,1,0,21,13,0,91,49,0,1,3,3,0,0,1
5431,STU04668,19,84,1,1,1,1,0,27,8,0,98,66,1,0,2,2,0,1,0
5432,STU04669,19,84,0,0,2,1,0,21,13,0,91,49,0,1,3,3,0,0,1
5433,STU04670,19,84,0,0,2,1,0,27,8,0,98,66,1,0,2,2,0,1,0
5436,STU04671,17,77,1,0,0,1,0,20,8,0,58,48,1,1,3,3,1,0,0
5437,STU04672,17,77,1,0,0,1,0,21,5,1,77,92,1,2,0,0,0,0,1
5438,STU04673,17,77,1,0,0,1,0,18,16,1,88,63,1,2,2,2,1,0,0
5439,STU04674,17,77,1,0,0,1,0,29,20,1,77,48,0,2,3,3,0,0,0
5440,STU04675,17,77,2,1,0,1,0,20,8,0,58,48,1,1,3,3,1,0,0
5441,STU04676,17,77,2,1,0,1,0,21,5,1,77,92,1,2,0,0,0,0,1
5442,STU04677,17,77,2,1,0,1,0,18,16,1,88,63,1,2,2,2,1,0,0
5443,STU04678,17,77,2,1,0,1,0,29,20,1,77,48,0,2,3,3,0,0,0
5444,STU04679,17,77,1,1,0,1,0,20,8,0,58,48,1,1,3,3,1,0,0
5445,STU04680,17,77,1,1,0,1,0,21,5,1,77,92,1,2,0,0,0,0,1
5446,STU04681,17,77,1,1,0,1,0,18,16,1,88,63,1,2,2,2,1,0,0
5447,STU04682,17,77,1,1,0,1,0,29,20,1,77,48,0,2,3,3,0,0,0
5448,STU04683,26,63,2,1,1,1,0,28,8,1,55,41,0,1,3,3,1,0,0
5449,STU04684,26,63,2,0,1,1,0,28,8,1,55,41,0,1,3,3,1,0,0
5450,STU04685,26,63,1,1,1,1,0,28,8,1,55,41,0,1,3,3,1,0,0
5451,STU04686,16,80,1,0,2,0,1,29,15,0,86,72,1,2,1,1,0,1,0
5452,STU04687,16,80,1,0,1,1,1,29,15,0,86,72,1,2,1,1,0,1,0
5453,STU04688,16,80,1,1,2,1,1,29,15,0,86,72,1,2,1,1,0,1,0
5456,STU04689,12,72,1,0,0,1,1,26,9,0,54,68,1,2,2,2,0,0,0
5457,STU04690,12,72,1,0,0,1,1,21,18,0,80,88,1,0,0,0,0,0,1
5458,STU04691,12,72,1,0,0,1,1,23,3,1,93,69,1,1,2,2,0,0,1
5459,STU04692,12,72,1,0,0,1,1,25,3,1,56,47,0,2,3,3,0,0,0
5460,STU04693,12,72,1,0,0,1,1,27,18,1,90,57,1,0,2,2,0,0,1
5461,STU04694,12,72,2,1,2,1,1,26,9,0,54,68,1,2,2,2,0,0,0
5462,STU04695,12,72,2,1,2,1,1,21,18,0,80,88,1,0,0,0,0,0,1
5463,STU04696,12,72,2,1,2,1,1,23,3,1,93,69,1,1,2,2,0,0,1
5464,STU04697,12,72,2,1,2,1,1,25,3,1,56,47,0,2,3,3,0,0,0
5465,STU04698,12,72,2,1,2,1,1,27,18,1,90,57,1,0,2,2,0,0,1
5466,STU04699,12,72,0,1,1,1,1,26,9,0,54,68,1,2,2,2,0,0,0
5467,STU04700,12,72,0,1,1,1,1,21,18,0,80,88,1,0,0,0,0,0,1
5468,STU04701,12,72,0,1,1,1,1,23,3,1,93,69,1,1,2,2,0,0,1
5469,STU04702,12,72,0,1,1,1,1,25,3,1,56,47,0,2,3,3,0,0,0
5470,STU04703,12,72,0,1,1,1,1,27,18,1,90,57,1,0,2,2,0,0,1
5471,STU04704,12,72,1,1,2,1,1,26,9,0,54,68,1,2,2,2,0,0,0
5472,STU04705,12,72,1,1,2,1,1,21,18,0,80,88,1,0,0,0,0,0,1
5473,STU04706,12,72,1,1,2,1,1,23,3,1,93,69,1,1,2,2,0,0,1
5474,STU04707,12,72,1,1,2,1,1,25,3,1,56,47,0,2,3,3,0,0,0
5475,STU04708,12,72,1,1,2,1,1,27,18,1,90,57,1,0,2,2,0,0,1
5476,STU04709,12,72,1,0,2,1,1,26,9,0,54,68,1,2,2,2,0,0,0
5477,STU04710,12,72,1,0,2,1,1,21,18,0,80,88,1,0,0,0,0,0,1
5478,STU04711,12,72,1,0,2,1,1,23,3,1,93,69,1,1,2,2,0,0,1
5479,STU04712,12,72,1,0,2,1,1,25,3,1,56,47,0,2,3,3,0,0,0
5480,STU04713,12,72,1,0,2,1,1,27,18,1,90,57,1,0,2,2,0,0,1
5481,STU04714,12,72,1,1,0,1,1,26,9,0,54,68,1,2,2,2,0,0,0
5482,STU04715,12,72,1,1,0,1,1,21,18,0,80,88,1,0,0,0,0,0,1
5483,STU04716,12,72,1,1,0,1,1,23,3,1,93,69,1,1,2,2,0,0,1
5484,STU04717,12,72,1,1,0,1,1,25,3,1,56,47,0,2,3,3,0,0,0
5485,STU04718,12,72,1,1,0,1,1,27,18,1,90,57,1,0,2,2,0,0,1
5491,STU04719,30,75,1,0,2,1,1,22,13,0,98,57,1,2,2,2,0,1,0
5492,STU04720,30,75,1,1,0,1,1,22,13,0,98,57,1,2,2,2,0,1,0
5493,STU04721,30,75,1,0,1,1,1,22,13,0,98,57,1,2,2,2,0,1,0
5494,STU04722,30,75,0,1,0,1,1,22,13,0,98,57,1,2,2,2,0,1,0
5495,STU04723,19,92,1,1,1,1,1,18,10,0,92,96,0,2,0,0,1,0,0
5496,STU04724,19,92,1,1,1,1,1,22,10,0,62,88,1,1,0,0,0,0,0
5497,STU04725,19,92,1,1,1,1,1,18,10,1,81,46,0,0,3,3,1,0,0
5498,STU04726,19,92,1,1,1,1,1,27,10,0,89,85,1,0,0,0,0,0,0
5503,STU04727,19,92,1,1,0,1,1,18,10,0,92,96,0,2,0,0,1,0,0
5504,STU04728,19,92,1,1,0,1,1,22,10,0,62,88,1,1,0,0,0,0,0
5505,STU04729,19,92,1,1,0,1,1,18,10,1,81,46,0,0,3,3,1,0,0
5506,STU04730,19,92,1,1,0,1,1,27,10,0,89,85,1,0,0,0,0,0,0
5507,STU04731,19,92,1,1,1,0,1,18,10,0,92,96,0,2,0,0,1,0,0
5508,STU04732,19,92,1,1,1,0,1,22,10,0,62,88,1,1,0,0,0,0,0
5509,STU04733,19,92,1,1,1,0,1,18,10,1,81,46,0,0,3,3,1,0,0
5510,STU04734,19,92,1,1,1,0,1,27,10,0,89,85,1,0,0,0,0,0,0
5511,STU04735,19,92,1,0,1,1,1,18,10,0,92,96,0,2,0,0,1,0,0
5512,STU04736,19,92,1,0,1,1,1,22,10,0,62,88,1,1,0,0,0,0,0
5513,STU04737,19,92,1,0,1,1,1,18,10,1,81,46,0,0,3,3,1,0,0
5514,STU04738,19,92,1,0,1,1,1,27,10,0,89,85,1,0,0,0,0,0,0
5519,STU04739,20,65,2,1,1,1,0,19,17,1,51,79,1,2,1,1,1,0,0
5520,STU04740,20,65,2,1,1,1,0,22,5,0,87,95,1,2,0,0,0,0,0
5521,STU04741,20,65,1,1,0,1,0,19,17,1,51,79,1,2,1,1,1,0,0
5522,STU04742,20,65,1,1,0,1,0,22,5,0,87,95,1,2,0,0,0,0,0
5523,STU04743,20,65,1,1,2,1,0,19,17,1,51,79,1,2,1,1,1,0,0
5524,STU04744,20,65,1,1,2,1,0,22,5,0,87,95,1,2,0,0,0,0,0
5525,STU04745,20,65,1,0,1,1,0,19,17,1,51,79,1,2,1,1,1,0,0
5526,STU04746,20,65,1,0,1,1,0,22,5,0,87,95,1,2,0,0,0,0,0
5527,STU04747,21,66,1,1,1,1,0,21,18,1,61,92,1,1,0,0,0,0,1
5528,STU04748,21,66,1,1,1,1,0,27,15,1,78,71,1,2,1,1,0,1,0
5531,STU04749,21,66,2,1,2,1,0,21,18,1,61,92,1,1,0,0,0,0,1
5532,STU04750,21,66,2,1,2,1,0,27,15,1,78,71,1,2,1,1,0,1,0
5533,STU04751,21,66,1,1,0,1,0,21,18,1,61,92,1,1,0,0,0,0,1
5534,STU04752,21,66,1,1,0,1,0,27,15,1,78,71,1,2,1,1,0,1,0
5535,STU04753,21,66,1,1,2,1,0,21,18,1,61,92,1,1,0,0,0,0,1
5536,STU04754,21,66,1,1,2,1,0,27,15,1,78,71,1,2,1,1,0,1,0
5539,STU04755,18,69,1,0,0,0,0,27,8,0,89,72,1,2,1,1,0,1,0
5540,STU04756,18,69,1,0,0,0,0,28,15,0,81,79,0,2,1,1,0,1,0
5541,STU04757,18,69,1,0,0,0,0,26,9,0,65,64,1,1,2,2,0,1,0
5542,STU04758,18,69,2,1,1,1,0,27,8,0,89,72,1,2,1,1,0,1,0
5543,STU04759,18,69,2,1,1,1,0,28,15,0,81,79,0,2,1,1,0,1,0
5544,STU04760,18,69,2,1,1,1,0,26,9,0,65,64,1,1,2,2,0,1,0
5551,STU04761,20,89,1,1,1,1,1,22,19,1,92,68,1,2,2,2,1,0,0
5552,STU04762,20,89,1,1,1,1,1,19,3,1,79,57,0,0,2,2,1,0,0
5553,STU04763,20,89,1,1,1,1,1,21,20,1,81,99,1,2,0,0,0,0,0
5554,STU04764,20,89,1,1,1,1,1,29,4,1,55,41,0,2,3,3,0,1,0
5559,STU04765,20,89,1,1,0,1,1,22,19,1,92,68,1,2,2,2,1,0,0
5560,STU04766,20,89,1,1,0,1,1,19,3,1,79,57,0,0,2,2,1,0,0
5561,STU04767,20,89,1,1,0,1,1,21,20,1,81,99,1,2,0,0,0,0,0
5562,STU04768,20,89,1,1,0,1,1,29,4,1,55,41,0,2,3,3,0,1,0
5563,STU04769,20,89,2,1,0,1,1,22,19,1,92,68,1,2,2,2,1,0,0
5564,STU04770,20,89,2,1,0,1,1,19,3,1,79,57,0,0,2,2,1,0,0
5565,STU04771,20,89,2,1,0,1,1,21,20,1,81,99,1,2,0,0,0,0,0
5566,STU04772,20,89,2,1,0,1,1,29,4,1,55,41,0,2,3,3,0,1,0
5571,STU04773,20,89,1,1,2,1,1,22,19,1,92,68,1,2,2,2,1,0,0
5572,STU04774,20,89,1,1,2,1,1,19,3,1,79,57,0,0,2,2,1,0,0
5573,STU04775,20,89,1,1,2,1,1,21,20,1,81,99,1,2,0,0,0,0,0
5574,STU04776,20,89,1,1,2,1,1,29,4,1,55,41,0,2,3,3,0,1,0
5579,STU04777,20,89,0,1,0,1,1,22,19,1,92,68,1,2,2,2,1,0,0
5580,STU04778,20,89,0,1,0,1,1,19,3,1,79,57,0,0,2,2,1,0,0
5581,STU04779,20,89,0,1,0,1,1,21,20,1,81,99,1,2,0,0,0,0,0
5582,STU04780,20,89,0,1,0,1,1,29,4,1,55,41,0,2,3,3,0,1,0
5583,STU04781,20,89,2,0,0,1,1,22,19,1,92,68,1,2,2,2,1,0,0
5584,STU04782,20,89,2,0,0,1,1,19,3,1,79,57,0,0,2,2,1,0,0
5585,STU04783,20,89,2,0,0,1,1,21,20,1,81,99,1,2,0,0,0,0,0
5586,STU04784,20,89,2,0,0,1,1,29,4,1,55,41,0,2,3,3,0,1,0
5587,STU04785,20,89,2,0,1,1,1,22,19,1,92,68,1,2,2,2,1,0,0
5588,STU04786,20,89,2,0,1,1,1,19,3,1,79,57,0,0,2,2,1,0,0
5589,STU04787,20,89,2,0,1,1,1,21,20,1,81,99,1,2,0,0,0,0,0
5590,STU04788,20,89,2,0,1,1,1,29,4,1,55,41,0,2,3,3,0,1,0
5591,STU04789,10,81,0,1,0,1,1,27,0,0,63,81,1,2,1,1,0,0,0
5592,STU04790,10,81,1,1,1,1,1,27,0,0,63,81,1,2,1,1,0,0,0
5593,STU04791,10,81,2,0,1,1,1,27,0,0,63,81,1,2,1,1,0,0,0
5594,STU04792,12,82,1,0,2,1,0,18,17,0,74,66,1,1,2,2,0,1,0
5595,STU04793,12,82,1,0,2,1,0,25,12,0,83,41,0,0,3,3,0,0,0
5596,STU04794,12,82,1,1,2,1,0,18,17,0,74,66,1,1,2,2,0,1,0
5597,STU04795,12,82,1,1,2,1,0,25,12,0,83,41,0,0,3,3,0,0,0
5598,STU04796,12,82,0,0,0,1,0,18,17,0,74,66,1,1,2,2,0,1,0
5599,STU04797,12,82,0,0,0,1,0,25,12,0,83,41,0,0,3,3,0,0,0
5600,STU04798,24,78,0,1,2,1,1,27,9,1,89,55,1,2,2,2,0,0,1
5601,STU04799,24,78,0,1,2,1,1,23,9,0,59,55,1,1,2,2,1,0,0
5602,STU04800,24,78,0,1,2,1,1,23,11,1,66,98,1,2,0,0,0,0,0
5603,STU04801,24,78,0,1,2,1,1,29,12,1,71,64,1,2,2,2,1,0,0
5604,STU04802,24,78,2,1,1,1,1,27,9,1,89,55,1,2,2,2,0,0,1
5605,STU04803,24,78,2,1,1,1,1,23,9,0,59,55,1,1,2,2,1,0,0
5606,STU04804,24,78,2,1,1,1,1,23,11,1,66,98,1,2,0,0,0,0,0
5607,STU04805,24,78,2,1,1,1,1,29,12,1,71,64,1,2,2,2,1,0,0
5608,STU04806,24,78,1,1,0,1,1,27,9,1,89,55,1,2,2,2,0,0,1
5609,STU04807,24,78,1,1,0,1,1,23,9,0,59,55,1,1,2,2,1,0,0
5610,STU04808,24,78,1,1,0,1,1,23,11,1,66,98,1,2,0,0,0,0,0
5611,STU04809,24,78,1,1,0,1,1,29,12,1,71,64,1,2,2,2,1,0,0
5612,STU04810,21,73,1,0,1,1,1,25,14,1,81,90,1,0,0,0,1,0,0
5613,STU04811,21,73,1,0,1,1,1,25,14,0,89,87,1,2,0,0,0,0,1
5614,STU04812,21,73,1,1,2,1,1,25,14,1,81,90,1,0,0,0,1,0,0
5615,STU04813,21,73,1,1,2,1,1,25,14,0,89,87,1,2,0,0,0,0,1
5616,STU04814,21,73,1,1,1,1,1,25,14,1,81,90,1,0,0,0,1,0,0
5617,STU04815,21,73,1,1,1,1,1,25,14,0,89,87,1,2,0,0,0,0,1
5620,STU04816,21,73,1,0,2,1,1,25,14,1,81,90,1,0,0,0,1,0,0
5621,STU04817,21,73,1,0,2,1,1,25,14,0,89,87,1,2,0,0,0,0,1
5622,STU04818,21,73,1,0,1,0,1,25,14,1,81,90,1,0,0,0,1,0,0
5623,STU04819,21,73,1,0,1,0,1,25,14,0,89,87,1,2,0,0,0,0,1
5626,STU04820,20,84,1,1,0,1,1,23,8,0,59,77,1,2,1,1,0,0,1
5627,STU04821,20,84,1,1,0,1,1,23,9,1,82,98,1,1,0,0,1,0,0
5628,STU04822,20,84,1,1,0,1,1,24,19,1,100,62,1,1,2,2,0,0,0
5629,STU04823,20,84,1,0,1,1,1,23,8,0,59,77,1,2,1,1,0,0,1
5630,STU04824,20,84,1,0,1,1,1,23,9,1,82,98,1,1,0,0,1,0,0
5631,STU04825,20,84,1,0,1,1,1,24,19,1,100,62,1,1,2,2,0,0,0
5632,STU04826,20,84,1,0,0,1,1,23,8,0,59,77,1,2,1,1,0,0,1
5633,STU04827,20,84,1,0,0,1,1,23,9,1,82,98,1,1,0,0,1,0,0
5634,STU04828,20,84,1,0,0,1,1,24,19,1,100,62,1,1,2,2,0,0,0
5635,STU04829,20,84,1,1,2,1,1,23,8,0,59,77,1,2,1,1,0,0,1
5636,STU04830,20,84,1,1,2,1,1,23,9,1,82,98,1,1,0,0,1,0,0
5637,STU04831,20,84,1,1,2,1,1,24,19,1,100,62,1,1,2,2,0,0,0
5638,STU04832,20,84,2,0,1,1,1,23,8,0,59,77,1,2,1,1,0,0,1
5639,STU04833,20,84,2,0,1,1,1,23,9,1,82,98,1,1,0,0,1,0,0
5640,STU04834,20,84,2,0,1,1,1,24,19,1,100,62,1,1,2,2,0,0,0
5641,STU04835,20,84,0,0,1,1,1,23,8,0,59,77,1,2,1,1,0,0,1
5642,STU04836,20,84,0,0,1,1,1,23,9,1,82,98,1,1,0,0,1,0,0
5643,STU04837,20,84,0,0,1,1,1,24,19,1,100,62,1,1,2,2,0,0,0
5644,STU04838,20,84,1,1,1,1,1,23,8,0,59,77,1,2,1,1,0,0,1
5645,STU04839,20,84,1,1,1,1,1,23,9,1,82,98,1,1,0,0,1,0,0
5646,STU04840,20,84,1,1,1,1,1,24,19,1,100,62,1,1,2,2,0,0,0
5650,STU04841,17,98,2,0,0,1,1,20,2,0,53,98,1,0,0,0,0,1,0
5651,STU04842,17,98,2,0,0,1,1,20,4,1,77,84,1,2,1,1,1,0,0
5652,STU04843,17,98,2,0,0,1,1,26,2,1,68,95,1,1,0,0,0,0,0
5653,STU04844,17,98,2,0,0,1,1,28,9,1,75,99,1,2,0,0,0,1,0
5654,STU04845,17,98,2,1,0,1,1,20,2,0,53,98,1,0,0,0,0,1,0
5655,STU04846,17,98,2,1,0,1,1,20,4,1,77,84,1,2,1,1,1,0,0
5656,STU04847,17,98,2,1,0,1,1,26,2,1,68,95,1,1,0,0,0,0,0
5657,STU04848,17,98,2,1,0,1,1,28,9,1,75,99,1,2,0,0,0,1,0
5662,STU04849,17,98,1,0,1,1,1,20,2,0,53,98,1,0,0,0,0,1,0
5663,STU04850,17,98,1,0,1,1,1,20,4,1,77,84,1,2,1,1,1,0,0
5664,STU04851,17,98,1,0,1,1,1,26,2,1,68,95,1,1,0,0,0,0,0
5665,STU04852,17,98,1,0,1,1,1,28,9,1,75,99,1,2,0,0,0,1,0
5670,STU04853,17,98,2,1,1,1,1,20,2,0,53,98,1,0,0,0,0,1,0
5671,STU04854,17,98,2,1,1,1,1,20,4,1,77,84,1,2,1,1,1,0,0
5672,STU04855,17,98,2,1,1,1,1,26,2,1,68,95,1,1,0,0,0,0,0
5673,STU04856,17,98,2,1,1,1,1,28,9,1,75,99,1,2,0,0,0,1,0
5674,STU04857,17,98,2,1,2,1,1,20,2,0,53,98,1,0,0,0,0,1,0
5675,STU04858,17,98,2,1,2,1,1,20,4,1,77,84,1,2,1,1,1,0,0
5676,STU04859,17,98,2,1,2,1,1,26,2,1,68,95,1,1,0,0,0,0,0
5677,STU04860,17,98,2,1,2,1,1,28,9,1,75,99,1,2,0,0,0,1,0
5678,STU04861,17,98,2,0,1,1,1,20,2,0,53,98,1,0,0,0,0,1,0
5679,STU04862,17,98,2,0,1,1,1,20,4,1,77,84,1,2,1,1,1,0,0
5680,STU04863,17,98,2,0,1,1,1,26,2,1,68,95,1,1,0,0,0,0,0
5681,STU04864,17,98,2,0,1,1,1,28,9,1,75,99,1,2,0,0,0,1,0
5682,STU04865,17,98,1,0,0,1,1,20,2,0,53,98,1,0,0,0,0,1,0
5683,STU04866,17,98,1,0,0,1,1,20,4,1,77,84,1,2,1,1,1,0,0
5684,STU04867,17,98,1,0,0,1,1,26,2,1,68,95,1,1,0,0,0,0,0
5685,STU04868,17,98,1,0,0,1,1,28,9,1,75,99,1,2,0,0,0,1,0
5686,STU04869,15,94,1,0,0,1,1,21,14,0,60,69,1,2,2,2,0,0,0
5687,STU04870,15,94,0,0,1,1,1,21,14,0,60,69,1,2,2,2,0,0,0
5688,STU04871,15,94,0,1,1,1,1,21,14,0,60,69,1,2,2,2,0,0,0
5689,STU04872,15,94,1,0,1,1,1,21,14,0,60,69,1,2,2,2,0,0,0
5690,STU04873,15,94,2,1,1,1,1,21,14,0,60,69,1,2,2,2,0,0,0
5691,STU04874,21,96,2,0,1,1,0,20,18,1,81,55,1,0,2,2,0,0,0
5693,STU04875,21,96,2,1,0,1,0,20,18,1,81,55,1,0,2,2,0,0,0
5694,STU04876,21,96,1,1,2,0,0,20,18,1,81,55,1,0,2,2,0,0,0
5695,STU04877,21,96,1,1,1,1,0,20,18,1,81,55,1,0,2,2,0,0,0
5696,STU04878,14,79,1,1,1,1,1,26,10,0,63,68,1,0,2,2,0,0,0
5697,STU04879,14,79,0,1,1,1,1,26,10,0,63,68,1,0,2,2,0,0,0
5700,STU04880,14,79,1,0,1,1,1,26,10,0,63,68,1,0,2,2,0,0,0
5702,STU04881,26,76,1,0,0,1,0,26,3,1,53,48,0,1,3,3,1,0,0
5703,STU04882,26,76,1,0,0,1,0,29,14,1,84,40,1,2,3,3,0,0,1
5704,STU04883,26,76,1,0,0,1,0,28,19,0,77,73,1,2,1,1,0,0,1
5705,STU04884,26,76,0,1,1,1,0,26,3,1,53,48,0,1,3,3,1,0,0
5706,STU04885,26,76,0,1,1,1,0,29,14,1,84,40,1,2,3,3,0,0,1
5707,STU04886,26,76,0,1,1,1,0,28,19,0,77,73,1,2,1,1,0,0,1
5708,STU04887,22,77,1,1,1,1,1,26,12,1,60,65,1,0,2,2,0,0,1
5709,STU04888,22,77,1,1,1,1,1,27,10,0,68,96,1,1,0,0,0,0,1
5710,STU04889,22,77,1,1,1,1,1,25,7,0,65,47,0,1,3,3,0,1,0
5711,STU04890,22,77,1,1,1,0,1,26,12,1,60,65,1,0,2,2,0,0,1
5712,STU04891,22,77,1,1,1,0,1,27,10,0,68,96,1,1,0,0,0,0,1
5713,STU04892,22,77,1,1,1,0,1,25,7,0,65,47,0,1,3,3,0,1,0
5714,STU04893,22,77,0,1,1,1,1,26,12,1,60,65,1,0,2,2,0,0,1
5715,STU04894,22,77,0,1,1,1,1,27,10,0,68,96,1,1,0,0,0,0,1
5716,STU04895,22,77,0,1,1,1,1,25,7,0,65,47,0,1,3,3,0,1,0
5717,STU04896,22,77,1,1,2,1,1,26,12,1,60,65,1,0,2,2,0,0,1
5718,STU04897,22,77,1,1,2,1,1,27,10,0,68,96,1,1,0,0,0,0,1
5719,STU04898,22,77,1,1,2,1,1,25,7,0,65,47,0,1,3,3,0,1,0
5723,STU04899,22,77,2,0,0,1,1,26,12,1,60,65,1,0,2,2,0,0,1
5724,STU04900,22,77,2,0,0,1,1,27,10,0,68,96,1,1,0,0,0,0,1
5725,STU04901,22,77,2,0,0,1,1,25,7,0,65,47,0,1,3,3,0,1,0
5729,STU04902,22,77,0,0,1,1,1,26,12,1,60,65,1,0,2,2,0,0,1
5730,STU04903,22,77,0,0,1,1,1,27,10,0,68,96,1,1,0,0,0,0,1
5731,STU04904,22,77,0,0,1,1,1,25,7,0,65,47,0,1,3,3,0,1,0
5732,STU04905,26,84,2,0,1,0,1,28,5,1,67,75,1,1,1,1,1,0,0
5733,STU04906,26,84,2,0,1,0,1,20,6,1,93,53,0,0,3,3,0,0,0
5734,STU04907,26,84,1,0,0,1,1,28,5,1,67,75,1,1,1,1,1,0,0
5735,STU04908,26,84,1,0,0,1,1,20,6,1,93,53,0,0,3,3,0,0,0
5736,STU04909,26,84,1,0,1,1,1,28,5,1,67,75,1,1,1,1,1,0,0
5737,STU04910,26,84,1,0,1,1,1,20,6,1,93,53,0,0,3,3,0,0,0
5738,STU04911,26,84,1,0,1,0,1,28,5,1,67,75,1,1,1,1,1,0,0
5739,STU04912,26,84,1,0,1,0,1,20,6,1,93,53,0,0,3,3,0,0,0
5740,STU04913,30,88,1,1,1,1,1,21,13,0,78,61,1,1,2,2,0,1,0
5741,STU04914,30,88,1,1,1,1,1,28,15,0,58,76,1,1,1,1,1,0,0
5742,STU04915,30,88,1,1,1,1,1,29,18,0,51,49,1,0,3,3,0,1,0
5743,STU04916,30,88,1,1,2,1,1,21,13,0,78,61,1,1,2,2,0,1,0
5744,STU04917,30,88,1,1,2,1,1,28,15,0,58,76,1,1,1,1,1,0,0
5745,STU04918,30,88,1,1,2,1,1,29,18,0,51,49,1,0,3,3,0,1,0
5746,STU04919,26,98,0,1,2,1,1,27,16,1,53,78,1,2,1,1,0,0,0
5747,STU04920,26,98,0,1,2,1,1,18,16,0,68,73,1,2,1,1,0,0,1
5748,STU04921,26,98,0,1,2,1,1,19,12,0,72,86,0,0,0,0,1,0,0
5749,STU04922,26,98,0,1,2,1,1,22,17,1,52,91,0,2,0,0,0,0,1
5750,STU04923,26,98,2,1,0,1,1,27,16,1,53,78,1,2,1,1,0,0,0
5751,STU04924,26,98,2,1,0,1,1,18,16,0,68,73,1,2,1,1,0,0,1
5752,STU04925,26,98,2,1,0,1,1,19,12,0,72,86,0,0,0,0,1,0,0
5753,STU04926,26,98,2,1,0,1,1,22,17,1,52,91,0,2,0,0,0,0,1
5754,STU04927,26,98,2,1,1,1,1,27,16,1,53,78,1,2,1,1,0,0,0
5755,STU04928,26,98,2,1,1,1,1,18,16,0,68,73,1,2,1,1,0,0,1
5756,STU04929,26,98,2,1,1,1,1,19,12,0,72,86,0,0,0,0,1,0,0
5757,STU04930,26,98,2,1,1,1,1,22,17,1,52,91,0,2,0,0,0,0,1
5758,STU04931,26,98,1,1,0,1,1,27,16,1,53,78,1,2,1,1,0,0,0
5759,STU04932,26,98,1,1,0,1,1,18,16,0,68,73,1,2,1,1,0,0,1
5760,STU04933,26,98,1,1,0,1,1,19,12,0,72,86,0,0,0,0,1,0,0
5761,STU04934,26,98,1,1,0,1,1,22,17,1,52,91,0,2,0,0,0,0,1
5762,STU04935,26,98,1,0,1,1,1,27,16,1,53,78,1,2,1,1,0,0,0
5763,STU04936,26,98,1,0,1,1,1,18,16,0,68,73,1,2,1,1,0,0,1
5764,STU04937,26,98,1,0,1,1,1,19,12,0,72,86,0,0,0,0,1,0,0
5765,STU04938,26,98,1,0,1,1,1,22,17,1,52,91,0,2,0,0,0,0,1
5766,STU04939,26,98,0,1,1,1,1,27,16,1,53,78,1,2,1,1,0,0,0
5767,STU04940,26,98,0,1,1,1,1,18,16,0,68,73,1,2,1,1,0,0,1
5768,STU04941,26,98,0,1,1,1,1,19,12,0,72,86,0,0,0,0,1,0,0
5769,STU04942,26,98,0,1,1,1,1,22,17,1,52,91,0,2,0,0,0,0,1
5770,STU04943,16,81,1,1,1,1,1,18,11,0,73,50,0,1,3,3,0,0,1
5771,STU04944,16,81,2,0,1,1,1,18,11,0,73,50,0,1,3,3,0,0,1
5772,STU04945,16,81,2,1,2,0,1,18,11,0,73,50,0,1,3,3,0,0,1
5773,STU04946,16,81,1,1,2,1,1,18,11,0,73,50,0,1,3,3,0,0,1
5774,STU04947,16,81,1,0,2,1,1,18,11,0,73,50,0,1,3,3,0,0,1
5775,STU04948,23,91,2,1,0,1,0,27,6,1,58,73,1,2,1,1,0,0,0
5776,STU04949,23,91,1,0,1,1,0,27,6,1,58,73,1,2,1,1,0,0,0
5777,STU04950,23,91,0,1,2,1,0,27,6,1,58,73,1,2,1,1,0,0,0
5778,STU04951,23,91,0,1,1,1,0,27,6,1,58,73,1,2,1,1,0,0,0
5779,STU04952,16,82,2,1,0,1,0,22,9,0,65,69,1,2,2,2,1,0,0
5780,STU04953,16,82,2,1,0,1,0,26,16,1,61,61,1,1,2,2,1,0,0
5781,STU04954,16,82,2,1,0,1,0,18,5,0,58,85,0,0,0,0,0,0,0
5782,STU04955,16,82,0,1,1,1,0,22,9,0,65,69,1,2,2,2,1,0,0
5783,STU04956,16,82,0,1,1,1,0,26,16,1,61,61,1,1,2,2,1,0,0
5784,STU04957,16,82,0,1,1,1,0,18,5,0,58,85,0,0,0,0,0,0,0
5785,STU04958,16,82,2,0,1,1,0,22,9,0,65,69,1,2,2,2,1,0,0
5786,STU04959,16,82,2,0,1,1,0,26,16,1,61,61,1,1,2,2,1,0,0
5787,STU04960,16,82,2,0,1,1,0,18,5,0,58,85,0,0,0,0,0,0,0
5788,STU04961,16,82,1,0,1,1,0,22,9,0,65,69,1,2,2,2,1,0,0
5789,STU04962,16,82,1,0,1,1,0,26,16,1,61,61,1,1,2,2,1,0,0
5790,STU04963,16,82,1,0,1,1,0,18,5,0,58,85,0,0,0,0,0,0,0
5791,STU04964,16,82,1,1,2,1,0,22,9,0,65,69,1,2,2,2,1,0,0
5792,STU04965,16,82,1,1,2,1,0,26,16,1,61,61,1,1,2,2,1,0,0
5793,STU04966,16,82,1,1,2,1,0,18,5,0,58,85,0,0,0,0,0,0,0
5794,STU04967,16,82,1,0,0,1,0,22,9,0,65,69,1,2,2,2,1,0,0
5795,STU04968,16,82,1,0,0,1,0,26,16,1,61,61,1,1,2,2,1,0,0
5796,STU04969,16,82,1,0,0,1,0,18,5,0,58,85,0,0,0,0,0,0,0
5803,STU04970,16,79,1,1,1,1,0,18,16,0,90,80,1,2,1,1,1,0,0
5804,STU04971,16,79,1,1,1,1,0,21,15,1,52,43,1,2,3,3,0,0,0
5805,STU04972,16,79,1,1,1,1,0,24,15,1,100,78,1,0,1,1,1,0,0
5806,STU04973,16,79,1,1,1,1,0,21,11,0,70,83,1,0,1,1,0,0,1
5807,STU04974,16,79,1,1,1,1,0,29,14,0,73,47,1,2,3,3,0,0,0
5808,STU04975,16,79,2,1,1,1,0,18,16,0,90,80,1,2,1,1,1,0,0
5809,STU04976,16,79,2,1,1,1,0,21,15,1,52,43,1,2,3,3,0,0,0
5810,STU04977,16,79,2,1,1,1,0,24,15,1,100,78,1,0,1,1,1,0,0
5811,STU04978,16,79,2,1,1,1,0,21,11,0,70,83,1,0,1,1,0,0,1
5812,STU04979,16,79,2,1,1,1,0,29,14,0,73,47,1,2,3,3,0,0,0
5813,STU04980,16,79,1,0,0,1,0,18,16,0,90,80,1,2,1,1,1,0,0
5814,STU04981,16,79,1,0,0,1,0,21,15,1,52,43,1,2,3,3,0,0,0
5815,STU04982,16,79,1,0,0,1,0,24,15,1,100,78,1,0,1,1,1,0,0
5816,STU04983,16,79,1,0,0,1,0,21,11,0,70,83,1,0,1,1,0,0,1
5817,STU04984,16,79,1,0,0,1,0,29,14,0,73,47,1,2,3,3,0,0,0
5818,STU04985,12,85,2,1,2,1,0,29,2,0,93,97,0,1,0,0,0,1,0
5819,STU04986,12,85,2,1,2,1,0,23,3,1,91,73,1,2,1,1,0,0,1
5820,STU04987,12,85,2,1,2,1,0,24,2,1,56,76,1,1,1,1,0,0,0
5821,STU04988,12,85,2,1,2,1,0,25,5,0,58,89,0,2,0,0,0,1,0
5822,STU04989,14,76,1,1,0,1,1,27,5,1,88,56,1,1,2,2,0,1,0
5823,STU04990,14,76,1,1,0,1,1,20,17,0,76,60,1,1,2,2,0,0,1
5824,STU04991,14,76,1,1,1,1,1,27,5,1,88,56,1,1,2,2,0,1,0
5825,STU04992,14,76,1,1,1,1,1,20,17,0,76,60,1,1,2,2,0,0,1
5826,STU04993,14,76,0,0,0,0,1,27,5,1,88,56,1,1,2,2,0,1,0
5827,STU04994,14,76,0,0,0,0,1,20,17,0,76,60,1,1,2,2,0,0,1
5828,STU04995,14,76,1,0,2,1,1,27,5,1,88,56,1,1,2,2,0,1,0
5829,STU04996,14,76,1,0,2,1,1,20,17,0,76,60,1,1,2,2,0,0,1
5830,STU04997,14,76,1,0,0,1,1,27,5,1,88,56,1,1,2,2,0,1,0
5831,STU04998,14,76,1,0,0,1,1,20,17,0,76,60,1,1,2,2,0,0,1
5832,STU04999,14,76,1,0,1,1,1,27,5,1,88,56,1,1,2,2,0,1,0
5833,STU05000,14,76,1,0,1,1,1,20,17,0,76,60,1,1,2,2,0,0,1
5834,STU05001,12,68,2,1,1,1,1,22,9,1,58,85,1,2,0,0,0,0,0
5835,STU05002,12,68,2,1,1,1,1,29,6,0,58,68,1,0,2,2,0,1,0
5836,STU05003,12,68,2,1,1,1,1,21,11,1,95,46,0,2,3,3,0,0,0
5837,STU05004,12,68,2,0,1,1,1,22,9,1,58,85,1,2,0,0,0,0,0
5838,STU05005,12,68,2,0,1,1,1,29,6,0,58,68,1,0,2,2,0,1,0
5839,STU05006,12,68,2,0,1,1,1,21,11,1,95,46,0,2,3,3,0,0,0
5840,STU05007,12,68,0,0,0,1,1,22,9,1,58,85,1,2,0,0,0,0,0
5841,STU05008,12,68,0,0,0,1,1,29,6,0,58,68,1,0,2,2,0,1,0
5842,STU05009,12,68,0,0,0,1,1,21,11,1,95,46,0,2,3,3,0,0,0
5843,STU05010,12,68,1,1,0,1,1,22,9,1,58,85,1,2,0,0,0,0,0
5844,STU05011,12,68,1,1,0,1,1,29,6,0,58,68,1,0,2,2,0,1,0
5845,STU05012,12,68,1,1,0,1,1,21,11,1,95,46,0,2,3,3,0,0,0
5846,STU05013,26,80,0,1,1,1,1,22,13,0,96,90,1,2,0,0,0,1,0
5847,STU05014,26,80,0,1,1,1,1,19,18,1,82,66,1,1,2,2,1,0,0
5848,STU05015,26,80,1,1,1,1,1,22,13,0,96,90,1,2,0,0,0,1,0
5849,STU05016,26,80,1,1,1,1,1,19,18,1,82,66,1,1,2,2,1,0,0
5852,STU05017,26,80,1,0,0,1,1,22,13,0,96,90,1,2,0,0,0,1,0
5853,STU05018,26,80,1,0,0,1,1,19,18,1,82,66,1,1,2,2,1,0,0
5854,STU05019,26,80,0,0,2,1,1,22,13,0,96,90,1,2,0,0,0,1,0
5855,STU05020,26,80,0,0,2,1,1,19,18,1,82,66,1,1,2,2,1,0,0
5856,STU05021,26,80,1,1,1,0,1,22,13,0,96,90,1,2,0,0,0,1,0
5857,STU05022,26,80,1,1,1,0,1,19,18,1,82,66,1,1,2,2,1,0,0
5858,STU05023,14,89,0,1,0,0,0,28,4,1,62,68,1,2,2,2,0,1,0
5859,STU05024,14,89,0,1,0,0,0,21,6,1,70,68,1,2,2,2,1,0,0
5860,STU05025,14,89,0,1,0,0,0,24,12,1,86,49,0,2,3,3,0,0,0
5861,STU05026,14,89,1,0,2,1,0,28,4,1,62,68,1,2,2,2,0,1,0
5862,STU05027,14,89,1,0,2,1,0,21,6,1,70,68,1,2,2,2,1,0,0
5863,STU05028,14,89,1,0,2,1,0,24,12,1,86,49,0,2,3,3,0,0,0
5864,STU05029,14,89,0,0,0,1,0,28,4,1,62,68,1,2,2,2,0,1,0
5865,STU05030,14,89,0,0,0,1,0,21,6,1,70,68,1,2,2,2,1,0,0
5866,STU05031,14,89,0,0,0,1,0,24,12,1,86,49,0,2,3,3,0,0,0
5867,STU05032,21,76,1,0,1,1,0,27,17,0,67,73,1,2,1,1,0,0,1
5868,STU05033,21,76,1,0,0,1,0,27,17,0,67,73,1,2,1,1,0,0,1
5869,STU05034,21,76,2,1,0,1,0,27,17,0,67,73,1,2,1,1,0,0,1
5870,STU05035,21,76,2,0,1,1,0,27,17,0,67,73,1,2,1,1,0,0,1
5871,STU05036,21,76,1,1,0,1,0,27,17,0,67,73,1,2,1,1,0,0,1
5872,STU05037,24,82,1,1,1,1,0,23,18,0,92,86,1,2,0,0,0,0,1
5873,STU05038,24,82,1,1,1,1,0,21,1,0,55,42,0,2,3,3,0,1,0
5874,STU05039,24,82,1,1,1,1,0,25,12,1,76,42,1,0,3,3,0,0,0
5875,STU05040,24,82,1,1,1,1,0,27,10,1,59,40,1,1,3,3,1,0,0
5876,STU05041,24,82,1,0,1,1,0,23,18,0,92,86,1,2,0,0,0,0,1
5877,STU05042,24,82,1,0,1,1,0,21,1,0,55,42,0,2,3,3,0,1,0
5878,STU05043,24,82,1,0,1,1,0,25,12,1,76,42,1,0,3,3,0,0,0
5879,STU05044,24,82,1,0,1,1,0,27,10,1,59,40,1,1,3,3,1,0,0
5880,STU05045,35,65,1,1,2,1,1,27,20,1,95,59,0,1,2,2,0,0,1
5881,STU05046,35,65,1,1,2,1,1,25,17,1,94,98,0,2,0,0,1,0,0
5882,STU05047,19,80,0,0,1,1,1,23,7,0,55,49,1,2,3,3,1,0,0
5883,STU05048,19,80,0,0,1,1,1,23,3,1,69,91,1,2,0,0,0,0,1
5884,STU05049,19,80,1,1,1,1,1,23,7,0,55,49,1,2,3,3,1,0,0
5885,STU05050,19,80,1,1,1,1,1,23,3,1,69,91,1,2,0,0,0,0,1
5886,STU05051,19,80,0,0,2,1,1,23,7,0,55,49,1,2,3,3,1,0,0
5887,STU05052,19,80,0,0,2,1,1,23,3,1,69,91,1,2,0,0,0,0,1
5888,STU05053,19,80,0,0,0,1,1,23,7,0,55,49,1,2,3,3,1,0,0
5889,STU05054,19,80,0,0,0,1,1,23,3,1,69,91,1,2,0,0,0,0,1
5890,STU05055,19,80,1,1,0,1,1,23,7,0,55,49,1,2,3,3,1,0,0
5891,STU05056,19,80,1,1,0,1,1,23,3,1,69,91,1,2,0,0,0,0,1
5892,STU05057,19,80,2,1,1,1,1,23,7,0,55,49,1,2,3,3,1,0,0
5893,STU05058,19,80,2,1,1,1,1,23,3,1,69,91,1,2,0,0,0,0,1
5894,STU05059,27,67,1,1,1,1,1,25,18,1,77,65,1,2,2,2,0,1,0
5895,STU05060,27,67,1,1,1,1,1,23,6,1,80,85,0,0,0,0,0,0,1
5896,STU05061,27,67,1,1,1,1,1,27,13,0,95,83,1,2,1,1,0,1,0
5897,STU05062,27,67,1,0,1,1,1,25,18,1,77,65,1,2,2,2,0,1,0
5898,STU05063,27,67,1,0,1,1,1,23,6,1,80,85,0,0,0,0,0,0,1
5899,STU05064,27,67,1,0,1,1,1,27,13,0,95,83,1,2,1,1,0,1,0
5900,STU05065,16,65,2,0,0,1,1,28,15,1,58,46,1,1,3,3,0,1,0
5901,STU05066,16,65,2,0,0,1,1,19,17,1,92,91,0,1,0,0,1,0,0
5902,STU05067,16,65,2,0,0,1,1,26,1,0,83,94,1,2,0,0,0,0,0
5903,STU05068,16,65,2,0,0,1,1,24,10,1,62,65,0,2,2,2,0,0,1
5904,STU05069,16,65,0,0,1,1,1,28,15,1,58,46,1,1,3,3,0,1,0
5905,STU05070,16,65,0,0,1,1,1,19,17,1,92,91,0,1,0,0,1,0,0
5906,STU05071,16,65,0,0,1,1,1,26,1,0,83,94,1,2,0,0,0,0,0
5907,STU05072,16,65,0,0,1,1,1,24,10,1,62,65,0,2,2,2,0,0,1
5908,STU05073,16,65,1,0,1,1,1,28,15,1,58,46,1,1,3,3,0,1,0
5909,STU05074,16,65,1,0,1,1,1,19,17,1,92,91,0,1,0,0,1,0,0
5910,STU05075,16,65,1,0,1,1,1,26,1,0,83,94,1,2,0,0,0,0,0
5911,STU05076,16,65,1,0,1,1,1,24,10,1,62,65,0,2,2,2,0,0,1
5912,STU05077,31,76,1,1,1,1,0,20,20,0,53,55,1,1,2,2,0,1,0
5913,STU05078,24,96,2,0,1,1,0,18,2,0,82,76,0,1,1,1,1,0,0
5914,STU05079,24,96,1,1,0,0,0,18,2,0,82,76,0,1,1,1,1,0,0
5915,STU05080,24,96,2,0,0,1,0,18,2,0,82,76,0,1,1,1,1,0,0
5916,STU05081,24,96,1,0,1,1,0,18,2,0,82,76,0,1,1,1,1,0,0
5917,STU05082,24,96,2,1,1,1,0,18,2,0,82,76,0,1,1,1,1,0,0
5919,STU05083,19,67,1,1,1,1,0,29,1,1,81,94,1,1,0,0,0,0,0
5920,STU05084,19,67,1,1,2,1,0,29,1,1,81,94,1,1,0,0,0,0,0
5921,STU05085,19,67,0,0,2,1,0,29,1,1,81,94,1,1,0,0,0,0,0
5922,STU05086,19,67,1,0,1,1,0,29,1,1,81,94,1,1,0,0,0,0,0
5923,STU05087,19,67,1,0,0,1,0,29,1,1,81,94,1,1,0,0,0,0,0
5925,STU05088,19,67,1,1,0,1,0,29,1,1,81,94,1,1,0,0,0,0,0
5926,STU05089,21,71,1,1,0,0,0,29,16,0,68,96,1,0,0,0,1,0,0
5927,STU05090,21,71,1,1,0,0,0,24,14,1,78,56,1,0,2,2,0,0,0
5928,STU05091,21,71,1,1,0,1,0,29,16,0,68,96,1,0,0,0,1,0,0
5929,STU05092,21,71,1,1,0,1,0,24,14,1,78,56,1,0,2,2,0,0,0
5930,STU05093,21,71,1,1,1,1,0,29,16,0,68,96,1,0,0,0,1,0,0
5931,STU05094,21,71,1,1,1,1,0,24,14,1,78,56,1,0,2,2,0,0,0
5932,STU05095,21,71,0,0,2,1,0,29,16,0,68,96,1,0,0,0,1,0,0
5933,STU05096,21,71,0,0,2,1,0,24,14,1,78,56,1,0,2,2,0,0,0
5934,STU05097,21,71,1,0,0,1,0,29,16,0,68,96,1,0,0,0,1,0,0
5935,STU05098,21,71,1,0,0,1,0,24,14,1,78,56,1,0,2,2,0,0,0
5936,STU05099,21,71,2,1,1,1,0,29,16,0,68,96,1,0,0,0,1,0,0
5937,STU05100,21,71,2,1,1,1,0,24,14,1,78,56,1,0,2,2,0,0,0
5938,STU05101,12,94,2,1,1,1,1,18,12,0,87,81,0,2,1,1,1,0,0
5939,STU05102,12,94,2,1,1,1,1,26,12,0,84,90,1,2,0,0,0,0,0
5940,STU05103,12,94,2,0,2,1,1,18,12,0,87,81,0,2,1,1,1,0,0
5941,STU05104,12,94,2,0,2,1,1,26,12,0,84,90,1,2,0,0,0,0,0
5942,STU05105,12,94,0,1,1,1,1,18,12,0,87,81,0,2,1,1,1,0,0
5943,STU05106,12,94,0,1,1,1,1,26,12,0,84,90,1,2,0,0,0,0,0
5944,STU05107,22,61,0,1,0,1,0,27,17,1,91,99,1,0,0,0,1,0,0
5945,STU05108,22,61,0,1,0,1,0,24,16,1,78,85,0,2,0,0,0,0,1
5946,STU05109,22,61,0,1,0,1,0,24,14,1,97,90,1,2,0,0,0,0,1
5947,STU05110,22,61,0,1,0,1,0,27,12,1,63,74,0,2,1,1,0,0,0
5948,STU05111,22,61,0,1,0,1,0,27,3,0,84,71,1,2,1,1,1,0,0
5949,STU05112,22,61,2,1,1,1,0,27,17,1,91,99,1,0,0,0,1,0,0
5950,STU05113,22,61,2,1,1,1,0,24,16,1,78,85,0,2,0,0,0,0,1
5951,STU05114,22,61,2,1,1,1,0,24,14,1,97,90,1,2,0,0,0,0,1
5952,STU05115,22,61,2,1,1,1,0,27,12,1,63,74,0,2,1,1,0,0,0
5953,STU05116,22,61,2,1,1,1,0,27,3,0,84,71,1,2,1,1,1,0,0
5954,STU05117,22,61,1,1,0,1,0,27,17,1,91,99,1,0,0,0,1,0,0
5955,STU05118,22,61,1,1,0,1,0,24,16,1,78,85,0,2,0,0,0,0,1
5956,STU05119,22,61,1,1,0,1,0,24,14,1,97,90,1,2,0,0,0,0,1
5957,STU05120,22,61,1,1,0,1,0,27,12,1,63,74,0,2,1,1,0,0,0
5958,STU05121,22,61,1,1,0,1,0,27,3,0,84,71,1,2,1,1,1,0,0
5959,STU05122,22,61,1,0,0,1,0,27,17,1,91,99,1,0,0,0,1,0,0
5960,STU05123,22,61,1,0,0,1,0,24,16,1,78,85,0,2,0,0,0,0,1
5961,STU05124,22,61,1,0,0,1,0,24,14,1,97,90,1,2,0,0,0,0,1
5962,STU05125,22,61,1,0,0,1,0,27,12,1,63,74,0,2,1,1,0,0,0
5963,STU05126,22,61,1,0,0,1,0,27,3,0,84,71,1,2,1,1,1,0,0
5964,STU05127,22,61,0,0,2,1,0,27,17,1,91,99,1,0,0,0,1,0,0
5965,STU05128,22,61,0,0,2,1,0,24,16,1,78,85,0,2,0,0,0,0,1
5966,STU05129,22,61,0,0,2,1,0,24,14,1,97,90,1,2,0,0,0,0,1
5967,STU05130,22,61,0,0,2,1,0,27,12,1,63,74,0,2,1,1,0,0,0
5968,STU05131,22,61,0,0,2,1,0,27,3,0,84,71,1,2,1,1,1,0,0
5969,STU05132,24,63,1,0,0,1,1,27,2,0,69,43,1,2,3,3,0,1,0
5970,STU05133,24,63,1,0,0,1,1,27,12,1,52,95,1,1,0,0,1,0,0
5971,STU05134,24,63,1,0,0,1,1,22,7,1,63,55,1,2,2,2,0,0,1
5972,STU05135,24,63,1,1,1,1,1,27,2,0,69,43,1,2,3,3,0,1,0
5973,STU05136,24,63,1,1,1,1,1,27,12,1,52,95,1,1,0,0,1,0,0
5974,STU05137,24,63,1,1,1,1,1,22,7,1,63,55,1,2,2,2,0,0,1
5975,STU05138,24,63,1,0,1,1,1,27,2,0,69,43,1,2,3,3,0,1,0
5976,STU05139,24,63,1,0,1,1,1,27,12,1,52,95,1,1,0,0,1,0,0
5977,STU05140,24,63,1,0,1,1,1,22,7,1,63,55,1,2,2,2,0,0,1
5981,STU05141,23,71,1,1,2,1,0,25,19,1,86,41,1,1,3,3,1,0,0
5982,STU05142,23,71,1,1,2,1,0,26,17,1,63,70,1,1,1,1,1,0,0
5983,STU05143,23,71,2,0,1,1,0,25,19,1,86,41,1,1,3,3,1,0,0
5984,STU05144,23,71,2,0,1,1,0,26,17,1,63,70,1,1,1,1,1,0,0
5985,STU05145,23,71,1,1,0,1,0,25,19,1,86,41,1,1,3,3,1,0,0
5986,STU05146,23,71,1,1,0,1,0,26,17,1,63,70,1,1,1,1,1,0,0
5987,STU05147,23,71,1,0,0,1,0,25,19,1,86,41,1,1,3,3,1,0,0
5988,STU05148,23,71,1,0,0,1,0,26,17,1,63,70,1,1,1,1,1,0,0
5989,STU05149,23,71,1,1,1,1,0,25,19,1,86,41,1,1,3,3,1,0,0
5990,STU05150,23,71,1,1,1,1,0,26,17,1,63,70,1,1,1,1,1,0,0
5991,STU05151,26,68,2,1,1,1,1,24,12,1,59,93,1,1,0,0,1,0,0
5992,STU05152,26,68,2,1,1,1,1,26,10,1,81,65,0,2,2,2,0,0,0
5993,STU05153,26,68,2,1,1,1,1,20,17,1,84,77,0,2,1,1,0,0,1
5994,STU05154,26,68,2,0,2,1,1,24,12,1,59,93,1,1,0,0,1,0,0
5995,STU05155,26,68,2,0,2,1,1,26,10,1,81,65,0,2,2,2,0,0,0
5996,STU05156,26,68,2,0,2,1,1,20,17,1,84,77,0,2,1,1,0,0,1
5997,STU05157,26,68,1,0,1,1,1,24,12,1,59,93,1,1,0,0,1,0,0
5998,STU05158,26,68,1,0,1,1,1,26,10,1,81,65,0,2,2,2,0,0,0
5999,STU05159,26,68,1,0,1,1,1,20,17,1,84,77,0,2,1,1,0,0,1
6000,STU05160,26,68,0,1,1,1,1,24,12,1,59,93,1,1,0,0,1,0,0
6001,STU05161,26,68,0,1,1,1,1,26,10,1,81,65,0,2,2,2,0,0,0
6002,STU05162,26,68,0,1,1,1,1,20,17,1,84,77,0,2,1,1,0,0,1
6003,STU05163,25,69,1,1,1,1,1,19,14,1,88,43,1,2,3,3,0,0,1
6004,STU05164,25,69,1,1,1,1,1,26,8,0,62,61,0,1,2,2,0,0,1
6005,STU05165,25,69,1,1,1,1,1,19,1,0,63,71,1,0,1,1,0,0,1
6006,STU05166,25,69,0,1,2,1,1,19,14,1,88,43,1,2,3,3,0,0,1
6007,STU05167,25,69,0,1,2,1,1,26,8,0,62,61,0,1,2,2,0,0,1
6008,STU05168,25,69,0,1,2,1,1,19,1,0,63,71,1,0,1,1,0,0,1
6009,STU05169,25,69,0,1,1,1,1,19,14,1,88,43,1,2,3,3,0,0,1
6010,STU05170,25,69,0,1,1,1,1,26,8,0,62,61,0,1,2,2,0,0,1
6011,STU05171,25,69,0,1,1,1,1,19,1,0,63,71,1,0,1,1,0,0,1
6015,STU05172,25,69,1,0,1,0,1,19,14,1,88,43,1,2,3,3,0,0,1
6016,STU05173,25,69,1,0,1,0,1,26,8,0,62,61,0,1,2,2,0,0,1
6017,STU05174,25,69,1,0,1,0,1,19,1,0,63,71,1,0,1,1,0,0,1
6018,STU05175,23,92,1,0,1,1,0,20,18,1,82,81,0,2,1,1,1,0,0
6019,STU05176,23,92,1,0,1,1,0,22,16,1,92,58,1,1,2,2,0,1,0
6020,STU05177,23,92,1,0,1,1,0,25,14,1,70,82,1,0,1,1,1,0,0
6021,STU05178,23,92,2,0,2,1,0,20,18,1,82,81,0,2,1,1,1,0,0
6022,STU05179,23,92,2,0,2,1,0,22,16,1,92,58,1,1,2,2,0,1,0
6023,STU05180,23,92,2,0,2,1,0,25,14,1,70,82,1,0,1,1,1,0,0
6024,STU05181,23,92,2,0,1,1,0,20,18,1,82,81,0,2,1,1,1,0,0
6025,STU05182,23,92,2,0,1,1,0,22,16,1,92,58,1,1,2,2,0,1,0
6026,STU05183,23,92,2,0,1,1,0,25,14,1,70,82,1,0,1,1,1,0,0
6027,STU05184,23,92,1,1,2,1,0,20,18,1,82,81,0,2,1,1,1,0,0
6028,STU05185,23,92,1,1,2,1,0,22,16,1,92,58,1,1,2,2,0,1,0
6029,STU05186,23,92,1,1,2,1,0,25,14,1,70,82,1,0,1,1,1,0,0
6033,STU05187,10,60,1,0,1,1,1,25,19,1,91,52,1,1,3,3,0,0,0
6034,STU05188,10,60,1,0,0,0,1,25,19,1,91,52,1,1,3,3,0,0,0
6035,STU05189,21,76,2,1,1,1,1,29,3,0,56,83,1,0,1,1,0,0,1
6036,STU05190,21,76,2,1,1,1,1,18,11,1,74,42,0,2,3,3,0,0,0
6037,STU05191,21,76,2,1,1,1,1,19,7,0,57,91,0,2,0,0,0,1,0
6038,STU05192,21,76,0,1,2,0,1,29,3,0,56,83,1,0,1,1,0,0,1
6039,STU05193,21,76,0,1,2,0,1,18,11,1,74,42,0,2,3,3,0,0,0
6040,STU05194,21,76,0,1,2,0,1,19,7,0,57,91,0,2,0,0,0,1,0
6041,STU05195,21,76,1,1,1,1,1,29,3,0,56,83,1,0,1,1,0,0,1
6042,STU05196,21,76,1,1,1,1,1,18,11,1,74,42,0,2,3,3,0,0,0
6043,STU05197,21,76,1,1,1,1,1,19,7,0,57,91,0,2,0,0,0,1,0
6050,STU05198,21,76,1,1,0,1,1,29,3,0,56,83,1,0,1,1,0,0,1
6051,STU05199,21,76,1,1,0,1,1,18,11,1,74,42,0,2,3,3,0,0,0
6052,STU05200,21,76,1,1,0,1,1,19,7,0,57,91,0,2,0,0,0,1,0
6053,STU05201,21,76,0,1,2,1,1,29,3,0,56,83,1,0,1,1,0,0,1
6054,STU05202,21,76,0,1,2,1,1,18,11,1,74,42,0,2,3,3,0,0,0
6055,STU05203,21,76,0,1,2,1,1,19,7,0,57,91,0,2,0,0,0,1,0
6056,STU05204,21,76,1,1,2,1,1,29,3,0,56,83,1,0,1,1,0,0,1
6057,STU05205,21,76,1,1,2,1,1,18,11,1,74,42,0,2,3,3,0,0,0
6058,STU05206,21,76,1,1,2,1,1,19,7,0,57,91,0,2,0,0,0,1,0
6059,STU05207,12,87,0,1,1,0,0,25,9,1,79,61,1,2,2,2,0,0,1
6060,STU05208,12,87,2,1,1,0,0,25,9,1,79,61,1,2,2,2,0,0,1
6061,STU05209,14,88,1,0,1,1,1,18,17,0,100,49,0,2,3,3,0,1,0
6062,STU05210,14,88,2,1,1,1,1,18,17,0,100,49,0,2,3,3,0,1,0
6063,STU05211,14,88,1,1,1,1,1,18,17,0,100,49,0,2,3,3,0,1,0
6064,STU05212,26,89,0,1,1,1,1,25,4,1,88,74,1,2,1,1,1,0,0
6065,STU05213,26,89,1,0,1,1,1,25,4,1,88,74,1,2,1,1,1,0,0
6066,STU05214,26,89,1,1,0,1,1,25,4,1,88,74,1,2,1,1,1,0,0
6067,STU05215,20,98,1,0,2,1,1,25,10,1,61,59,1,2,2,2,1,0,0
6068,STU05216,20,98,1,0,2,1,1,18,14,1,77,62,1,1,2,2,1,0,0
6069,STU05217,20,98,2,1,1,1,1,25,10,1,61,59,1,2,2,2,1,0,0
6070,STU05218,20,98,2,1,1,1,1,18,14,1,77,62,1,1,2,2,1,0,0
6071,STU05219,20,98,1,1,2,1,1,25,10,1,61,59,1,2,2,2,1,0,0
6072,STU05220,20,98,1,1,2,1,1,18,14,1,77,62,1,1,2,2,1,0,0
6077,STU05221,20,98,1,1,1,1,1,25,10,1,61,59,1,2,2,2,1,0,0
6078,STU05222,20,98,1,1,1,1,1,18,14,1,77,62,1,1,2,2,1,0,0
6079,STU05223,20,98,1,0,1,1,1,25,10,1,61,59,1,2,2,2,1,0,0
6080,STU05224,20,98,1,0,1,1,1,18,14,1,77,62,1,1,2,2,1,0,0
6081,STU05225,20,98,0,0,0,1,1,25,10,1,61,59,1,2,2,2,1,0,0
6082,STU05226,20,98,0,0,0,1,1,18,14,1,77,62,1,1,2,2,1,0,0
6085,STU05227,20,98,1,1,0,1,1,25,10,1,61,59,1,2,2,2,1,0,0
6086,STU05228,20,98,1,1,0,1,1,18,14,1,77,62,1,1,2,2,1,0,0
6087,STU05229,21,97,1,1,1,1,1,19,20,1,100,75,1,2,1,1,1,0,0
6088,STU05230,21,97,1,1,1,1,1,19,4,0,58,89,1,2,0,0,0,0,0
6089,STU05231,21,97,2,1,0,1,1,19,20,1,100,75,1,2,1,1,1,0,0
6090,STU05232,21,97,2,1,0,1,1,19,4,0,58,89,1,2,0,0,0,0,0
6093,STU05233,21,97,2,1,2,1,1,19,20,1,100,75,1,2,1,1,1,0,0
6094,STU05234,21,97,2,1,2,1,1,19,4,0,58,89,1,2,0,0,0,0,0
6095,STU05235,21,97,1,0,2,1,1,19,20,1,100,75,1,2,1,1,1,0,0
6096,STU05236,21,97,1,0,2,1,1,19,4,0,58,89,1,2,0,0,0,0,0
6097,STU05237,21,97,1,1,0,1,1,19,20,1,100,75,1,2,1,1,1,0,0
6098,STU05238,21,97,1,1,0,1,1,19,4,0,58,89,1,2,0,0,0,0,0
6099,STU05239,17,92,2,0,1,1,1,22,10,1,93,77,0,2,1,1,0,0,0
6100,STU05240,17,92,2,0,1,1,1,24,11,1,58,88,1,2,0,0,1,0,0
6101,STU05241,17,92,0,1,2,1,1,22,10,1,93,77,0,2,1,1,0,0,0
6102,STU05242,17,92,0,1,2,1,1,24,11,1,58,88,1,2,0,0,1,0,0
6103,STU05243,17,92,2,1,1,1,1,22,10,1,93,77,0,2,1,1,0,0,0
6104,STU05244,17,92,2,1,1,1,1,24,11,1,58,88,1,2,0,0,1,0,0
6105,STU05245,17,92,1,1,1,1,1,22,10,1,93,77,0,2,1,1,0,0,0
6106,STU05246,17,92,1,1,1,1,1,24,11,1,58,88,1,2,0,0,1,0,0
6107,STU05247,17,92,1,1,2,1,1,22,10,1,93,77,0,2,1,1,0,0,0
6108,STU05248,17,92,1,1,2,1,1,24,11,1,58,88,1,2,0,0,1,0,0
6109,STU05249,17,92,1,0,0,1,1,22,10,1,93,77,0,2,1,1,0,0,0
6110,STU05250,17,92,1,0,0,1,1,24,11,1,58,88,1,2,0,0,1,0,0
6111,STU05251,28,87,0,1,1,1,1,29,12,1,70,48,1,2,3,3,1,0,0
6112,STU05252,28,87,1,1,1,1,1,29,12,1,70,48,1,2,3,3,1,0,0
6113,STU05253,19,98,2,0,0,0,0,28,10,1,84,84,1,1,1,1,0,1,0
6114,STU05254,19,98,2,0,0,0,0,22,20,1,91,76,1,2,1,1,1,0,0
6115,STU05255,19,98,2,0,0,0,0,29,16,0,51,51,1,2,3,3,0,0,1
6116,STU05256,19,98,0,1,2,1,0,28,10,1,84,84,1,1,1,1,0,1,0
6117,STU05257,19,98,0,1,2,1,0,22,20,1,91,76,1,2,1,1,1,0,0
6118,STU05258,19,98,0,1,2,1,0,29,16,0,51,51,1,2,3,3,0,0,1
6119,STU05259,19,98,2,1,1,1,0,28,10,1,84,84,1,1,1,1,0,1,0
6120,STU05260,19,98,2,1,1,1,0,22,20,1,91,76,1,2,1,1,1,0,0
6121,STU05261,19,98,2,1,1,1,0,29,16,0,51,51,1,2,3,3,0,0,1
6122,STU05262,19,98,2,1,2,1,0,28,10,1,84,84,1,1,1,1,0,1,0
6123,STU05263,19,98,2,1,2,1,0,22,20,1,91,76,1,2,1,1,1,0,0
6124,STU05264,19,98,2,1,2,1,0,29,16,0,51,51,1,2,3,3,0,0,1
6125,STU05265,26,97,1,0,0,0,1,27,20,0,82,87,1,2,0,0,0,1,0
6126,STU05266,26,97,1,0,0,0,1,27,14,1,72,49,1,0,3,3,0,1,0
6127,STU05267,26,97,1,0,0,0,1,19,0,0,98,52,0,2,3,3,0,0,1
6128,STU05268,26,97,1,0,0,0,1,20,16,0,99,86,1,2,0,0,1,0,0
6129,STU05269,26,97,1,1,0,1,1,27,20,0,82,87,1,2,0,0,0,1,0
6130,STU05270,26,97,1,1,0,1,1,27,14,1,72,49,1,0,3,3,0,1,0
6131,STU05271,26,97,1,1,0,1,1,19,0,0,98,52,0,2,3,3,0,0,1
6132,STU05272,26,97,1,1,0,1,1,20,16,0,99,86,1,2,0,0,1,0,0
6133,STU05273,11,63,1,1,2,1,0,20,19,1,54,45,1,1,3,3,0,0,1
6134,STU05274,11,63,1,1,2,1,0,22,20,0,67,100,1,2,0,0,0,0,1
6135,STU05275,11,63,1,1,2,1,0,22,15,1,57,78,1,2,1,1,0,0,0
6136,STU05276,11,63,1,1,2,1,0,25,20,0,65,55,1,0,2,2,0,0,0
6137,STU05277,11,63,2,1,2,0,0,20,19,1,54,45,1,1,3,3,0,0,1
6138,STU05278,11,63,2,1,2,0,0,22,20,0,67,100,1,2,0,0,0,0,1
6139,STU05279,11,63,2,1,2,0,0,22,15,1,57,78,1,2,1,1,0,0,0
6140,STU05280,11,63,2,1,2,0,0,25,20,0,65,55,1,0,2,2,0,0,0
6145,STU05281,20,92,0,0,0,1,0,19,10,1,72,46,1,1,3,3,0,0,1
6146,STU05282,20,92,2,1,1,1,0,19,10,1,72,46,1,1,3,3,0,0,1
6147,STU05283,20,92,1,1,0,1,0,19,10,1,72,46,1,1,3,3,0,0,1
6148,STU05284,20,92,2,0,1,1,0,19,10,1,72,46,1,1,3,3,0,0,1
6150,STU05285,17,96,1,1,1,1,0,22,8,1,59,54,1,2,3,3,0,1,0
6151,STU05286,17,96,0,0,0,1,0,22,8,1,59,54,1,2,3,3,0,1,0
6152,STU05287,17,96,2,0,0,1,0,22,8,1,59,54,1,2,3,3,0,1,0
6154,STU05288,17,96,1,0,1,1,0,22,8,1,59,54,1,2,3,3,0,1,0
6155,STU05289,17,96,1,1,0,1,0,22,8,1,59,54,1,2,3,3,0,1,0
6157,STU05290,17,96,1,0,0,1,0,22,8,1,59,54,1,2,3,3,0,1,0
6158,STU05291,28,98,1,1,1,1,1,21,6,1,62,53,0,2,3,3,0,1,0
6159,STU05292,28,98,1,1,1,1,1,29,13,0,61,96,0,2,0,0,0,0,0
6160,STU05293,28,98,1,1,1,1,1,19,0,1,79,79,1,1,1,1,1,0,0
6161,STU05294,28,98,1,1,1,1,1,25,14,1,84,78,1,2,1,1,1,0,0
6162,STU05295,28,98,1,1,1,1,1,21,8,1,55,94,1,0,0,0,0,1,0
6163,STU05296,28,98,1,1,1,1,1,21,3,0,64,71,1,2,1,1,1,0,0
6164,STU05297,28,98,2,1,1,1,1,21,6,1,62,53,0,2,3,3,0,1,0
6165,STU05298,28,98,2,1,1,1,1,29,13,0,61,96,0,2,0,0,0,0,0
6166,STU05299,28,98,2,1,1,1,1,19,0,1,79,79,1,1,1,1,1,0,0
6167,STU05300,28,98,2,1,1,1,1,25,14,1,84,78,1,2,1,1,1,0,0
6168,STU05301,28,98,2,1,1,1,1,21,8,1,55,94,1,0,0,0,0,1,0
6169,STU05302,28,98,2,1,1,1,1,21,3,0,64,71,1,2,1,1,1,0,0
6170,STU05303,34,63,2,1,1,1,1,28,6,1,63,60,0,2,2,2,0,1,0
6171,STU05304,18,76,2,0,1,1,1,28,11,1,68,88,1,2,0,0,0,1,0
6172,STU05305,18,76,2,0,1,1,1,23,6,1,88,65,1,2,2,2,0,0,1
6173,STU05306,18,76,2,0,1,1,1,20,1,1,65,40,1,1,3,3,0,0,0
6177,STU05307,18,76,2,1,2,1,1,28,11,1,68,88,1,2,0,0,0,1,0
6178,STU05308,18,76,2,1,2,1,1,23,6,1,88,65,1,2,2,2,0,0,1
6179,STU05309,18,76,2,1,2,1,1,20,1,1,65,40,1,1,3,3,0,0,0
6180,STU05310,17,61,1,0,2,1,0,28,10,1,62,69,0,2,2,2,0,1,0
6181,STU05311,17,61,2,1,0,1,0,28,10,1,62,69,0,2,2,2,0,1,0
6182,STU05312,17,61,1,0,0,1,0,28,10,1,62,69,0,2,2,2,0,1,0
6183,STU05313,17,61,2,1,1,0,0,28,10,1,62,69,0,2,2,2,0,1,0
6184,STU05314,29,73,1,0,1,1,0,18,2,1,71,42,0,1,3,3,1,0,0
6185,STU05315,29,73,0,1,1,1,0,18,2,1,71,42,0,1,3,3,1,0,0
6186,STU05316,17,96,1,1,1,1,1,27,6,0,100,68,1,1,2,2,0,0,0
6187,STU05317,17,96,1,1,1,1,1,23,13,1,55,95,1,0,0,0,0,0,1
6188,STU05318,17,96,1,1,1,1,1,25,15,0,69,70,0,1,1,1,0,0,0
6189,STU05319,17,96,1,1,1,1,1,22,17,0,82,44,1,1,3,3,0,1,0
6190,STU05320,17,96,2,1,1,1,1,27,6,0,100,68,1,1,2,2,0,0,0
6191,STU05321,17,96,2,1,1,1,1,23,13,1,55,95,1,0,0,0,0,0,1
6192,STU05322,17,96,2,1,1,1,1,25,15,0,69,70,0,1,1,1,0,0,0
6193,STU05323,17,96,2,1,1,1,1,22,17,0,82,44,1,1,3,3,0,1,0
6194,STU05324,17,96,1,1,0,1,1,27,6,0,100,68,1,1,2,2,0,0,0
6195,STU05325,17,96,1,1,0,1,1,23,13,1,55,95,1,0,0,0,0,0,1
6196,STU05326,17,96,1,1,0,1,1,25,15,0,69,70,0,1,1,1,0,0,0
6197,STU05327,17,96,1,1,0,1,1,22,17,0,82,44,1,1,3,3,0,1,0
6198,STU05328,17,96,0,1,0,0,1,27,6,0,100,68,1,1,2,2,0,0,0
6199,STU05329,17,96,0,1,0,0,1,23,13,1,55,95,1,0,0,0,0,0,1
6200,STU05330,17,96,0,1,0,0,1,25,15,0,69,70,0,1,1,1,0,0,0
6201,STU05331,17,96,0,1,0,0,1,22,17,0,82,44,1,1,3,3,0,1,0
6202,STU05332,17,96,1,0,0,1,1,27,6,0,100,68,1,1,2,2,0,0,0
6203,STU05333,17,96,1,0,0,1,1,23,13,1,55,95,1,0,0,0,0,0,1
6204,STU05334,17,96,1,0,0,1,1,25,15,0,69,70,0,1,1,1,0,0,0
6205,STU05335,17,96,1,0,0,1,1,22,17,0,82,44,1,1,3,3,0,1,0
6210,STU05336,14,84,1,0,1,1,1,18,2,1,84,80,0,1,1,1,0,0,1
6211,STU05337,14,84,1,1,1,1,1,18,2,1,84,80,0,1,1,1,0,0,1
6212,STU05338,14,84,2,0,0,1,1,18,2,1,84,80,0,1,1,1,0,0,1
6213,STU05339,14,84,1,1,1,0,1,18,2,1,84,80,0,1,1,1,0,0,1
6214,STU05340,14,84,1,0,0,1,1,18,2,1,84,80,0,1,1,1,0,0,1
6215,STU05341,20,96,1,0,1,1,1,22,2,1,67,66,1,0,2,2,0,0,0
6216,STU05342,20,96,1,0,1,1,1,29,20,1,64,48,0,0,3,3,0,1,0
6219,STU05343,20,96,2,0,0,1,1,22,2,1,67,66,1,0,2,2,0,0,0
6220,STU05344,20,96,2,0,0,1,1,29,20,1,64,48,0,0,3,3,0,1,0
6223,STU05345,20,96,2,0,1,1,1,22,2,1,67,66,1,0,2,2,0,0,0
6224,STU05346,20,96,2,0,1,1,1,29,20,1,64,48,0,0,3,3,0,1,0
6225,STU05347,29,76,1,0,0,1,1,26,10,0,71,44,0,2,3,3,0,1,0
6226,STU05348,29,76,2,1,0,0,1,26,10,0,71,44,0,2,3,3,0,1,0
6227,STU05349,29,76,0,1,1,1,1,26,10,0,71,44,0,2,3,3,0,1,0
6228,STU05350,29,76,2,1,1,1,1,26,10,0,71,44,0,2,3,3,0,1,0
6229,STU05351,20,79,0,1,0,1,1,23,13,1,77,74,1,2,1,1,0,0,1
6230,STU05352,20,79,0,1,0,1,1,25,5,1,90,81,1,1,1,1,0,0,1
6231,STU05353,20,79,0,1,2,0,1,23,13,1,77,74,1,2,1,1,0,0,1
6232,STU05354,20,79,0,1,2,0,1,25,5,1,90,81,1,1,1,1,0,0,1
6233,STU05355,20,79,1,1,0,0,1,23,13,1,77,74,1,2,1,1,0,0,1
6234,STU05356,20,79,1,1,0,0,1,25,5,1,90,81,1,1,1,1,0,0,1
6235,STU05357,20,79,2,1,0,1,1,23,13,1,77,74,1,2,1,1,0,0,1
6236,STU05358,20,79,2,1,0,1,1,25,5,1,90,81,1,1,1,1,0,0,1
6237,STU05359,20,79,1,1,1,1,1,23,13,1,77,74,1,2,1,1,0,0,1
6238,STU05360,20,79,1,1,1,1,1,25,5,1,90,81,1,1,1,1,0,0,1
6243,STU05361,20,79,1,0,1,1,1,23,13,1,77,74,1,2,1,1,0,0,1
6244,STU05362,20,79,1,0,1,1,1,25,5,1,90,81,1,1,1,1,0,0,1
6245,STU05363,24,65,1,0,0,1,0,23,17,0,88,95,1,2,0,0,0,0,0
6246,STU05364,24,65,2,1,1,1,0,23,17,0,88,95,1,2,0,0,0,0,0
6247,STU05365,13,97,2,0,1,1,0,28,12,1,88,99,0,0,0,0,0,0,1
6248,STU05366,13,97,2,0,1,1,0,25,13,1,100,73,1,0,1,1,0,0,1
6249,STU05367,13,97,2,0,1,1,0,19,13,0,56,87,1,2,0,0,0,1,0
6250,STU05368,13,97,1,0,2,1,0,28,12,1,88,99,0,0,0,0,0,0,1
6251,STU05369,13,97,1,0,2,1,0,25,13,1,100,73,1,0,1,1,0,0,1
6252,STU05370,13,97,1,0,2,1,0,19,13,0,56,87,1,2,0,0,0,1,0
6253,STU05371,13,97,1,1,1,1,0,28,12,1,88,99,0,0,0,0,0,0,1
6254,STU05372,13,97,1,1,1,1,0,25,13,1,100,73,1,0,1,1,0,0,1
6255,STU05373,13,97,1,1,1,1,0,19,13,0,56,87,1,2,0,0,0,1,0
6256,STU05374,13,97,2,1,0,1,0,28,12,1,88,99,0,0,0,0,0,0,1
6257,STU05375,13,97,2,1,0,1,0,25,13,1,100,73,1,0,1,1,0,0,1
6258,STU05376,13,97,2,1,0,1,0,19,13,0,56,87,1,2,0,0,0,1,0
6259,STU05377,21,89,1,1,0,1,0,23,14,0,79,90,1,2,0,0,0,0,0
6260,STU05378,21,89,1,1,0,1,0,18,4,1,51,54,1,0,3,3,1,0,0
6261,STU05379,21,89,1,1,0,1,0,25,6,0,100,90,1,2,0,0,0,0,1
6262,STU05380,21,89,1,0,1,1,0,23,14,0,79,90,1,2,0,0,0,0,0
6263,STU05381,21,89,1,0,1,1,0,18,4,1,51,54,1,0,3,3,1,0,0
6264,STU05382,21,89,1,0,1,1,0,25,6,0,100,90,1,2,0,0,0,0,1
6265,STU05383,21,89,0,1,1,1,0,23,14,0,79,90,1,2,0,0,0,0,0
6266,STU05384,21,89,0,1,1,1,0,18,4,1,51,54,1,0,3,3,1,0,0
6267,STU05385,21,89,0,1,1,1,0,25,6,0,100,90,1,2,0,0,0,0,1
6274,STU05386,21,89,1,0,1,0,0,23,14,0,79,90,1,2,0,0,0,0,0
6275,STU05387,21,89,1,0,1,0,0,18,4,1,51,54,1,0,3,3,1,0,0
6276,STU05388,21,89,1,0,1,0,0,25,6,0,100,90,1,2,0,0,0,0,1
6277,STU05389,21,89,1,1,2,1,0,23,14,0,79,90,1,2,0,0,0,0,0
6278,STU05390,21,89,1,1,2,1,0,18,4,1,51,54,1,0,3,3,1,0,0
6279,STU05391,21,89,1,1,2,1,0,25,6,0,100,90,1,2,0,0,0,0,1
6280,STU05392,22,61,0,1,2,1,1,28,19,0,83,94,1,1,0,0,0,1,0
6281,STU05393,22,61,0,1,2,1,1,18,7,1,53,79,1,2,1,1,0,0,1
6282,STU05394,22,61,0,1,2,1,1,20,11,1,78,91,1,2,0,0,1,0,0
6283,STU05395,22,61,0,1,2,1,1,28,10,1,66,41,1,1,3,3,0,1,0
6284,STU05396,22,61,1,1,2,1,1,28,19,0,83,94,1,1,0,0,0,1,0
6285,STU05397,22,61,1,1,2,1,1,18,7,1,53,79,1,2,1,1,0,0,1
6286,STU05398,22,61,1,1,2,1,1,20,11,1,78,91,1,2,0,0,1,0,0
6287,STU05399,22,61,1,1,2,1,1,28,10,1,66,41,1,1,3,3,0,1,0
6288,STU05400,22,61,1,0,0,1,1,28,19,0,83,94,1,1,0,0,0,1,0
6289,STU05401,22,61,1,0,0,1,1,18,7,1,53,79,1,2,1,1,0,0,1
6290,STU05402,22,61,1,0,0,1,1,20,11,1,78,91,1,2,0,0,1,0,0
6291,STU05403,22,61,1,0,0,1,1,28,10,1,66,41,1,1,3,3,0,1,0
6304,STU05404,22,61,0,1,1,1,1,28,19,0,83,94,1,1,0,0,0,1,0
6305,STU05405,22,61,0,1,1,1,1,18,7,1,53,79,1,2,1,1,0,0,1
6306,STU05406,22,61,0,1,1,1,1,20,11,1,78,91,1,2,0,0,1,0,0
6307,STU05407,22,61,0,1,1,1,1,28,10,1,66,41,1,1,3,3,0,1,0
6308,STU05408,22,61,2,0,2,1,1,28,19,0,83,94,1,1,0,0,0,1,0
6309,STU05409,22,61,2,0,2,1,1,18,7,1,53,79,1,2,1,1,0,0,1
6310,STU05410,22,61,2,0,2,1,1,20,11,1,78,91,1,2,0,0,1,0,0
6311,STU05411,22,61,2,0,2,1,1,28,10,1,66,41,1,1,3,3,0,1,0
6312,STU05412,35,64,1,1,1,1,1,20,20,0,56,43,0,2,3,3,1,0,0
6313,STU05413,35,64,1,1,1,1,1,19,1,0,59,95,1,2,0,0,0,0,1
6314,STU05414,35,64,0,0,2,1,1,20,20,0,56,43,0,2,3,3,1,0,0
6315,STU05415,35,64,0,0,2,1,1,19,1,0,59,95,1,2,0,0,0,0,1
6316,STU05416,16,88,1,0,1,1,1,24,13,1,99,69,1,2,2,2,0,0,0
6317,STU05417,16,88,2,1,2,1,1,24,13,1,99,69,1,2,2,2,0,0,0
6318,STU05418,27,88,1,0,1,1,1,19,11,1,79,56,1,2,2,2,0,1,0
6319,STU05419,27,88,1,0,1,1,1,19,2,0,70,44,0,1,3,3,0,0,1
6320,STU05420,27,88,1,1,0,0,1,19,11,1,79,56,1,2,2,2,0,1,0
6321,STU05421,27,88,1,1,0,0,1,19,2,0,70,44,0,1,3,3,0,0,1
6322,STU05422,27,88,2,1,1,1,1,19,11,1,79,56,1,2,2,2,0,1,0
6323,STU05423,27,88,2,1,1,1,1,19,2,0,70,44,0,1,3,3,0,0,1
6324,STU05424,29,80,2,1,1,1,0,26,6,0,100,44,1,0,3,3,1,0,0
6325,STU05425,29,80,1,1,1,1,0,26,6,0,100,44,1,0,3,3,1,0,0
6326,STU05426,29,80,0,1,1,1,0,26,6,0,100,44,1,0,3,3,1,0,0
6327,STU05427,23,78,1,1,0,1,1,23,4,0,67,84,1,1,1,1,0,0,0
6328,STU05428,23,78,2,0,1,1,1,23,4,0,67,84,1,1,1,1,0,0,0
6329,STU05429,23,78,0,1,1,1,1,23,4,0,67,84,1,1,1,1,0,0,0
6330,STU05430,23,78,1,0,2,1,1,23,4,0,67,84,1,1,1,1,0,0,0
6331,STU05431,23,78,1,0,1,1,1,23,4,0,67,84,1,1,1,1,0,0,0
6332,STU05432,23,78,1,1,1,1,1,23,4,0,67,84,1,1,1,1,0,0,0
6333,STU05433,23,78,2,1,1,1,1,23,4,0,67,84,1,1,1,1,0,0,0
6335,STU05434,17,68,1,1,2,1,1,19,18,1,52,74,1,2,1,1,1,0,0
6336,STU05435,17,68,1,1,2,1,1,27,1,1,69,45,1,2,3,3,0,0,0
6337,STU05436,17,68,2,0,1,1,1,19,18,1,52,74,1,2,1,1,1,0,0
6338,STU05437,17,68,2,0,1,1,1,27,1,1,69,45,1,2,3,3,0,0,0
6339,STU05438,17,68,2,1,1,1,1,19,18,1,52,74,1,2,1,1,1,0,0
6340,STU05439,17,68,2,1,1,1,1,27,1,1,69,45,1,2,3,3,0,0,0
6343,STU05440,17,68,0,1,1,1,1,19,18,1,52,74,1,2,1,1,1,0,0
6344,STU05441,17,68,0,1,1,1,1,27,1,1,69,45,1,2,3,3,0,0,0
6345,STU05442,17,68,1,0,1,1,1,19,18,1,52,74,1,2,1,1,1,0,0
6346,STU05443,17,68,1,0,1,1,1,27,1,1,69,45,1,2,3,3,0,0,0
6351,STU05444,17,68,1,1,1,0,1,19,18,1,52,74,1,2,1,1,1,0,0
6352,STU05445,17,68,1,1,1,0,1,27,1,1,69,45,1,2,3,3,0,0,0
6355,STU05446,17,68,2,1,2,1,1,19,18,1,52,74,1,2,1,1,1,0,0
6356,STU05447,17,68,2,1,2,1,1,27,1,1,69,45,1,2,3,3,0,0,0
6357,STU05448,11,85,0,1,0,1,1,29,13,1,78,90,1,2,0,0,0,0,1
6358,STU05449,11,85,0,1,0,1,1,29,5,1,60,44,1,2,3,3,1,0,0
6359,STU05450,11,85,1,0,0,1,1,29,13,1,78,90,1,2,0,0,0,0,1
6360,STU05451,11,85,1,0,0,1,1,29,5,1,60,44,1,2,3,3,1,0,0
6361,STU05452,11,85,0,1,2,1,1,29,13,1,78,90,1,2,0,0,0,0,1
6362,STU05453,11,85,0,1,2,1,1,29,5,1,60,44,1,2,3,3,1,0,0
6363,STU05454,11,85,1,1,1,0,1,29,13,1,78,90,1,2,0,0,0,0,1
6364,STU05455,11,85,1,1,1,0,1,29,5,1,60,44,1,2,3,3,1,0,0
6365,STU05456,29,70,2,0,0,1,1,18,19,0,99,68,0,2,2,2,0,0,0
6366,STU05457,29,70,0,1,0,1,1,18,19,0,99,68,0,2,2,2,0,0,0
6367,STU05458,29,70,0,0,2,1,1,18,19,0,99,68,0,2,2,2,0,0,0
6368,STU05459,29,70,1,1,0,1,1,18,19,0,99,68,0,2,2,2,0,0,0
6369,STU05460,16,91,1,0,2,1,0,25,17,1,84,63,1,2,2,2,0,1,0
6370,STU05461,16,91,1,0,2,1,0,21,20,0,60,59,0,0,2,2,0,0,0
6371,STU05462,16,91,1,0,2,1,0,25,15,1,92,56,1,0,2,2,0,0,1
6372,STU05463,16,91,1,0,2,1,0,27,11,1,100,57,1,1,2,2,0,0,0
6373,STU05464,16,91,1,0,2,1,0,27,14,1,57,55,1,2,2,2,0,0,0
6374,STU05465,16,91,1,1,1,1,0,25,17,1,84,63,1,2,2,2,0,1,0
6375,STU05466,16,91,1,1,1,1,0,21,20,0,60,59,0,0,2,2,0,0,0
6376,STU05467,16,91,1,1,1,1,0,25,15,1,92,56,1,0,2,2,0,0,1
6377,STU05468,16,91,1,1,1,1,0,27,11,1,100,57,1,1,2,2,0,0,0
6378,STU05469,16,91,1,1,1,1,0,27,14,1,57,55,1,2,2,2,0,0,0
6379,STU05470,16,91,0,0,0,1,0,25,17,1,84,63,1,2,2,2,0,1,0
6380,STU05471,16,91,0,0,0,1,0,21,20,0,60,59,0,0,2,2,0,0,0
6381,STU05472,16,91,0,0,0,1,0,25,15,1,92,56,1,0,2,2,0,0,1
6382,STU05473,16,91,0,0,0,1,0,27,11,1,100,57,1,1,2,2,0,0,0
6383,STU05474,16,91,0,0,0,1,0,27,14,1,57,55,1,2,2,2,0,0,0
6384,STU05475,16,91,1,1,2,1,0,25,17,1,84,63,1,2,2,2,0,1,0
6385,STU05476,16,91,1,1,2,1,0,21,20,0,60,59,0,0,2,2,0,0,0
6386,STU05477,16,91,1,1,2,1,0,25,15,1,92,56,1,0,2,2,0,0,1
6387,STU05478,16,91,1,1,2,1,0,27,11,1,100,57,1,1,2,2,0,0,0
6388,STU05479,16,91,1,1,2,1,0,27,14,1,57,55,1,2,2,2,0,0,0
6389,STU05480,18,73,1,1,0,1,1,29,14,1,67,76,1,2,1,1,1,0,0
6390,STU05481,18,73,1,1,0,1,1,29,12,1,53,64,0,2,2,2,0,1,0
6391,STU05482,18,73,1,1,0,1,1,25,5,1,80,62,0,2,2,2,1,0,0
6392,STU05483,18,73,1,1,0,1,1,18,3,0,52,65,1,2,2,2,0,0,0
6393,STU05484,18,73,2,0,1,0,1,29,14,1,67,76,1,2,1,1,1,0,0
6394,STU05485,18,73,2,0,1,0,1,29,12,1,53,64,0,2,2,2,0,1,0
6395,STU05486,18,73,2,0,1,0,1,25,5,1,80,62,0,2,2,2,1,0,0
6396,STU05487,18,73,2,0,1,0,1,18,3,0,52,65,1,2,2,2,0,0,0
6397,STU05488,18,73,2,1,0,1,1,29,14,1,67,76,1,2,1,1,1,0,0
6398,STU05489,18,73,2,1,0,1,1,29,12,1,53,64,0,2,2,2,0,1,0
6399,STU05490,18,73,2,1,0,1,1,25,5,1,80,62,0,2,2,2,1,0,0
6400,STU05491,18,73,2,1,0,1,1,18,3,0,52,65,1,2,2,2,0,0,0
6401,STU05492,18,73,1,1,0,0,1,29,14,1,67,76,1,2,1,1,1,0,0
6402,STU05493,18,73,1,1,0,0,1,29,12,1,53,64,0,2,2,2,0,1,0
6403,STU05494,18,73,1,1,0,0,1,25,5,1,80,62,0,2,2,2,1,0,0
6404,STU05495,18,73,1,1,0,0,1,18,3,0,52,65,1,2,2,2,0,0,0
6405,STU05496,22,70,2,1,1,1,1,27,17,0,66,83,1,2,1,1,0,0,1
6406,STU05497,22,70,2,1,1,1,1,18,2,1,86,47,1,0,3,3,1,0,0
6407,STU05498,22,70,2,1,2,1,1,27,17,0,66,83,1,2,1,1,0,0,1
6408,STU05499,22,70,2,1,2,1,1,18,2,1,86,47,1,0,3,3,1,0,0
6409,STU05500,22,70,2,1,0,1,1,27,17,0,66,83,1,2,1,1,0,0,1
6410,STU05501,22,70,2,1,0,1,1,18,2,1,86,47,1,0,3,3,1,0,0
6411,STU05502,22,70,1,1,2,1,1,27,17,0,66,83,1,2,1,1,0,0,1
6412,STU05503,22,70,1,1,2,1,1,18,2,1,86,47,1,0,3,3,1,0,0
6413,STU05504,22,70,0,0,1,1,1,27,17,0,66,83,1,2,1,1,0,0,1
6414,STU05505,22,70,0,0,1,1,1,18,2,1,86,47,1,0,3,3,1,0,0
6415,STU05506,22,70,0,0,0,1,1,27,17,0,66,83,1,2,1,1,0,0,1
6416,STU05507,22,70,0,0,0,1,1,18,2,1,86,47,1,0,3,3,1,0,0
6419,STU05508,22,70,2,0,0,1,1,27,17,0,66,83,1,2,1,1,0,0,1
6420,STU05509,22,70,2,0,0,1,1,18,2,1,86,47,1,0,3,3,1,0,0
6421,STU05510,22,70,0,1,0,1,1,27,17,0,66,83,1,2,1,1,0,0,1
6422,STU05511,22,70,0,1,0,1,1,18,2,1,86,47,1,0,3,3,1,0,0
6423,STU05512,22,70,1,0,1,1,1,27,17,0,66,83,1,2,1,1,0,0,1
6424,STU05513,22,70,1,0,1,1,1,18,2,1,86,47,1,0,3,3,1,0,0
6425,STU05514,22,67,1,0,0,1,1,23,16,1,79,53,0,2,3,3,0,1,0
6426,STU05515,22,67,1,0,0,1,1,18,19,0,62,56,1,2,2,2,0,0,1
6427,STU05516,22,67,2,1,1,1,1,23,16,1,79,53,0,2,3,3,0,1,0
6428,STU05517,22,67,2,1,1,1,1,18,19,0,62,56,1,2,2,2,0,0,1
6429,STU05518,22,67,1,1,2,1,1,23,16,1,79,53,0,2,3,3,0,1,0
6430,STU05519,22,67,1,1,2,1,1,18,19,0,62,56,1,2,2,2,0,0,1
6431,STU05520,22,67,2,0,1,1,1,23,16,1,79,53,0,2,3,3,0,1,0
6432,STU05521,22,67,2,0,1,1,1,18,19,0,62,56,1,2,2,2,0,0,1
6433,STU05522,22,67,1,1,0,1,1,23,16,1,79,53,0,2,3,3,0,1,0
6434,STU05523,22,67,1,1,0,1,1,18,19,0,62,56,1,2,2,2,0,0,1
6435,STU05524,22,67,1,1,1,1,1,23,16,1,79,53,0,2,3,3,0,1,0
6436,STU05525,22,67,1,1,1,1,1,18,19,0,62,56,1,2,2,2,0,0,1
6437,STU05526,22,67,2,1,2,1,1,23,16,1,79,53,0,2,3,3,0,1,0
6438,STU05527,22,67,2,1,2,1,1,18,19,0,62,56,1,2,2,2,0,0,1
6439,STU05528,22,67,2,0,2,1,1,23,16,1,79,53,0,2,3,3,0,1,0
6440,STU05529,22,67,2,0,2,1,1,18,19,0,62,56,1,2,2,2,0,0,1
6443,STU05530,32,65,0,1,0,1,0,22,4,0,97,74,1,2,1,1,0,0,0
6444,STU05531,32,65,0,1,0,1,0,19,17,1,61,90,1,2,0,0,1,0,0
6445,STU05532,32,65,1,0,1,1,0,22,4,0,97,74,1,2,1,1,0,0,0
6446,STU05533,32,65,1,0,1,1,0,19,17,1,61,90,1,2,0,0,1,0,0
6447,STU05534,12,87,1,1,0,1,1,29,20,1,98,73,0,2,1,1,0,0,1
6448,STU05535,12,87,1,1,0,1,1,23,20,1,59,83,1,0,1,1,0,0,0
6449,STU05536,16,85,1,0,2,1,1,21,14,1,68,42,1,2,3,3,1,0,0
6450,STU05537,16,85,1,0,2,1,1,25,7,1,100,42,1,0,3,3,1,0,0
6451,STU05538,16,85,1,0,2,1,1,25,19,0,72,74,0,2,1,1,0,0,0
6452,STU05539,16,85,1,0,2,1,1,28,14,1,71,70,0,1,1,1,0,0,0
6453,STU05540,16,85,2,1,2,1,1,21,14,1,68,42,1,2,3,3,1,0,0
6454,STU05541,16,85,2,1,2,1,1,25,7,1,100,42,1,0,3,3,1,0,0
6455,STU05542,16,85,2,1,2,1,1,25,19,0,72,74,0,2,1,1,0,0,0
6456,STU05543,16,85,2,1,2,1,1,28,14,1,71,70,0,1,1,1,0,0,0
6457,STU05544,16,85,0,0,0,1,1,21,14,1,68,42,1,2,3,3,1,0,0
6458,STU05545,16,85,0,0,0,1,1,25,7,1,100,42,1,0,3,3,1,0,0
6459,STU05546,16,85,0,0,0,1,1,25,19,0,72,74,0,2,1,1,0,0,0
6460,STU05547,16,85,0,0,0,1,1,28,14,1,71,70,0,1,1,1,0,0,0
6461,STU05548,16,85,0,1,0,1,1,21,14,1,68,42,1,2,3,3,1,0,0
6462,STU05549,16,85,0,1,0,1,1,25,7,1,100,42,1,0,3,3,1,0,0
6463,STU05550,16,85,0,1,0,1,1,25,19,0,72,74,0,2,1,1,0,0,0
6464,STU05551,16,85,0,1,0,1,1,28,14,1,71,70,0,1,1,1,0,0,0
6469,STU05552,16,85,1,1,0,0,1,21,14,1,68,42,1,2,3,3,1,0,0
6470,STU05553,16,85,1,1,0,0,1,25,7,1,100,42,1,0,3,3,1,0,0
6471,STU05554,16,85,1,1,0,0,1,25,19,0,72,74,0,2,1,1,0,0,0
6472,STU05555,16,85,1,1,0,0,1,28,14,1,71,70,0,1,1,1,0,0,0
6477,STU05556,31,62,1,0,1,1,0,21,20,0,56,45,1,2,3,3,0,1,0
6478,STU05557,31,62,1,1,1,1,0,21,20,0,56,45,1,2,3,3,0,1,0
6479,STU05558,21,71,0,0,1,1,1,24,13,1,59,74,1,2,1,1,0,0,0
6480,STU05559,21,71,0,0,1,1,1,24,6,1,92,97,1,0,0,0,0,0,1
6481,STU05560,21,71,1,1,0,1,1,24,13,1,59,74,1,2,1,1,0,0,0
6482,STU05561,21,71,1,1,0,1,1,24,6,1,92,97,1,0,0,0,0,0,1
6483,STU05562,21,71,1,0,2,1,1,24,13,1,59,74,1,2,1,1,0,0,0
6484,STU05563,21,71,1,0,2,1,1,24,6,1,92,97,1,0,0,0,0,0,1
6485,STU05564,21,71,1,0,0,1,1,24,13,1,59,74,1,2,1,1,0,0,0
6486,STU05565,21,71,1,0,0,1,1,24,6,1,92,97,1,0,0,0,0,0,1
6487,STU05566,21,71,1,1,1,1,1,24,13,1,59,74,1,2,1,1,0,0,0
6488,STU05567,21,71,1,1,1,1,1,24,6,1,92,97,1,0,0,0,0,0,1
6491,STU05568,35,72,2,1,1,1,1,25,10,1,92,85,1,2,0,0,1,0,0
6492,STU05569,35,72,2,1,1,1,1,20,4,1,71,54,1,2,3,3,0,1,0
6493,STU05570,17,81,2,0,1,1,1,21,17,1,89,64,1,1,2,2,1,0,0
6494,STU05571,17,81,2,0,1,1,1,29,2,1,71,52,1,2,3,3,0,0,1
6495,STU05572,17,81,0,1,0,1,1,21,17,1,89,64,1,1,2,2,1,0,0
6496,STU05573,17,81,0,1,0,1,1,29,2,1,71,52,1,2,3,3,0,0,1
6497,STU05574,17,81,1,1,1,1,1,21,17,1,89,64,1,1,2,2,1,0,0
6498,STU05575,17,81,1,1,1,1,1,29,2,1,71,52,1,2,3,3,0,0,1
6501,STU05576,17,81,1,1,0,1,1,21,17,1,89,64,1,1,2,2,1,0,0
6502,STU05577,17,81,1,1,0,1,1,29,2,1,71,52,1,2,3,3,0,0,1
6503,STU05578,17,81,1,0,1,1,1,21,17,1,89,64,1,1,2,2,1,0,0
6504,STU05579,17,81,1,0,1,1,1,29,2,1,71,52,1,2,3,3,0,0,1
6507,STU05580,17,81,0,1,2,1,1,21,17,1,89,64,1,1,2,2,1,0,0
6508,STU05581,17,81,0,1,2,1,1,29,2,1,71,52,1,2,3,3,0,0,1
6511,STU05582,17,81,1,0,2,1,1,21,17,1,89,64,1,1,2,2,1,0,0
6512,STU05583,17,81,1,0,2,1,1,29,2,1,71,52,1,2,3,3,0,0,1
6513,STU05584,17,87,0,1,1,1,1,20,1,1,63,48,1,0,3,3,1,0,0
6514,STU05585,17,87,2,1,1,1,1,20,1,1,63,48,1,0,3,3,1,0,0
6515,STU05586,17,87,1,0,0,1,1,20,1,1,63,48,1,0,3,3,1,0,0
6516,STU05587,17,87,1,0,1,1,1,20,1,1,63,48,1,0,3,3,1,0,0
6517,STU05588,17,87,2,1,2,1,1,20,1,1,63,48,1,0,3,3,1,0,0
6519,STU05589,17,87,2,0,1,1,1,20,1,1,63,48,1,0,3,3,1,0,0
6520,STU05590,17,87,1,1,1,0,1,20,1,1,63,48,1,0,3,3,1,0,0
6522,STU05591,24,89,1,0,1,0,1,23,15,0,61,71,1,1,1,1,0,1,0
6523,STU05592,24,89,0,1,0,1,1,23,15,0,61,71,1,1,1,1,0,1,0
6524,STU05593,24,89,2,1,1,1,1,23,15,0,61,71,1,1,1,1,0,1,0
6526,STU05594,24,89,1,0,0,0,1,23,15,0,61,71,1,1,1,1,0,1,0
6527,STU05595,24,89,0,1,1,1,1,23,15,0,61,71,1,1,1,1,0,1,0
6528,STU05596,24,89,0,0,2,1,1,23,15,0,61,71,1,1,1,1,0,1,0
6529,STU05597,31,73,1,1,1,1,1,19,13,1,87,97,0,2,0,0,0,0,0
6530,STU05598,24,72,0,1,1,1,1,18,5,1,67,64,1,0,2,2,0,1,0
6531,STU05599,24,72,1,1,1,1,1,18,5,1,67,64,1,0,2,2,0,1,0
6532,STU05600,24,72,2,1,2,0,1,18,5,1,67,64,1,0,2,2,0,1,0
6533,STU05601,24,72,1,1,2,1,1,18,5,1,67,64,1,0,2,2,0,1,0
6534,STU05602,24,72,2,1,0,1,1,18,5,1,67,64,1,0,2,2,0,1,0
6535,STU05603,18,82,1,0,0,1,0,19,7,0,70,79,0,1,1,1,0,1,0
6536,STU05604,18,82,1,0,0,1,0,25,19,1,75,42,1,2,3,3,0,1,0
6537,STU05605,18,82,1,0,1,1,0,19,7,0,70,79,0,1,1,1,0,1,0
6538,STU05606,18,82,1,0,1,1,0,25,19,1,75,42,1,2,3,3,0,1,0
6539,STU05607,18,82,0,0,0,1,0,19,7,0,70,79,0,1,1,1,0,1,0
6540,STU05608,18,82,0,0,0,1,0,25,19,1,75,42,1,2,3,3,0,1,0
6541,STU05609,18,82,1,1,2,1,0,19,7,0,70,79,0,1,1,1,0,1,0
6542,STU05610,18,82,1,1,2,1,0,25,19,1,75,42,1,2,3,3,0,1,0
6543,STU05611,24,61,1,0,2,1,1,20,14,0,80,74,1,0,1,1,0,0,1
6544,STU05612,24,61,1,0,2,1,1,22,10,0,79,47,0,2,3,3,1,0,0
6545,STU05613,24,61,1,0,2,1,1,28,17,1,92,90,1,1,0,0,1,0,0
6546,STU05614,24,61,1,0,1,1,1,20,14,0,80,74,1,0,1,1,0,0,1
6547,STU05615,24,61,1,0,1,1,1,22,10,0,79,47,0,2,3,3,1,0,0
6548,STU05616,24,61,1,0,1,1,1,28,17,1,92,90,1,1,0,0,1,0,0
6552,STU05617,27,63,1,1,1,1,0,18,11,1,85,56,1,1,2,2,0,1,0
6554,STU05618,27,63,2,1,1,1,0,18,11,1,85,56,1,1,2,2,0,1,0
6555,STU05619,27,63,0,0,1,0,0,18,11,1,85,56,1,1,2,2,0,1,0
6558,STU05620,27,63,2,0,0,1,0,18,11,1,85,56,1,1,2,2,0,1,0
6559,STU05621,27,63,1,1,0,1,0,18,11,1,85,56,1,1,2,2,0,1,0
6560,STU05622,26,89,0,1,0,1,0,19,0,1,67,74,0,2,1,1,1,0,0
6561,STU05623,26,89,0,1,0,1,0,26,0,1,80,62,0,2,2,2,1,0,0
6562,STU05624,26,89,0,1,0,1,0,29,10,1,76,75,1,0,1,1,0,0,1
6563,STU05625,26,89,1,0,2,1,0,19,0,1,67,74,0,2,1,1,1,0,0
6564,STU05626,26,89,1,0,2,1,0,26,0,1,80,62,0,2,2,2,1,0,0
6565,STU05627,26,89,1,0,2,1,0,29,10,1,76,75,1,0,1,1,0,0,1
6566,STU05628,26,89,0,0,0,1,0,19,0,1,67,74,0,2,1,1,1,0,0
6567,STU05629,26,89,0,0,0,1,0,26,0,1,80,62,0,2,2,2,1,0,0
6568,STU05630,26,89,0,0,0,1,0,29,10,1,76,75,1,0,1,1,0,0,1
6569,STU05631,27,64,0,1,1,1,1,19,9,1,53,41,1,1,3,3,0,1,0
6570,STU05632,27,64,0,1,1,1,1,18,7,1,99,91,0,0,0,0,0,1,0
6571,STU05633,27,64,2,1,2,1,1,19,9,1,53,41,1,1,3,3,0,1,0
6572,STU05634,27,64,2,1,2,1,1,18,7,1,99,91,0,0,0,0,0,1,0
6573,STU05635,27,64,2,0,1,1,1,19,9,1,53,41,1,1,3,3,0,1,0
6574,STU05636,27,64,2,0,1,1,1,18,7,1,99,91,0,0,0,0,0,1,0
6575,STU05637,27,64,1,1,2,1,1,19,9,1,53,41,1,1,3,3,0,1,0
6576,STU05638,27,64,1,1,2,1,1,18,7,1,99,91,0,0,0,0,0,1,0
6577,STU05639,21,93,1,1,1,0,1,18,18,1,54,66,1,2,2,2,1,0,0
6578,STU05640,21,93,1,1,1,0,1,26,0,0,95,53,1,2,3,3,0,0,0
6579,STU05641,21,93,0,1,0,0,1,18,18,1,54,66,1,2,2,2,1,0,0
6580,STU05642,21,93,0,1,0,0,1,26,0,0,95,53,1,2,3,3,0,0,0
6581,STU05643,21,93,0,1,1,1,1,18,18,1,54,66,1,2,2,2,1,0,0
6582,STU05644,21,93,0,1,1,1,1,26,0,0,95,53,1,2,3,3,0,0,0
6583,STU05645,21,93,0,1,0,1,1,18,18,1,54,66,1,2,2,2,1,0,0
6584,STU05646,21,93,0,1,0,1,1,26,0,0,95,53,1,2,3,3,0,0,0
6585,STU05647,21,93,1,0,1,1,1,18,18,1,54,66,1,2,2,2,1,0,0
6586,STU05648,21,93,1,0,1,1,1,26,0,0,95,53,1,2,3,3,0,0,0
6587,STU05649,21,93,2,1,0,1,1,18,18,1,54,66,1,2,2,2,1,0,0
6588,STU05650,21,93,2,1,0,1,1,26,0,0,95,53,1,2,3,3,0,0,0
6589,STU05651,21,93,0,0,1,1,1,18,18,1,54,66,1,2,2,2,1,0,0
6590,STU05652,21,93,0,0,1,1,1,26,0,0,95,53,1,2,3,3,0,0,0
6593,STU05653,15,69,1,1,1,1,0,26,18,1,66,46,1,2,3,3,0,0,0
6594,STU05654,15,69,1,1,1,1,0,29,18,1,80,81,1,1,1,1,0,0,1
6595,STU05655,15,69,1,1,1,1,0,18,16,0,86,74,0,1,1,1,1,0,0
6596,STU05656,15,69,1,1,1,1,0,22,3,1,73,93,1,1,0,0,0,1,0
6597,STU05657,15,69,1,1,1,1,0,26,7,1,65,46,1,2,3,3,0,0,1
6598,STU05658,15,69,1,1,1,1,0,23,0,0,51,82,1,2,1,1,0,0,0
6599,STU05659,15,69,1,1,2,1,0,26,18,1,66,46,1,2,3,3,0,0,0
6600,STU05660,15,69,1,1,2,1,0,29,18,1,80,81,1,1,1,1,0,0,1
6601,STU05661,15,69,1,1,2,1,0,18,16,0,86,74,0,1,1,1,1,0,0
6602,STU05662,15,69,1,1,2,1,0,22,3,1,73,93,1,1,0,0,0,1,0
6603,STU05663,15,69,1,1,2,1,0,26,7,1,65,46,1,2,3,3,0,0,1
6604,STU05664,15,69,1,1,2,1,0,23,0,0,51,82,1,2,1,1,0,0,0
6611,STU05665,15,69,0,0,0,1,0,26,18,1,66,46,1,2,3,3,0,0,0
6612,STU05666,15,69,0,0,0,1,0,29,18,1,80,81,1,1,1,1,0,0,1
6613,STU05667,15,69,0,0,0,1,0,18,16,0,86,74,0,1,1,1,1,0,0
6614,STU05668,15,69,0,0,0,1,0,22,3,1,73,93,1,1,0,0,0,1,0
6615,STU05669,15,69,0,0,0,1,0,26,7,1,65,46,1,2,3,3,0,0,1
6616,STU05670,15,69,0,0,0,1,0,23,0,0,51,82,1,2,1,1,0,0,0
6617,STU05671,15,69,0,1,1,0,0,26,18,1,66,46,1,2,3,3,0,0,0
6618,STU05672,15,69,0,1,1,0,0,29,18,1,80,81,1,1,1,1,0,0,1
6619,STU05673,15,69,0,1,1,0,0,18,16,0,86,74,0,1,1,1,1,0,0
6620,STU05674,15,69,0,1,1,0,0,22,3,1,73,93,1,1,0,0,0,1,0
6621,STU05675,15,69,0,1,1,0,0,26,7,1,65,46,1,2,3,3,0,0,1
6622,STU05676,15,69,0,1,1,0,0,23,0,0,51,82,1,2,1,1,0,0,0
6623,STU05677,18,82,1,1,0,1,1,28,7,0,75,75,0,0,1,1,0,0,1
6624,STU05678,18,82,0,1,1,1,1,28,7,0,75,75,0,0,1,1,0,0,1
6625,STU05679,18,82,1,1,2,1,1,28,7,0,75,75,0,0,1,1,0,0,1
6626,STU05680,18,82,2,0,1,1,1,28,7,0,75,75,0,0,1,1,0,0,1
6627,STU05681,18,82,1,1,2,0,1,28,7,0,75,75,0,0,1,1,0,0,1
6628,STU05682,18,82,0,1,2,1,1,28,7,0,75,75,0,0,1,1,0,0,1
6629,STU05683,18,82,1,1,1,1,1,28,7,0,75,75,0,0,1,1,0,0,1
6630,STU05684,20,82,0,1,1,1,1,26,18,0,75,64,1,2,2,2,0,1,0
6631,STU05685,20,82,1,1,0,1,1,26,18,0,75,64,1,2,2,2,0,1,0
6632,STU05686,20,82,2,1,0,1,1,26,18,0,75,64,1,2,2,2,0,1,0
6634,STU05687,20,82,1,0,0,1,1,26,18,0,75,64,1,2,2,2,0,1,0
6635,STU05688,20,82,1,0,1,1,1,26,18,0,75,64,1,2,2,2,0,1,0
6636,STU05689,28,83,2,0,1,1,1,19,17,0,76,86,0,1,0,0,0,1,0
6637,STU05690,28,83,2,0,1,1,1,26,12,1,64,98,1,1,0,0,0,0,1
6638,STU05691,28,83,0,0,1,1,1,19,17,0,76,86,0,1,0,0,0,1,0
6639,STU05692,28,83,0,0,1,1,1,26,12,1,64,98,1,1,0,0,0,0,1
6640,STU05693,28,83,1,1,1,1,1,19,17,0,76,86,0,1,0,0,0,1,0
6641,STU05694,28,83,1,1,1,1,1,26,12,1,64,98,1,1,0,0,0,0,1
6644,STU05695,12,95,1,0,2,1,1,27,7,1,91,54,1,2,3,3,0,0,0
6645,STU05696,12,95,1,0,2,1,1,25,12,1,90,60,1,2,2,2,0,0,1
6646,STU05697,12,95,2,1,1,1,1,27,7,1,91,54,1,2,3,3,0,0,0
6647,STU05698,12,95,2,1,1,1,1,25,12,1,90,60,1,2,2,2,0,0,1
6648,STU05699,12,95,1,1,2,1,1,27,7,1,91,54,1,2,3,3,0,0,0
6649,STU05700,12,95,1,1,2,1,1,25,12,1,90,60,1,2,2,2,0,0,1
6650,STU05701,12,95,1,0,1,1,1,27,7,1,91,54,1,2,3,3,0,0,0
6651,STU05702,12,95,1,0,1,1,1,25,12,1,90,60,1,2,2,2,0,0,1
6654,STU05703,24,92,2,1,0,1,1,28,20,0,78,49,0,2,3,3,1,0,0
6655,STU05704,24,92,2,1,0,1,1,27,5,0,97,52,0,0,3,3,0,0,1
6656,STU05705,24,92,2,1,0,1,1,18,3,0,81,87,1,2,0,0,0,0,1
6657,STU05706,24,92,1,1,1,0,1,28,20,0,78,49,0,2,3,3,1,0,0
6658,STU05707,24,92,1,1,1,0,1,27,5,0,97,52,0,0,3,3,0,0,1
6659,STU05708,24,92,1,1,1,0,1,18,3,0,81,87,1,2,0,0,0,0,1
6660,STU05709,24,92,2,0,2,1,1,28,20,0,78,49,0,2,3,3,1,0,0
6661,STU05710,24,92,2,0,2,1,1,27,5,0,97,52,0,0,3,3,0,0,1
6662,STU05711,24,92,2,0,2,1,1,18,3,0,81,87,1,2,0,0,0,0,1
6663,STU05712,24,92,2,1,2,1,1,28,20,0,78,49,0,2,3,3,1,0,0
6664,STU05713,24,92,2,1,2,1,1,27,5,0,97,52,0,0,3,3,0,0,1
6665,STU05714,24,92,2,1,2,1,1,18,3,0,81,87,1,2,0,0,0,0,1
6666,STU05715,24,92,2,1,1,1,1,28,20,0,78,49,0,2,3,3,1,0,0
6667,STU05716,24,92,2,1,1,1,1,27,5,0,97,52,0,0,3,3,0,0,1
6668,STU05717,24,92,2,1,1,1,1,18,3,0,81,87,1,2,0,0,0,0,1
6669,STU05718,33,64,1,0,1,1,0,20,4,1,90,87,1,2,0,0,0,0,1
6670,STU05719,33,64,1,0,1,1,0,25,9,0,77,83,1,1,1,1,0,1,0
6671,STU05720,18,71,0,1,0,1,1,24,2,1,63,63,1,1,2,2,0,0,0
6672,STU05721,18,71,0,1,0,1,1,22,2,0,68,79,0,0,1,1,1,0,0
6673,STU05722,18,71,2,1,1,1,1,24,2,1,63,63,1,1,2,2,0,0,0
6674,STU05723,18,71,2,1,1,1,1,22,2,0,68,79,0,0,1,1,1,0,0
6677,STU05724,18,71,1,1,1,1,1,24,2,1,63,63,1,1,2,2,0,0,0
6678,STU05725,18,71,1,1,1,1,1,22,2,0,68,79,0,0,1,1,1,0,0
6679,STU05726,18,71,1,0,1,1,1,24,2,1,63,63,1,1,2,2,0,0,0
6680,STU05727,18,71,1,0,1,1,1,22,2,0,68,79,0,0,1,1,1,0,0
6683,STU05728,19,90,1,1,2,1,0,20,15,1,100,72,1,0,1,1,0,0,0
6684,STU05729,19,90,1,1,2,1,0,19,18,1,58,76,1,2,1,1,1,0,0
6685,STU05730,19,90,0,0,1,1,0,20,15,1,100,72,1,0,1,1,0,0,0
6686,STU05731,19,90,0,0,1,1,0,19,18,1,58,76,1,2,1,1,1,0,0
6687,STU05732,19,90,2,1,0,1,0,20,15,1,100,72,1,0,1,1,0,0,0
6688,STU05733,19,90,2,1,0,1,0,19,18,1,58,76,1,2,1,1,1,0,0
6689,STU05734,19,90,2,0,1,1,0,20,15,1,100,72,1,0,1,1,0,0,0
6690,STU05735,19,90,2,0,1,1,0,19,18,1,58,76,1,2,1,1,1,0,0
6691,STU05736,24,70,2,0,1,1,1,20,1,0,69,75,1,2,1,1,0,1,0
6692,STU05737,24,70,1,1,1,1,1,20,1,0,69,75,1,2,1,1,0,1,0
6693,STU05738,24,70,2,0,0,1,1,20,1,0,69,75,1,2,1,1,0,1,0
6694,STU05739,24,70,2,1,0,1,1,20,1,0,69,75,1,2,1,1,0,1,0
6696,STU05740,24,70,2,0,0,0,1,20,1,0,69,75,1,2,1,1,0,1,0
6697,STU05741,24,70,2,1,2,1,1,20,1,0,69,75,1,2,1,1,0,1,0
6698,STU05742,17,67,2,1,2,1,1,27,1,1,79,68,1,2,2,2,0,0,0
6699,STU05743,17,67,1,1,1,1,1,27,1,1,79,68,1,2,2,2,0,0,0
6700,STU05744,17,67,2,1,1,1,1,27,1,1,79,68,1,2,2,2,0,0,0
6701,STU05745,17,67,1,0,2,1,1,27,1,1,79,68,1,2,2,2,0,0,0
6702,STU05746,17,67,0,0,1,1,1,27,1,1,79,68,1,2,2,2,0,0,0
6703,STU05747,17,67,0,0,2,1,1,27,1,1,79,68,1,2,2,2,0,0,0
6704,STU05748,14,74,2,1,2,1,0,20,3,0,89,61,0,0,2,2,1,0,0
6705,STU05749,14,74,2,1,2,1,0,27,18,1,73,63,1,1,2,2,1,0,0
6706,STU05750,14,74,1,0,2,1,0,20,3,0,89,61,0,0,2,2,1,0,0
6707,STU05751,14,74,1,0,2,1,0,27,18,1,73,63,1,1,2,2,1,0,0
6708,STU05752,14,74,1,0,0,0,0,20,3,0,89,61,0,0,2,2,1,0,0
6709,STU05753,14,74,1,0,0,0,0,27,18,1,73,63,1,1,2,2,1,0,0
6710,STU05754,16,75,1,1,1,1,0,26,9,0,81,75,0,2,1,1,0,0,0
6711,STU05755,16,75,1,1,1,1,0,18,9,1,54,88,1,2,0,0,0,0,0
6712,STU05756,16,75,1,1,1,1,0,26,11,0,76,51,1,2,3,3,0,0,0
6713,STU05757,16,75,0,1,1,1,0,26,9,0,81,75,0,2,1,1,0,0,0
6714,STU05758,16,75,0,1,1,1,0,18,9,1,54,88,1,2,0,0,0,0,0
6715,STU05759,16,75,0,1,1,1,0,26,11,0,76,51,1,2,3,3,0,0,0
6719,STU05760,16,75,0,1,2,1,0,26,9,0,81,75,0,2,1,1,0,0,0
6720,STU05761,16,75,0,1,2,1,0,18,9,1,54,88,1,2,0,0,0,0,0
6721,STU05762,16,75,0,1,2,1,0,26,11,0,76,51,1,2,3,3,0,0,0
6722,STU05763,27,82,2,1,0,1,0,26,6,1,93,79,1,1,1,1,0,0,0
6723,STU05764,27,82,2,1,0,1,0,29,2,0,61,68,0,2,2,2,0,0,1
6724,STU05765,27,82,2,1,0,1,0,26,12,0,90,44,0,1,3,3,1,0,0
6725,STU05766,27,82,2,1,0,1,0,27,3,1,83,62,0,2,2,2,0,0,0
6726,STU05767,11,64,1,1,0,1,1,21,14,1,53,82,1,1,1,1,0,0,1
6727,STU05768,11,64,1,1,0,1,1,19,13,1,83,69,1,2,2,2,0,1,0
6728,STU05769,11,64,1,1,0,1,1,20,3,0,97,82,1,0,1,1,0,0,0
6729,STU05770,11,64,0,1,2,0,1,21,14,1,53,82,1,1,1,1,0,0,1
6730,STU05771,11,64,0,1,2,0,1,19,13,1,83,69,1,2,2,2,0,1,0
6731,STU05772,11,64,0,1,2,0,1,20,3,0,97,82,1,0,1,1,0,0,0
6732,STU05773,11,64,1,1,1,1,1,21,14,1,53,82,1,1,1,1,0,0,1
6733,STU05774,11,64,1,1,1,1,1,19,13,1,83,69,1,2,2,2,0,1,0
6734,STU05775,11,64,1,1,1,1,1,20,3,0,97,82,1,0,1,1,0,0,0
6735,STU05776,11,64,1,0,0,1,1,21,14,1,53,82,1,1,1,1,0,0,1
6736,STU05777,11,64,1,0,0,1,1,19,13,1,83,69,1,2,2,2,0,1,0
6737,STU05778,11,64,1,0,0,1,1,20,3,0,97,82,1,0,1,1,0,0,0
6738,STU05779,29,86,1,1,1,1,0,18,8,0,79,71,0,2,1,1,0,0,1
6739,STU05780,29,86,1,1,1,1,0,26,10,1,86,62,1,2,2,2,0,1,0
6740,STU05781,29,86,1,1,1,1,0,22,8,1,87,99,1,1,0,0,0,0,0
6741,STU05782,29,86,1,1,1,1,0,23,15,1,87,66,0,1,2,2,0,1,0
6742,STU05783,29,86,1,1,1,1,0,23,13,1,72,84,1,2,1,1,1,0,0
6743,STU05784,29,86,1,1,1,1,0,20,19,1,84,45,0,2,3,3,0,0,0
6744,STU05785,29,86,2,0,0,1,0,18,8,0,79,71,0,2,1,1,0,0,1
6745,STU05786,29,86,2,0,0,1,0,26,10,1,86,62,1,2,2,2,0,1,0
6746,STU05787,29,86,2,0,0,1,0,22,8,1,87,99,1,1,0,0,0,0,0
6747,STU05788,29,86,2,0,0,1,0,23,15,1,87,66,0,1,2,2,0,1,0
6748,STU05789,29,86,2,0,0,1,0,23,13,1,72,84,1,2,1,1,1,0,0
6749,STU05790,29,86,2,0,0,1,0,20,19,1,84,45,0,2,3,3,0,0,0
6750,STU05791,29,86,0,1,1,1,0,18,8,0,79,71,0,2,1,1,0,0,1
6751,STU05792,29,86,0,1,1,1,0,26,10,1,86,62,1,2,2,2,0,1,0
6752,STU05793,29,86,0,1,1,1,0,22,8,1,87,99,1,1,0,0,0,0,0
6753,STU05794,29,86,0,1,1,1,0,23,15,1,87,66,0,1,2,2,0,1,0
6754,STU05795,29,86,0,1,1,1,0,23,13,1,72,84,1,2,1,1,1,0,0
6755,STU05796,29,86,0,1,1,1,0,20,19,1,84,45,0,2,3,3,0,0,0
6756,STU05797,31,95,1,1,1,1,1,21,19,0,61,44,1,2,3,3,0,0,1
6757,STU05798,7,77,1,0,1,1,1,25,5,1,82,41,1,1,3,3,0,0,0
6758,STU05799,7,77,1,0,1,1,1,27,8,0,74,70,1,0,1,1,0,0,1
6759,STU05800,23,67,1,0,0,1,1,23,4,1,69,93,1,0,0,0,0,1,0
6760,STU05801,23,67,1,0,0,1,1,28,6,1,55,100,0,2,0,0,0,1,0
6761,STU05802,23,67,1,0,0,1,1,22,0,0,85,90,0,1,0,0,0,1,0
6765,STU05803,23,67,0,1,1,1,1,23,4,1,69,93,1,0,0,0,0,1,0
6766,STU05804,23,67,0,1,1,1,1,28,6,1,55,100,0,2,0,0,0,1,0
6767,STU05805,23,67,0,1,1,1,1,22,0,0,85,90,0,1,0,0,0,1,0
6768,STU05806,23,67,1,1,2,1,1,23,4,1,69,93,1,0,0,0,0,1,0
6769,STU05807,23,67,1,1,2,1,1,28,6,1,55,100,0,2,0,0,0,1,0
6770,STU05808,23,67,1,1,2,1,1,22,0,0,85,90,0,1,0,0,0,1,0
6771,STU05809,23,67,1,0,1,1,1,23,4,1,69,93,1,0,0,0,0,1,0
6772,STU05810,23,67,1,0,1,1,1,28,6,1,55,100,0,2,0,0,0,1,0
6773,STU05811,23,67,1,0,1,1,1,22,0,0,85,90,0,1,0,0,0,1,0
6780,STU05812,17,98,2,0,2,0,0,28,0,0,80,92,1,1,0,0,0,0,1
6781,STU05813,17,98,2,0,2,0,0,25,3,1,76,84,0,2,1,1,0,0,0
6782,STU05814,17,98,0,1,1,1,0,28,0,0,80,92,1,1,0,0,0,0,1
6783,STU05815,17,98,0,1,1,1,0,25,3,1,76,84,0,2,1,1,0,0,0
6784,STU05816,17,98,0,1,0,1,0,28,0,0,80,92,1,1,0,0,0,0,1
6785,STU05817,17,98,0,1,0,1,0,25,3,1,76,84,0,2,1,1,0,0,0
6786,STU05818,17,98,1,0,1,1,0,28,0,0,80,92,1,1,0,0,0,0,1
6787,STU05819,17,98,1,0,1,1,0,25,3,1,76,84,0,2,1,1,0,0,0
6788,STU05820,17,98,1,0,0,1,0,28,0,0,80,92,1,1,0,0,0,0,1
6789,STU05821,17,98,1,0,0,1,0,25,3,1,76,84,0,2,1,1,0,0,0
6790,STU05822,14,90,1,1,1,1,1,24,17,0,91,63,0,0,2,2,1,0,0
6791,STU05823,14,90,1,1,1,1,1,23,4,0,62,66,0,2,2,2,0,1,0
6794,STU05824,14,90,2,1,1,1,1,24,17,0,91,63,0,0,2,2,1,0,0
6795,STU05825,14,90,2,1,1,1,1,23,4,0,62,66,0,2,2,2,0,1,0
6798,STU05826,24,78,1,1,0,1,0,29,5,0,50,52,1,2,3,3,1,0,0
6799,STU05827,24,78,2,1,2,1,0,29,5,0,50,52,1,2,3,3,1,0,0
6800,STU05828,24,78,0,1,0,1,0,29,5,0,50,52,1,2,3,3,1,0,0
6801,STU05829,31,75,1,0,0,1,1,19,10,0,98,41,1,2,3,3,1,0,0
6802,STU05830,31,75,1,0,0,1,1,25,4,1,94,48,1,1,3,3,1,0,0
6803,STU05831,16,99,2,0,2,1,1,20,0,1,96,57,1,2,2,2,0,0,0
6804,STU05832,16,99,2,0,2,1,1,19,2,1,93,64,1,1,2,2,0,0,0
6805,STU05833,16,99,2,0,2,1,1,26,16,1,81,73,1,2,1,1,0,0,1
6806,STU05834,16,99,1,1,2,1,1,20,0,1,96,57,1,2,2,2,0,0,0
6807,STU05835,16,99,1,1,2,1,1,19,2,1,93,64,1,1,2,2,0,0,0
6808,STU05836,16,99,1,1,2,1,1,26,16,1,81,73,1,2,1,1,0,0,1
6809,STU05837,16,99,2,1,1,1,1,20,0,1,96,57,1,2,2,2,0,0,0
6810,STU05838,16,99,2,1,1,1,1,19,2,1,93,64,1,1,2,2,0,0,0
6811,STU05839,16,99,2,1,1,1,1,26,16,1,81,73,1,2,1,1,0,0,1
6812,STU05840,19,87,0,1,0,1,0,22,15,1,77,79,0,2,1,1,1,0,0
6813,STU05841,19,87,0,1,0,1,0,20,6,1,88,94,0,2,0,0,1,0,0
6814,STU05842,19,87,1,0,0,1,0,22,15,1,77,79,0,2,1,1,1,0,0
6815,STU05843,19,87,1,0,0,1,0,20,6,1,88,94,0,2,0,0,1,0,0
6816,STU05844,19,87,1,0,1,1,0,22,15,1,77,79,0,2,1,1,1,0,0
6817,STU05845,19,87,1,0,1,1,0,20,6,1,88,94,0,2,0,0,1,0,0
6820,STU05846,19,87,1,1,1,1,0,22,15,1,77,79,0,2,1,1,1,0,0
6821,STU05847,19,87,1,1,1,1,0,20,6,1,88,94,0,2,0,0,1,0,0
6822,STU05848,22,82,2,0,1,1,1,26,4,0,89,44,1,0,3,3,1,0,0
6823,STU05849,22,82,2,0,1,1,1,25,12,1,59,91,0,2,0,0,0,0,0
6824,STU05850,22,82,1,0,2,1,1,26,4,0,89,44,1,0,3,3,1,0,0
6825,STU05851,22,82,1,0,2,1,1,25,12,1,59,91,0,2,0,0,0,0,0
6828,STU05852,22,82,0,0,1,1,1,26,4,0,89,44,1,0,3,3,1,0,0
6829,STU05853,22,82,0,0,1,1,1,25,12,1,59,91,0,2,0,0,0,0,0
6830,STU05854,22,82,2,1,1,1,1,26,4,0,89,44,1,0,3,3,1,0,0
6831,STU05855,22,82,2,1,1,1,1,25,12,1,59,91,0,2,0,0,0,0,0
6832,STU05856,22,82,1,1,0,1,1,26,4,0,89,44,1,0,3,3,1,0,0
6833,STU05857,22,82,1,1,0,1,1,25,12,1,59,91,0,2,0,0,0,0,0
6836,STU05858,12,94,2,1,0,1,0,25,7,1,79,81,1,1,1,1,1,0,0
6837,STU05859,12,94,1,1,1,1,0,25,7,1,79,81,1,1,1,1,1,0,0
6838,STU05860,29,90,2,0,1,1,0,24,10,0,99,61,1,2,2,2,0,0,1
6839,STU05861,29,90,2,0,1,1,0,25,8,1,55,62,1,2,2,2,0,0,0
6840,STU05862,29,90,1,1,1,1,0,24,10,0,99,61,1,2,2,2,0,0,1
6841,STU05863,29,90,1,1,1,1,0,25,8,1,55,62,1,2,2,2,0,0,0
6842,STU05864,29,90,0,1,0,1,0,24,10,0,99,61,1,2,2,2,0,0,1
6843,STU05865,29,90,0,1,0,1,0,25,8,1,55,62,1,2,2,2,0,0,0
6846,STU05866,22,90,2,0,2,1,1,20,12,1,92,46,0,2,3,3,0,0,1
6847,STU05867,22,90,2,0,2,1,1,22,19,0,69,55,0,1,2,2,0,1,0
6848,STU05868,22,90,2,0,2,1,1,19,18,1,98,75,1,0,1,1,1,0,0
6849,STU05869,22,90,2,0,2,1,1,25,17,1,92,52,1,2,3,3,0,0,0
6850,STU05870,22,90,1,1,0,1,1,20,12,1,92,46,0,2,3,3,0,0,1
6851,STU05871,22,90,1,1,0,1,1,22,19,0,69,55,0,1,2,2,0,1,0
6852,STU05872,22,90,1,1,0,1,1,19,18,1,98,75,1,0,1,1,1,0,0
6853,STU05873,22,90,1,1,0,1,1,25,17,1,92,52,1,2,3,3,0,0,0
6854,STU05874,22,90,1,0,0,1,1,20,12,1,92,46,0,2,3,3,0,0,1
6855,STU05875,22,90,1,0,0,1,1,22,19,0,69,55,0,1,2,2,0,1,0
6856,STU05876,22,90,1,0,0,1,1,19,18,1,98,75,1,0,1,1,1,0,0
6857,STU05877,22,90,1,0,0,1,1,25,17,1,92,52,1,2,3,3,0,0,0
6858,STU05878,22,90,0,1,1,1,1,20,12,1,92,46,0,2,3,3,0,0,1
6859,STU05879,22,90,0,1,1,1,1,22,19,0,69,55,0,1,2,2,0,1,0
6860,STU05880,22,90,0,1,1,1,1,19,18,1,98,75,1,0,1,1,1,0,0
6861,STU05881,22,90,0,1,1,1,1,25,17,1,92,52,1,2,3,3,0,0,0
6862,STU05882,22,90,1,1,1,1,1,20,12,1,92,46,0,2,3,3,0,0,1
6863,STU05883,22,90,1,1,1,1,1,22,19,0,69,55,0,1,2,2,0,1,0
6864,STU05884,22,90,1,1,1,1,1,19,18,1,98,75,1,0,1,1,1,0,0
6865,STU05885,22,90,1,1,1,1,1,25,17,1,92,52,1,2,3,3,0,0,0
6866,STU05886,23,94,0,1,1,1,0,25,11,1,84,63,1,2,2,2,0,1,0
6869,STU05887,23,94,2,0,1,1,0,25,11,1,84,63,1,2,2,2,0,1,0
6870,STU05888,23,94,2,1,1,0,0,25,11,1,84,63,1,2,2,2,0,1,0
6871,STU05889,23,94,1,0,2,1,0,25,11,1,84,63,1,2,2,2,0,1,0
6872,STU05890,28,74,0,1,1,1,1,24,16,1,94,78,1,2,1,1,0,1,0
6873,STU05891,28,74,0,1,1,1,1,27,0,1,85,91,1,2,0,0,1,0,0
6874,STU05892,28,74,0,1,1,1,1,18,5,0,94,45,0,2,3,3,0,0,0
6875,STU05893,28,74,2,0,2,1,1,24,16,1,94,78,1,2,1,1,0,1,0
6876,STU05894,28,74,2,0,2,1,1,27,0,1,85,91,1,2,0,0,1,0,0
6877,STU05895,28,74,2,0,2,1,1,18,5,0,94,45,0,2,3,3,0,0,0
6878,STU05896,19,63,2,1,1,1,0,22,4,1,55,67,0,0,2,2,1,0,0
6879,STU05897,19,63,2,1,1,1,0,27,1,1,70,44,1,1,3,3,1,0,0
6880,STU05898,19,63,2,1,1,1,0,27,10,0,54,86,0,2,0,0,0,0,0
6881,STU05899,19,63,2,1,1,1,0,23,7,0,65,54,1,2,3,3,0,0,1
6886,STU05900,19,63,1,1,0,1,0,22,4,1,55,67,0,0,2,2,1,0,0
6887,STU05901,19,63,1,1,0,1,0,27,1,1,70,44,1,1,3,3,1,0,0
6888,STU05902,19,63,1,1,0,1,0,27,10,0,54,86,0,2,0,0,0,0,0
6889,STU05903,19,63,1,1,0,1,0,23,7,0,65,54,1,2,3,3,0,0,1
6890,STU05904,16,93,1,0,1,1,1,22,16,0,64,40,1,2,3,3,0,0,1
6891,STU05905,16,93,0,1,1,1,1,22,16,0,64,40,1,2,3,3,0,0,1
6892,STU05906,16,93,1,1,0,1,1,22,16,0,64,40,1,2,3,3,0,0,1
6893,STU05907,16,93,2,0,1,0,1,22,16,0,64,40,1,2,3,3,0,0,1
6894,STU05908,16,93,0,0,1,1,1,22,16,0,64,40,1,2,3,3,0,0,1
6895,STU05909,16,93,2,0,2,1,1,22,16,0,64,40,1,2,3,3,0,0,1
6899,STU05910,31,67,0,0,2,1,0,28,3,1,83,61,0,0,2,2,0,0,1
6900,STU05911,11,87,1,0,2,1,1,28,10,0,82,86,0,2,0,0,0,1,0
6901,STU05912,11,87,1,0,2,1,1,21,6,0,100,50,1,1,3,3,0,1,0
6902,STU05913,21,81,1,0,1,1,1,23,10,1,64,98,1,0,0,0,0,0,1
6903,STU05914,21,81,1,0,1,1,1,28,20,1,95,82,1,2,1,1,1,0,0
6904,STU05915,21,81,1,0,1,1,1,21,17,1,74,84,1,2,1,1,1,0,0
6905,STU05916,21,81,0,1,2,1,1,23,10,1,64,98,1,0,0,0,0,0,1
6906,STU05917,21,81,0,1,2,1,1,28,20,1,95,82,1,2,1,1,1,0,0
6907,STU05918,21,81,0,1,2,1,1,21,17,1,74,84,1,2,1,1,1,0,0
6908,STU05919,21,81,1,1,1,1,1,23,10,1,64,98,1,0,0,0,0,0,1
6909,STU05920,21,81,1,1,1,1,1,28,20,1,95,82,1,2,1,1,1,0,0
6910,STU05921,21,81,1,1,1,1,1,21,17,1,74,84,1,2,1,1,1,0,0
6917,STU05922,16,68,1,1,2,1,0,24,17,1,61,60,1,2,2,2,0,0,1
6918,STU05923,16,68,1,1,1,1,0,24,17,1,61,60,1,2,2,2,0,0,1
6919,STU05924,16,68,2,0,2,1,0,24,17,1,61,60,1,2,2,2,0,0,1
6920,STU05925,9,80,2,0,0,1,0,21,7,1,75,78,1,2,1,1,0,0,1
6921,STU05926,9,80,2,0,0,1,0,26,20,0,100,81,1,2,1,1,0,1,0
6922,STU05927,9,80,2,0,0,1,0,29,5,0,71,93,0,1,0,0,1,0,0
6923,STU05928,9,80,0,1,0,1,0,21,7,1,75,78,1,2,1,1,0,0,1
6924,STU05929,9,80,0,1,0,1,0,26,20,0,100,81,1,2,1,1,0,1,0
6925,STU05930,9,80,0,1,0,1,0,29,5,0,71,93,0,1,0,0,1,0,0
6926,STU05931,5,92,1,1,1,1,0,21,18,1,54,44,1,0,3,3,0,0,1
6927,STU05932,10,92,2,1,0,1,0,21,13,0,76,56,0,0,2,2,0,1,0
6928,STU05933,10,92,1,0,2,1,0,21,13,0,76,56,0,0,2,2,0,1,0
6929,STU05934,10,92,0,1,2,1,0,21,13,0,76,56,0,0,2,2,0,1,0
6930,STU05935,25,83,2,0,1,1,1,21,6,1,93,56,1,0,2,2,1,0,0
6931,STU05936,25,83,2,1,0,1,1,21,6,1,93,56,1,0,2,2,1,0,0
6933,STU05937,25,83,2,1,2,1,1,21,6,1,93,56,1,0,2,2,1,0,0
6934,STU05938,25,83,1,1,0,1,1,21,6,1,93,56,1,0,2,2,1,0,0
6935,STU05939,25,91,2,1,1,1,0,24,6,0,92,88,0,2,0,0,0,0,0
6936,STU05940,25,91,2,1,1,1,0,21,0,0,59,67,1,1,2,2,0,0,0
6937,STU05941,25,91,2,1,1,1,0,28,9,1,66,62,1,2,2,2,0,0,0
6938,STU05942,25,91,1,1,1,1,0,24,6,0,92,88,0,2,0,0,0,0,0
6939,STU05943,25,91,1,1,1,1,0,21,0,0,59,67,1,1,2,2,0,0,0
6940,STU05944,25,91,1,1,1,1,0,28,9,1,66,62,1,2,2,2,0,0,0
6941,STU05945,25,91,0,1,0,1,0,24,6,0,92,88,0,2,0,0,0,0,0
6942,STU05946,25,91,0,1,0,1,0,21,0,0,59,67,1,1,2,2,0,0,0
6943,STU05947,25,91,0,1,0,1,0,28,9,1,66,62,1,2,2,2,0,0,0
6944,STU05948,25,91,0,0,1,1,0,24,6,0,92,88,0,2,0,0,0,0,0
6945,STU05949,25,91,0,0,1,1,0,21,0,0,59,67,1,1,2,2,0,0,0
6946,STU05950,25,91,0,0,1,1,0,28,9,1,66,62,1,2,2,2,0,0,0
6947,STU05951,23,68,1,1,1,1,1,23,2,1,77,95,0,2,0,0,0,0,0
6948,STU05952,23,68,0,1,1,0,1,23,2,1,77,95,0,2,0,0,0,0,0
6949,STU05953,23,68,0,1,1,1,1,23,2,1,77,95,0,2,0,0,0,0,0
6952,STU05954,23,68,1,1,0,1,1,23,2,1,77,95,0,2,0,0,0,0,0
6953,STU05955,23,68,2,1,1,1,1,23,2,1,77,95,0,2,0,0,0,0,0
6954,STU05956,29,88,2,0,0,1,0,24,20,1,59,54,1,2,3,3,1,0,0
6955,STU05957,25,76,0,1,0,1,1,29,17,1,73,90,0,2,0,0,0,1,0
6956,STU05958,25,76,1,1,1,1,1,29,17,1,73,90,0,2,0,0,0,1,0
6957,STU05959,25,76,2,0,2,1,1,29,17,1,73,90,0,2,0,0,0,1,0
6959,STU05960,25,76,2,1,0,0,1,29,17,1,73,90,0,2,0,0,0,1,0
6960,STU05961,25,76,2,0,1,1,1,29,17,1,73,90,0,2,0,0,0,1,0
6961,STU05962,8,72,1,1,1,1,0,29,6,0,72,85,1,2,0,0,1,0,0
6962,STU05963,8,72,1,1,1,1,0,23,16,1,68,54,1,2,3,3,0,0,1
6963,STU05964,8,72,1,1,1,1,0,28,12,1,60,43,1,2,3,3,0,0,0
6964,STU05965,8,72,1,1,1,1,0,21,1,0,90,79,1,2,1,1,0,0,0
6965,STU05966,8,72,1,1,1,1,0,25,0,1,81,98,0,0,0,0,0,0,0
6966,STU05967,19,83,1,0,2,1,1,22,8,0,66,86,1,1,0,0,0,0,0
6967,STU05968,19,83,1,0,2,1,1,23,18,1,91,78,1,1,1,1,0,0,0
6968,STU05969,19,83,0,0,1,1,1,22,8,0,66,86,1,1,0,0,0,0,0
6969,STU05970,19,83,0,0,1,1,1,23,18,1,91,78,1,1,1,1,0,0,0
6970,STU05971,19,83,0,1,1,1,1,22,8,0,66,86,1,1,0,0,0,0,0
6971,STU05972,19,83,0,1,1,1,1,23,18,1,91,78,1,1,1,1,0,0,0
6972,STU05973,19,83,1,0,2,0,1,22,8,0,66,86,1,1,0,0,0,0,0
6973,STU05974,19,83,1,0,2,0,1,23,18,1,91,78,1,1,1,1,0,0,0
6974,STU05975,18,95,2,0,1,1,0,27,5,0,76,94,1,1,0,0,0,1,0
6975,STU05976,18,95,2,0,1,1,0,19,9,1,63,51,1,0,3,3,0,0,0
6976,STU05977,18,95,2,0,1,1,0,29,9,1,66,53,0,2,3,3,0,1,0
6977,STU05978,18,95,2,1,0,1,0,27,5,0,76,94,1,1,0,0,0,1,0
6978,STU05979,18,95,2,1,0,1,0,19,9,1,63,51,1,0,3,3,0,0,0
6979,STU05980,18,95,2,1,0,1,0,29,9,1,66,53,0,2,3,3,0,1,0
6980,STU05981,18,95,2,1,1,1,0,27,5,0,76,94,1,1,0,0,0,1,0
6981,STU05982,18,95,2,1,1,1,0,19,9,1,63,51,1,0,3,3,0,0,0
6982,STU05983,18,95,2,1,1,1,0,29,9,1,66,53,0,2,3,3,0,1,0
6983,STU05984,18,95,1,0,1,1,0,27,5,0,76,94,1,1,0,0,0,1,0
6984,STU05985,18,95,1,0,1,1,0,19,9,1,63,51,1,0,3,3,0,0,0
6985,STU05986,18,95,1,0,1,1,0,29,9,1,66,53,0,2,3,3,0,1,0
6986,STU05987,18,95,0,1,0,1,0,27,5,0,76,94,1,1,0,0,0,1,0
6987,STU05988,18,95,0,1,0,1,0,19,9,1,63,51,1,0,3,3,0,0,0
6988,STU05989,18,95,0,1,0,1,0,29,9,1,66,53,0,2,3,3,0,1,0
6989,STU05990,18,95,1,1,2,1,0,27,5,0,76,94,1,1,0,0,0,1,0
6990,STU05991,18,95,1,1,2,1,0,19,9,1,63,51,1,0,3,3,0,0,0
6991,STU05992,18,95,1,1,2,1,0,29,9,1,66,53,0,2,3,3,0,1,0
6992,STU05993,18,95,1,1,0,1,0,27,5,0,76,94,1,1,0,0,0,1,0
6993,STU05994,18,95,1,1,0,1,0,19,9,1,63,51,1,0,3,3,0,0,0
6994,STU05995,18,95,1,1,0,1,0,29,9,1,66,53,0,2,3,3,0,1,0
6995,STU05996,31,96,1,1,0,1,1,18,1,0,73,77,1,2,1,1,0,0,1
6996,STU05997,31,96,1,1,0,1,1,26,5,1,59,69,1,2,2,2,0,0,0
6997,STU05998,31,96,2,1,2,1,1,18,1,0,73,77,1,2,1,1,0,0,1
6998,STU05999,31,96,2,1,2,1,1,26,5,1,59,69,1,2,2,2,0,0,0
6999,STU06000,31,96,0,1,1,1,1,18,1,0,73,77,1,2,1,1,0,0,1
7000,STU06001,31,96,0,1,1,1,1,26,5,1,59,69,1,2,2,2,0,0,0
7001,STU06002,28,98,1,1,1,1,0,26,14,1,87,64,1,2,2,2,1,0,0
7002,STU06003,26,100,2,0,0,1,0,18,15,1,84,80,0,1,1,1,1,0,0
7003,STU06004,26,100,2,0,0,1,0,19,15,0,97,45,1,0,3,3,1,0,0
7004,STU06005,26,100,2,1,2,1,0,18,15,1,84,80,0,1,1,1,1,0,0
7005,STU06006,26,100,2,1,2,1,0,19,15,0,97,45,1,0,3,3,1,0,0
7006,STU06007,20,69,1,0,0,1,0,29,6,1,99,57,1,2,2,2,0,0,1
7007,STU06008,20,69,1,0,0,1,0,20,2,1,65,41,1,2,3,3,1,0,0
7008,STU06009,20,69,1,0,1,1,0,29,6,1,99,57,1,2,2,2,0,0,1
7009,STU06010,20,69,1,0,1,1,0,20,2,1,65,41,1,2,3,3,1,0,0
7010,STU06011,20,69,2,1,1,1,0,29,6,1,99,57,1,2,2,2,0,0,1
7011,STU06012,20,69,2,1,1,1,0,20,2,1,65,41,1,2,3,3,1,0,0
7012,STU06013,20,69,0,1,2,1,0,29,6,1,99,57,1,2,2,2,0,0,1
7013,STU06014,20,69,0,1,2,1,0,20,2,1,65,41,1,2,3,3,1,0,0
7014,STU06015,20,69,0,0,1,1,0,29,6,1,99,57,1,2,2,2,0,0,1
7015,STU06016,20,69,0,0,1,1,0,20,2,1,65,41,1,2,3,3,1,0,0
7016,STU06017,20,69,1,1,2,1,0,29,6,1,99,57,1,2,2,2,0,0,1
7017,STU06018,20,69,1,1,2,1,0,20,2,1,65,41,1,2,3,3,1,0,0
7018,STU06019,16,89,1,1,1,0,1,25,2,0,52,89,0,2,0,0,0,1,0
7019,STU06020,16,89,1,1,1,0,1,18,13,0,82,42,0,2,3,3,0,0,1
7020,STU06021,16,89,1,1,1,0,1,21,16,1,83,69,1,1,2,2,0,1,0
7021,STU06022,16,89,1,0,1,1,1,25,2,0,52,89,0,2,0,0,0,1,0
7022,STU06023,16,89,1,0,1,1,1,18,13,0,82,42,0,2,3,3,0,0,1
7023,STU06024,16,89,1,0,1,1,1,21,16,1,83,69,1,1,2,2,0,1,0
7024,STU06025,16,89,1,1,2,1,1,25,2,0,52,89,0,2,0,0,0,1,0
7025,STU06026,16,89,1,1,2,1,1,18,13,0,82,42,0,2,3,3,0,0,1
7026,STU06027,16,89,1,1,2,1,1,21,16,1,83,69,1,1,2,2,0,1,0
7030,STU06028,16,89,1,1,0,1,1,25,2,0,52,89,0,2,0,0,0,1,0
7031,STU06029,16,89,1,1,0,1,1,18,13,0,82,42,0,2,3,3,0,0,1
7032,STU06030,16,89,1,1,0,1,1,21,16,1,83,69,1,1,2,2,0,1,0
7033,STU06031,22,60,1,0,0,1,1,22,14,1,69,88,0,2,0,0,1,0,0
7034,STU06032,22,60,1,1,1,1,1,22,14,1,69,88,0,2,0,0,1,0,0
7035,STU06033,22,60,1,0,1,1,1,22,14,1,69,88,0,2,0,0,1,0,0
7036,STU06034,25,60,0,1,0,1,1,28,5,1,83,76,0,1,1,1,0,0,1
7037,STU06035,25,60,0,0,0,1,1,28,5,1,83,76,0,1,1,1,0,0,1
7038,STU06036,16,72,1,1,0,1,1,20,7,1,79,88,1,0,0,0,0,1,0
7039,STU06037,16,72,1,1,0,1,1,19,1,1,82,73,1,0,1,1,0,0,1
7040,STU06038,16,72,1,1,0,1,1,28,3,0,67,56,1,1,2,2,0,0,0
7041,STU06039,16,72,1,1,0,1,1,23,0,1,85,52,1,2,3,3,0,1,0
7042,STU06040,16,72,2,0,0,1,1,20,7,1,79,88,1,0,0,0,0,1,0
7043,STU06041,16,72,2,0,0,1,1,19,1,1,82,73,1,0,1,1,0,0,1
7044,STU06042,16,72,2,0,0,1,1,28,3,0,67,56,1,1,2,2,0,0,0
7045,STU06043,16,72,2,0,0,1,1,23,0,1,85,52,1,2,3,3,0,1,0
7046,STU06044,16,72,1,1,2,1,1,20,7,1,79,88,1,0,0,0,0,1,0
7047,STU06045,16,72,1,1,2,1,1,19,1,1,82,73,1,0,1,1,0,0,1
7048,STU06046,16,72,1,1,2,1,1,28,3,0,67,56,1,1,2,2,0,0,0
7049,STU06047,16,72,1,1,2,1,1,23,0,1,85,52,1,2,3,3,0,1,0
7050,STU06048,16,72,2,0,1,1,1,20,7,1,79,88,1,0,0,0,0,1,0
7051,STU06049,16,72,2,0,1,1,1,19,1,1,82,73,1,0,1,1,0,0,1
7052,STU06050,16,72,2,0,1,1,1,28,3,0,67,56,1,1,2,2,0,0,0
7053,STU06051,16,72,2,0,1,1,1,23,0,1,85,52,1,2,3,3,0,1,0
7054,STU06052,30,67,2,1,2,1,1,21,20,1,70,96,1,2,0,0,0,0,0
7055,STU06053,30,67,2,1,2,1,1,18,2,0,75,87,1,1,0,0,0,0,0
7056,STU06054,30,67,2,1,2,1,1,24,7,1,65,77,0,2,1,1,0,0,0
7057,STU06055,30,67,2,1,2,1,1,23,2,1,50,75,1,1,1,1,0,0,1
7058,STU06056,30,67,2,1,2,1,1,24,2,0,88,69,1,1,2,2,1,0,0
7059,STU06057,30,67,1,0,2,1,1,21,20,1,70,96,1,2,0,0,0,0,0
7060,STU06058,30,67,1,0,2,1,1,18,2,0,75,87,1,1,0,0,0,0,0
7061,STU06059,30,67,1,0,2,1,1,24,7,1,65,77,0,2,1,1,0,0,0
7062,STU06060,30,67,1,0,2,1,1,23,2,1,50,75,1,1,1,1,0,0,1
7063,STU06061,30,67,1,0,2,1,1,24,2,0,88,69,1,1,2,2,1,0,0
7064,STU06062,16,69,2,1,1,1,0,21,15,1,77,85,1,2,0,0,0,0,1
7066,STU06063,23,66,2,0,1,1,0,22,4,0,67,43,1,2,3,3,1,0,0
7067,STU06064,23,66,2,0,1,1,0,28,7,0,67,58,1,2,2,2,0,0,0
7068,STU06065,23,66,0,1,2,1,0,22,4,0,67,43,1,2,3,3,1,0,0
7069,STU06066,23,66,0,1,2,1,0,28,7,0,67,58,1,2,2,2,0,0,0
7070,STU06067,23,66,0,1,1,1,0,22,4,0,67,43,1,2,3,3,1,0,0
7071,STU06068,23,66,0,1,1,1,0,28,7,0,67,58,1,2,2,2,0,0,0
7072,STU06069,23,66,1,1,1,1,0,22,4,0,67,43,1,2,3,3,1,0,0
7073,STU06070,23,66,1,1,1,1,0,28,7,0,67,58,1,2,2,2,0,0,0
7074,STU06071,23,66,2,1,1,1,0,22,4,0,67,43,1,2,3,3,1,0,0
7075,STU06072,23,66,2,1,1,1,0,28,7,0,67,58,1,2,2,2,0,0,0
7076,STU06073,23,66,2,1,2,1,0,22,4,0,67,43,1,2,3,3,1,0,0
7077,STU06074,23,66,2,1,2,1,0,28,7,0,67,58,1,2,2,2,0,0,0
7078,STU06075,33,64,0,1,0,1,1,23,10,1,82,100,1,0,0,0,0,1,0
7079,STU06076,33,64,1,1,1,1,1,23,10,1,82,100,1,0,0,0,0,1,0
7080,STU06077,33,64,1,0,0,0,1,23,10,1,82,100,1,0,0,0,0,1,0
7081,STU06078,30,79,1,0,1,1,0,25,4,1,64,69,1,1,2,2,0,1,0
7082,STU06079,30,79,1,0,1,1,0,19,6,1,65,84,1,2,1,1,0,0,0
7085,STU06080,30,79,2,0,1,1,0,25,4,1,64,69,1,1,2,2,0,1,0
7086,STU06081,30,79,2,0,1,1,0,19,6,1,65,84,1,2,1,1,0,0,0
7087,STU06082,30,79,2,0,1,0,0,25,4,1,64,69,1,1,2,2,0,1,0
7088,STU06083,30,79,2,0,1,0,0,19,6,1,65,84,1,2,1,1,0,0,0
7089,STU06084,23,63,0,1,0,1,1,28,5,0,96,44,1,1,3,3,0,0,1
7090,STU06085,23,63,1,0,2,1,1,28,5,0,96,44,1,1,3,3,0,0,1
7091,STU06086,23,63,1,1,2,1,1,28,5,0,96,44,1,1,3,3,0,0,1
7092,STU06087,23,63,1,0,1,1,1,28,5,0,96,44,1,1,3,3,0,0,1
7093,STU06088,23,63,1,1,1,1,1,28,5,0,96,44,1,1,3,3,0,0,1
7094,STU06089,23,63,1,0,0,1,1,28,5,0,96,44,1,1,3,3,0,0,1
7095,STU06090,24,81,2,1,1,1,1,19,11,1,58,83,1,0,1,1,0,0,1
7096,STU06091,24,81,2,1,1,1,1,25,17,0,64,62,1,0,2,2,0,0,1
7097,STU06092,24,81,2,1,1,1,1,28,18,0,98,55,1,2,2,2,0,1,0
7098,STU06093,24,81,1,1,0,1,1,19,11,1,58,83,1,0,1,1,0,0,1
7099,STU06094,24,81,1,1,0,1,1,25,17,0,64,62,1,0,2,2,0,0,1
7100,STU06095,24,81,1,1,0,1,1,28,18,0,98,55,1,2,2,2,0,1,0
7101,STU06096,24,81,1,1,1,0,1,19,11,1,58,83,1,0,1,1,0,0,1
7102,STU06097,24,81,1,1,1,0,1,25,17,0,64,62,1,0,2,2,0,0,1
7103,STU06098,24,81,1,1,1,0,1,28,18,0,98,55,1,2,2,2,0,1,0
7104,STU06099,24,81,0,1,1,1,1,19,11,1,58,83,1,0,1,1,0,0,1
7105,STU06100,24,81,0,1,1,1,1,25,17,0,64,62,1,0,2,2,0,0,1
7106,STU06101,24,81,0,1,1,1,1,28,18,0,98,55,1,2,2,2,0,1,0
7107,STU06102,24,81,1,0,1,1,1,19,11,1,58,83,1,0,1,1,0,0,1
7108,STU06103,24,81,1,0,1,1,1,25,17,0,64,62,1,0,2,2,0,0,1
7109,STU06104,24,81,1,0,1,1,1,28,18,0,98,55,1,2,2,2,0,1,0
7110,STU06105,24,81,2,1,2,1,1,19,11,1,58,83,1,0,1,1,0,0,1
7111,STU06106,24,81,2,1,2,1,1,25,17,0,64,62,1,0,2,2,0,0,1
7112,STU06107,24,81,2,1,2,1,1,28,18,0,98,55,1,2,2,2,0,1,0
7113,STU06108,24,81,1,1,1,1,1,19,11,1,58,83,1,0,1,1,0,0,1
7114,STU06109,24,81,1,1,1,1,1,25,17,0,64,62,1,0,2,2,0,0,1
7115,STU06110,24,81,1,1,1,1,1,28,18,0,98,55,1,2,2,2,0,1,0
7116,STU06111,24,81,1,1,2,1,1,19,11,1,58,83,1,0,1,1,0,0,1
7117,STU06112,24,81,1,1,2,1,1,25,17,0,64,62,1,0,2,2,0,0,1
7118,STU06113,24,81,1,1,2,1,1,28,18,0,98,55,1,2,2,2,0,1,0
7122,STU06114,18,97,1,0,0,1,0,29,18,0,72,73,1,2,1,1,0,0,1
7123,STU06115,18,97,1,0,0,1,0,25,1,1,75,53,0,2,3,3,0,0,1
7124,STU06116,18,97,2,0,0,1,0,29,18,0,72,73,1,2,1,1,0,0,1
7125,STU06117,18,97,2,0,0,1,0,25,1,1,75,53,0,2,3,3,0,0,1
7126,STU06118,18,97,2,1,1,1,0,29,18,0,72,73,1,2,1,1,0,0,1
7127,STU06119,18,97,2,1,1,1,0,25,1,1,75,53,0,2,3,3,0,0,1
7128,STU06120,18,97,0,0,1,1,0,29,18,0,72,73,1,2,1,1,0,0,1
7129,STU06121,18,97,0,0,1,1,0,25,1,1,75,53,0,2,3,3,0,0,1
7130,STU06122,10,82,1,0,0,1,1,28,6,0,57,69,0,1,2,2,1,0,0
7131,STU06123,10,82,1,0,0,1,1,28,5,0,66,76,1,2,1,1,0,0,1
7132,STU06124,29,91,2,1,1,0,0,27,6,0,66,75,1,2,1,1,0,0,1
7133,STU06125,29,91,1,0,0,1,0,27,6,0,66,75,1,2,1,1,0,0,1
7134,STU06126,13,71,2,0,0,1,1,22,8,0,56,96,1,2,0,0,1,0,0
7135,STU06127,13,71,2,0,0,1,1,29,12,0,57,51,1,2,3,3,0,0,1
7136,STU06128,13,71,1,1,1,1,1,22,8,0,56,96,1,2,0,0,1,0,0
7137,STU06129,13,71,1,1,1,1,1,29,12,0,57,51,1,2,3,3,0,0,1
7138,STU06130,13,71,1,0,1,1,1,22,8,0,56,96,1,2,0,0,1,0,0
7139,STU06131,13,71,1,0,1,1,1,29,12,0,57,51,1,2,3,3,0,0,1
7140,STU06132,13,71,0,0,0,1,1,22,8,0,56,96,1,2,0,0,1,0,0
7141,STU06133,13,71,0,0,0,1,1,29,12,0,57,51,1,2,3,3,0,0,1
7142,STU06134,26,93,1,0,1,1,1,28,10,0,98,90,1,1,0,0,0,0,1
7143,STU06135,26,93,1,0,1,1,1,18,9,1,79,94,1,0,0,0,1,0,0
7144,STU06136,26,93,2,1,1,1,1,28,10,0,98,90,1,1,0,0,0,0,1
7145,STU06137,26,93,2,1,1,1,1,18,9,1,79,94,1,0,0,0,1,0,0
7150,STU06138,30,93,2,1,1,1,0,22,8,1,73,99,0,0,0,0,0,1,0
7151,STU06139,25,72,2,1,1,1,1,21,18,0,73,57,1,1,2,2,1,0,0
7152,STU06140,25,72,2,1,1,1,1,19,13,1,81,56,1,0,2,2,0,0,1
7153,STU06141,25,72,0,1,0,1,1,21,18,0,73,57,1,1,2,2,1,0,0
7154,STU06142,25,72,0,1,0,1,1,19,13,1,81,56,1,0,2,2,0,0,1
7155,STU06143,25,72,1,1,0,1,1,21,18,0,73,57,1,1,2,2,1,0,0
7156,STU06144,25,72,1,1,0,1,1,19,13,1,81,56,1,0,2,2,0,0,1
7157,STU06145,25,72,1,0,0,1,1,21,18,0,73,57,1,1,2,2,1,0,0
7158,STU06146,25,72,1,0,0,1,1,19,13,1,81,56,1,0,2,2,0,0,1
7161,STU06147,25,72,1,1,2,1,1,21,18,0,73,57,1,1,2,2,1,0,0
7162,STU06148,25,72,1,1,2,1,1,19,13,1,81,56,1,0,2,2,0,0,1
7163,STU06149,25,72,0,1,2,1,1,21,18,0,73,57,1,1,2,2,1,0,0
7164,STU06150,25,72,0,1,2,1,1,19,13,1,81,56,1,0,2,2,0,0,1
7165,STU06151,11,69,1,0,1,1,1,19,5,1,76,97,0,2,0,0,0,0,0
7166,STU06152,11,69,1,1,0,1,1,19,5,1,76,97,0,2,0,0,0,0,0
7168,STU06153,29,60,2,1,1,1,0,23,7,1,99,68,1,0,2,2,0,0,1
7169,STU06154,29,60,2,1,1,1,0,21,17,0,55,42,1,2,3,3,0,1,0
7170,STU06155,23,70,2,1,2,1,0,22,20,1,87,44,1,2,3,3,1,0,0
7171,STU06156,23,70,2,1,2,1,0,28,5,0,72,90,1,2,0,0,0,0,1
7172,STU06157,23,70,2,1,1,1,0,22,20,1,87,44,1,2,3,3,1,0,0
7173,STU06158,23,70,2,1,1,1,0,28,5,0,72,90,1,2,0,0,0,0,1
7174,STU06159,23,70,2,0,0,1,0,22,20,1,87,44,1,2,3,3,1,0,0
7175,STU06160,23,70,2,0,0,1,0,28,5,0,72,90,1,2,0,0,0,0,1
7176,STU06161,22,75,0,1,1,1,0,23,2,1,89,89,0,2,0,0,0,0,1
7177,STU06162,22,75,1,0,2,1,0,23,2,1,89,89,0,2,0,0,0,0,1
7178,STU06163,16,62,1,0,2,1,0,18,6,0,56,52,1,2,3,3,0,0,1
7179,STU06164,16,62,1,0,2,1,0,21,5,1,63,56,1,2,2,2,1,0,0
7180,STU06165,16,62,2,0,1,0,0,18,6,0,56,52,1,2,3,3,0,0,1
7181,STU06166,16,62,2,0,1,0,0,21,5,1,63,56,1,2,2,2,1,0,0
7182,STU06167,16,62,1,0,0,1,0,18,6,0,56,52,1,2,3,3,0,0,1
7183,STU06168,16,62,1,0,0,1,0,21,5,1,63,56,1,2,2,2,1,0,0
7184,STU06169,16,62,1,0,1,1,0,18,6,0,56,52,1,2,3,3,0,0,1
7185,STU06170,16,62,1,0,1,1,0,21,5,1,63,56,1,2,2,2,1,0,0
7186,STU06171,16,62,0,0,2,1,0,18,6,0,56,52,1,2,3,3,0,0,1
7187,STU06172,16,62,0,0,2,1,0,21,5,1,63,56,1,2,2,2,1,0,0
7188,STU06173,20,99,1,0,1,1,0,27,4,1,62,90,1,2,0,0,0,1,0
7189,STU06174,20,99,1,0,1,1,0,27,14,1,61,97,0,0,0,0,0,0,1
7190,STU06175,20,99,0,1,0,1,0,27,4,1,62,90,1,2,0,0,0,1,0
7191,STU06176,20,99,0,1,0,1,0,27,14,1,61,97,0,0,0,0,0,0,1
7192,STU06177,27,89,1,0,1,1,0,26,4,1,74,96,1,1,0,0,0,0,1
7193,STU06178,27,89,1,0,1,1,0,21,17,0,97,51,1,1,3,3,0,0,1
7194,STU06179,27,89,0,0,1,1,0,26,4,1,74,96,1,1,0,0,0,0,1
7195,STU06180,27,89,0,0,1,1,0,21,17,0,97,51,1,1,3,3,0,0,1
7196,STU06181,27,89,1,1,1,1,0,26,4,1,74,96,1,1,0,0,0,0,1
7197,STU06182,27,89,1,1,1,1,0,21,17,0,97,51,1,1,3,3,0,0,1
7198,STU06183,23,73,1,1,1,1,0,24,5,1,96,86,1,1,0,0,1,0,0
7199,STU06184,23,73,1,1,1,1,0,21,6,0,96,82,0,2,1,1,0,0,0
7200,STU06185,23,73,1,1,1,1,0,23,17,1,58,93,1,1,0,0,1,0,0
7201,STU06186,23,73,1,1,1,1,0,27,0,1,92,65,0,2,2,2,0,0,0
7202,STU06187,23,73,2,0,0,1,0,24,5,1,96,86,1,1,0,0,1,0,0
7203,STU06188,23,73,2,0,0,1,0,21,6,0,96,82,0,2,1,1,0,0,0
7204,STU06189,23,73,2,0,0,1,0,23,17,1,58,93,1,1,0,0,1,0,0
7205,STU06190,23,73,2,0,0,1,0,27,0,1,92,65,0,2,2,2,0,0,0
7206,STU06191,23,73,2,0,2,1,0,24,5,1,96,86,1,1,0,0,1,0,0
7207,STU06192,23,73,2,0,2,1,0,21,6,0,96,82,0,2,1,1,0,0,0
7208,STU06193,23,73,2,0,2,1,0,23,17,1,58,93,1,1,0,0,1,0,0
7209,STU06194,23,73,2,0,2,1,0,27,0,1,92,65,0,2,2,2,0,0,0
7210,STU06195,25,78,1,0,1,1,0,27,3,0,86,68,1,2,2,2,0,0,1
7211,STU06196,25,78,1,0,1,1,0,26,20,1,86,74,0,2,1,1,0,1,0
7212,STU06197,27,95,2,0,0,1,1,24,4,0,99,95,1,0,0,0,0,0,0
7213,STU06198,27,95,2,0,0,1,1,29,20,1,62,58,0,1,2,2,0,0,1
7214,STU06199,27,95,2,0,0,1,1,22,16,1,77,84,1,0,1,1,0,0,0
7215,STU06200,27,95,2,0,0,1,1,22,15,0,66,72,1,1,1,1,0,1,0
7216,STU06201,27,95,1,0,0,1,1,24,4,0,99,95,1,0,0,0,0,0,0
7217,STU06202,27,95,1,0,0,1,1,29,20,1,62,58,0,1,2,2,0,0,1
7218,STU06203,27,95,1,0,0,1,1,22,16,1,77,84,1,0,1,1,0,0,0
7219,STU06204,27,95,1,0,0,1,1,22,15,0,66,72,1,1,1,1,0,1,0
7220,STU06205,20,87,1,0,1,1,1,21,13,1,57,52,1,2,3,3,1,0,0
7221,STU06206,20,87,1,0,0,1,1,21,13,1,57,52,1,2,3,3,1,0,0
7222,STU06207,20,87,2,1,1,1,1,21,13,1,57,52,1,2,3,3,1,0,0
7223,STU06208,20,87,1,1,0,1,1,21,13,1,57,52,1,2,3,3,1,0,0
7224,STU06209,20,87,1,1,2,1,1,21,13,1,57,52,1,2,3,3,1,0,0
7225,STU06210,20,87,0,0,1,1,1,21,13,1,57,52,1,2,3,3,1,0,0
7226,STU06211,12,79,1,1,1,1,1,18,11,1,69,83,1,1,1,1,0,1,0
7227,STU06212,12,79,1,1,1,1,1,22,2,1,94,50,1,1,3,3,0,0,1
7228,STU06213,12,79,1,0,1,1,1,18,11,1,69,83,1,1,1,1,0,1,0
7229,STU06214,12,79,1,0,1,1,1,22,2,1,94,50,1,1,3,3,0,0,1
7230,STU06215,12,79,0,0,0,1,1,18,11,1,69,83,1,1,1,1,0,1,0
7231,STU06216,12,79,0,0,0,1,1,22,2,1,94,50,1,1,3,3,0,0,1
7232,STU06217,11,97,1,1,0,1,0,21,19,1,75,62,1,0,2,2,0,0,0
7233,STU06218,11,97,1,1,0,1,0,25,19,1,52,83,1,1,1,1,1,0,0
7234,STU06219,11,97,1,1,0,1,0,19,18,0,85,73,1,1,1,1,0,0,0
7235,STU06220,11,97,1,1,0,1,0,29,19,1,62,80,1,2,1,1,0,1,0
7236,STU06221,11,97,0,1,1,1,0,21,19,1,75,62,1,0,2,2,0,0,0
7237,STU06222,11,97,0,1,1,1,0,25,19,1,52,83,1,1,1,1,1,0,0
7238,STU06223,11,97,0,1,1,1,0,19,18,0,85,73,1,1,1,1,0,0,0
7239,STU06224,11,97,0,1,1,1,0,29,19,1,62,80,1,2,1,1,0,1,0
7244,STU06225,11,97,1,0,2,1,0,21,19,1,75,62,1,0,2,2,0,0,0
7245,STU06226,11,97,1,0,2,1,0,25,19,1,52,83,1,1,1,1,1,0,0
7246,STU06227,11,97,1,0,2,1,0,19,18,0,85,73,1,1,1,1,0,0,0
7247,STU06228,11,97,1,0,2,1,0,29,19,1,62,80,1,2,1,1,0,1,0
7248,STU06229,29,80,0,0,2,1,1,23,18,1,52,51,1,2,3,3,0,1,0
7249,STU06230,29,80,0,0,2,1,1,29,0,0,69,89,0,2,0,0,0,0,0
7250,STU06231,29,80,1,1,2,0,1,23,18,1,52,51,1,2,3,3,0,1,0
7251,STU06232,29,80,1,1,2,0,1,29,0,0,69,89,0,2,0,0,0,0,0
7252,STU06233,18,88,2,1,0,1,0,27,3,1,89,90,1,2,0,0,1,0,0
7253,STU06234,18,88,2,1,0,1,0,24,13,1,96,45,0,2,3,3,0,0,1
7254,STU06235,18,88,1,0,0,1,0,27,3,1,89,90,1,2,0,0,1,0,0
7255,STU06236,18,88,1,0,0,1,0,24,13,1,96,45,0,2,3,3,0,0,1
7256,STU06237,18,88,0,1,1,1,0,27,3,1,89,90,1,2,0,0,1,0,0
7257,STU06238,18,88,0,1,1,1,0,24,13,1,96,45,0,2,3,3,0,0,1
7258,STU06239,18,88,1,0,1,1,0,27,3,1,89,90,1,2,0,0,1,0,0
7259,STU06240,18,88,1,0,1,1,0,24,13,1,96,45,0,2,3,3,0,0,1
7260,STU06241,23,93,0,1,2,0,1,18,1,1,56,66,1,0,2,2,1,0,0
7261,STU06242,23,93,0,0,1,1,1,18,1,1,56,66,1,0,2,2,1,0,0
7262,STU06243,23,93,0,1,0,1,1,18,1,1,56,66,1,0,2,2,1,0,0
7263,STU06244,23,93,2,0,2,1,1,18,1,1,56,66,1,0,2,2,1,0,0
7264,STU06245,23,93,1,1,0,0,1,18,1,1,56,66,1,0,2,2,1,0,0
7265,STU06246,26,99,2,1,2,1,0,24,13,0,65,68,1,2,2,2,0,1,0
7266,STU06247,26,99,2,1,2,1,0,29,1,1,93,77,1,1,1,1,0,0,0
7267,STU06248,21,95,0,1,1,1,0,25,20,0,53,90,1,1,0,0,1,0,0
7268,STU06249,21,95,0,1,1,1,0,21,13,0,60,88,0,0,0,0,0,1,0
7269,STU06250,21,95,1,1,1,1,0,25,20,0,53,90,1,1,0,0,1,0,0
7270,STU06251,21,95,1,1,1,1,0,21,13,0,60,88,0,0,0,0,0,1,0
7271,STU06252,18,71,0,0,1,1,0,25,13,0,83,56,0,2,2,2,0,0,1
7272,STU06253,18,71,0,0,1,1,0,20,14,0,67,54,1,2,3,3,0,0,0
7273,STU06254,18,71,1,0,2,1,0,25,13,0,83,56,0,2,2,2,0,0,1
7274,STU06255,18,71,1,0,2,1,0,20,14,0,67,54,1,2,3,3,0,0,0
7275,STU06256,18,71,1,1,0,1,0,25,13,0,83,56,0,2,2,2,0,0,1
7276,STU06257,18,71,1,1,0,1,0,20,14,0,67,54,1,2,3,3,0,0,0
7277,STU06258,18,71,1,0,1,1,0,25,13,0,83,56,0,2,2,2,0,0,1
7278,STU06259,18,71,1,0,1,1,0,20,14,0,67,54,1,2,3,3,0,0,0
7279,STU06260,18,71,2,1,1,1,0,25,13,0,83,56,0,2,2,2,0,0,1
7280,STU06261,18,71,2,1,1,1,0,20,14,0,67,54,1,2,3,3,0,0,0
7281,STU06262,18,71,0,1,1,1,0,25,13,0,83,56,0,2,2,2,0,0,1
7282,STU06263,18,71,0,1,1,1,0,20,14,0,67,54,1,2,3,3,0,0,0
7283,STU06264,20,64,2,0,1,1,0,27,20,0,82,45,0,0,3,3,0,1,0
7284,STU06265,20,64,1,1,1,1,0,27,20,0,82,45,0,0,3,3,0,1,0
7285,STU06266,20,64,2,0,2,0,0,27,20,0,82,45,0,0,3,3,0,1,0
7286,STU06267,20,64,1,0,1,1,0,27,20,0,82,45,0,0,3,3,0,1,0
7288,STU06268,20,64,0,1,2,1,0,27,20,0,82,45,0,0,3,3,0,1,0
7289,STU06269,24,85,1,1,1,1,0,20,8,1,95,47,1,1,3,3,1,0,0
7290,STU06270,24,85,1,1,1,1,0,23,5,1,100,64,1,1,2,2,0,0,0
7291,STU06271,24,85,1,1,1,0,0,20,8,1,95,47,1,1,3,3,1,0,0
7292,STU06272,24,85,1,1,1,0,0,23,5,1,100,64,1,1,2,2,0,0,0
7293,STU06273,24,85,1,1,2,1,0,20,8,1,95,47,1,1,3,3,1,0,0
7294,STU06274,24,85,1,1,2,1,0,23,5,1,100,64,1,1,2,2,0,0,0
7295,STU06275,24,85,1,1,0,1,0,20,8,1,95,47,1,1,3,3,1,0,0
7296,STU06276,24,85,1,1,0,1,0,23,5,1,100,64,1,1,2,2,0,0,0
7297,STU06277,24,85,2,0,1,1,0,20,8,1,95,47,1,1,3,3,1,0,0
7298,STU06278,24,85,2,0,1,1,0,23,5,1,100,64,1,1,2,2,0,0,0
7299,STU06279,20,85,2,0,1,1,0,19,0,1,89,95,0,2,0,0,1,0,0
7300,STU06280,20,85,2,0,1,1,0,20,11,1,84,42,1,0,3,3,1,0,0
7301,STU06281,8,67,1,1,0,1,0,29,19,1,68,55,0,2,2,2,1,0,0
7302,STU06282,8,67,1,1,0,1,0,29,19,1,72,44,1,0,3,3,1,0,0
7303,STU06283,25,64,0,1,0,1,0,21,9,1,87,46,1,0,3,3,1,0,0
7304,STU06284,25,64,0,1,0,1,0,18,3,1,94,84,1,1,1,1,1,0,0
7305,STU06285,25,64,0,1,0,1,0,18,12,0,85,63,1,0,2,2,0,1,0
7306,STU06286,25,64,0,1,0,1,0,26,1,0,98,88,1,2,0,0,0,0,1
7307,STU06287,25,64,0,1,0,1,0,23,4,1,58,55,1,1,2,2,0,1,0
7308,STU06288,25,64,0,1,0,1,0,28,18,0,60,99,1,2,0,0,0,0,1
7309,STU06289,25,64,0,1,0,1,0,21,8,1,71,40,0,1,3,3,0,1,0
7310,STU06290,33,74,1,0,1,1,0,20,15,1,87,52,1,2,3,3,0,1,0
7311,STU06291,24,80,1,0,1,1,1,24,16,1,98,50,1,2,3,3,0,0,1
7312,STU06292,24,80,1,0,1,1,1,22,20,0,51,43,1,1,3,3,1,0,0
7313,STU06293,24,80,1,0,1,1,1,27,1,1,96,59,0,2,2,2,1,0,0
7314,STU06294,24,80,1,0,1,1,1,28,16,0,71,96,1,2,0,0,1,0,0
7315,STU06295,24,80,1,0,1,1,1,28,15,0,88,84,0,2,1,1,1,0,0
7316,STU06296,24,80,2,1,2,1,1,24,16,1,98,50,1,2,3,3,0,0,1
7317,STU06297,24,80,2,1,2,1,1,22,20,0,51,43,1,1,3,3,1,0,0
7318,STU06298,24,80,2,1,2,1,1,27,1,1,96,59,0,2,2,2,1,0,0
7319,STU06299,24,80,2,1,2,1,1,28,16,0,71,96,1,2,0,0,1,0,0
7320,STU06300,24,80,2,1,2,1,1,28,15,0,88,84,0,2,1,1,1,0,0
7321,STU06301,24,80,1,1,0,1,1,24,16,1,98,50,1,2,3,3,0,0,1
7322,STU06302,24,80,1,1,0,1,1,22,20,0,51,43,1,1,3,3,1,0,0
7323,STU06303,24,80,1,1,0,1,1,27,1,1,96,59,0,2,2,2,1,0,0
7324,STU06304,24,80,1,1,0,1,1,28,16,0,71,96,1,2,0,0,1,0,0
7325,STU06305,24,80,1,1,0,1,1,28,15,0,88,84,0,2,1,1,1,0,0
7326,STU06306,24,80,2,0,1,1,1,24,16,1,98,50,1,2,3,3,0,0,1
7327,STU06307,24,80,2,0,1,1,1,22,20,0,51,43,1,1,3,3,1,0,0
7328,STU06308,24,80,2,0,1,1,1,27,1,1,96,59,0,2,2,2,1,0,0
7329,STU06309,24,80,2,0,1,1,1,28,16,0,71,96,1,2,0,0,1,0,0
7330,STU06310,24,80,2,0,1,1,1,28,15,0,88,84,0,2,1,1,1,0,0
7331,STU06311,24,80,2,0,2,1,1,24,16,1,98,50,1,2,3,3,0,0,1
7332,STU06312,24,80,2,0,2,1,1,22,20,0,51,43,1,1,3,3,1,0,0
7333,STU06313,24,80,2,0,2,1,1,27,1,1,96,59,0,2,2,2,1,0,0
7334,STU06314,24,80,2,0,2,1,1,28,16,0,71,96,1,2,0,0,1,0,0
7335,STU06315,24,80,2,0,2,1,1,28,15,0,88,84,0,2,1,1,1,0,0
7336,STU06316,24,80,1,0,0,1,1,24,16,1,98,50,1,2,3,3,0,0,1
7337,STU06317,24,80,1,0,0,1,1,22,20,0,51,43,1,1,3,3,1,0,0
7338,STU06318,24,80,1,0,0,1,1,27,1,1,96,59,0,2,2,2,1,0,0
7339,STU06319,24,80,1,0,0,1,1,28,16,0,71,96,1,2,0,0,1,0,0
7340,STU06320,24,80,1,0,0,1,1,28,15,0,88,84,0,2,1,1,1,0,0
7341,STU06321,24,80,2,1,1,1,1,24,16,1,98,50,1,2,3,3,0,0,1
7342,STU06322,24,80,2,1,1,1,1,22,20,0,51,43,1,1,3,3,1,0,0
7343,STU06323,24,80,2,1,1,1,1,27,1,1,96,59,0,2,2,2,1,0,0
7344,STU06324,24,80,2,1,1,1,1,28,16,0,71,96,1,2,0,0,1,0,0
7345,STU06325,24,80,2,1,1,1,1,28,15,0,88,84,0,2,1,1,1,0,0
7346,STU06326,14,77,2,0,1,1,0,21,5,0,68,92,1,0,0,0,1,0,0
7347,STU06327,14,77,2,0,1,1,0,20,13,1,77,97,1,2,0,0,1,0,0
7348,STU06328,14,77,2,0,1,1,0,18,20,1,67,69,1,2,2,2,0,1,0
7349,STU06329,14,77,0,0,0,1,0,21,5,0,68,92,1,0,0,0,1,0,0
7350,STU06330,14,77,0,0,0,1,0,20,13,1,77,97,1,2,0,0,1,0,0
7351,STU06331,14,77,0,0,0,1,0,18,20,1,67,69,1,2,2,2,0,1,0
7352,STU06332,14,77,1,1,0,1,0,21,5,0,68,92,1,0,0,0,1,0,0
7353,STU06333,14,77,1,1,0,1,0,20,13,1,77,97,1,2,0,0,1,0,0
7354,STU06334,14,77,1,1,0,1,0,18,20,1,67,69,1,2,2,2,0,1,0
7355,STU06335,16,98,0,1,1,1,1,23,1,1,79,59,1,2,2,2,0,0,0
7356,STU06336,16,98,0,1,1,1,1,28,11,0,63,43,1,2,3,3,0,0,0
7357,STU06337,16,98,0,1,1,1,1,18,19,0,73,80,0,1,1,1,0,0,1
7358,STU06338,16,98,0,1,1,1,1,24,16,0,65,67,0,1,2,2,0,0,0
7359,STU06339,16,98,0,1,1,1,1,27,0,1,84,99,1,2,0,0,0,0,0
7360,STU06340,16,98,0,0,0,1,1,23,1,1,79,59,1,2,2,2,0,0,0
7361,STU06341,16,98,0,0,0,1,1,28,11,0,63,43,1,2,3,3,0,0,0
7362,STU06342,16,98,0,0,0,1,1,18,19,0,73,80,0,1,1,1,0,0,1
7363,STU06343,16,98,0,0,0,1,1,24,16,0,65,67,0,1,2,2,0,0,0
7364,STU06344,16,98,0,0,0,1,1,27,0,1,84,99,1,2,0,0,0,0,0
7365,STU06345,16,98,1,1,0,1,1,23,1,1,79,59,1,2,2,2,0,0,0
7366,STU06346,16,98,1,1,0,1,1,28,11,0,63,43,1,2,3,3,0,0,0
7367,STU06347,16,98,1,1,0,1,1,18,19,0,73,80,0,1,1,1,0,0,1
7368,STU06348,16,98,1,1,0,1,1,24,16,0,65,67,0,1,2,2,0,0,0
7369,STU06349,16,98,1,1,0,1,1,27,0,1,84,99,1,2,0,0,0,0,0
7370,STU06350,31,69,1,0,1,0,1,29,3,0,55,85,1,1,0,0,1,0,0
7371,STU06351,31,69,1,0,1,0,1,20,20,0,98,64,1,2,2,2,1,0,0
7372,STU06352,31,69,0,1,1,1,1,29,3,0,55,85,1,1,0,0,1,0,0
7373,STU06353,31,69,0,1,1,1,1,20,20,0,98,64,1,2,2,2,1,0,0
7374,STU06354,31,69,0,1,0,1,1,29,3,0,55,85,1,1,0,0,1,0,0
7375,STU06355,31,69,0,1,0,1,1,20,20,0,98,64,1,2,2,2,1,0,0
7376,STU06356,19,81,2,0,0,0,0,18,16,0,85,57,1,0,2,2,1,0,0
7377,STU06357,19,81,2,0,0,0,0,20,2,1,76,74,1,2,1,1,0,1,0
7378,STU06358,19,81,1,0,1,1,0,18,16,0,85,57,1,0,2,2,1,0,0
7379,STU06359,19,81,1,0,1,1,0,20,2,1,76,74,1,2,1,1,0,1,0
7380,STU06360,19,81,2,1,1,0,0,18,16,0,85,57,1,0,2,2,1,0,0
7381,STU06361,19,81,2,1,1,0,0,20,2,1,76,74,1,2,1,1,0,1,0
7382,STU06362,19,81,2,0,1,1,0,18,16,0,85,57,1,0,2,2,1,0,0
7383,STU06363,19,81,2,0,1,1,0,20,2,1,76,74,1,2,1,1,0,1,0
7384,STU06364,21,89,1,1,0,1,1,29,4,0,86,40,1,1,3,3,0,0,0
7385,STU06365,21,89,0,1,1,1,1,29,4,0,86,40,1,1,3,3,0,0,0
7386,STU06366,21,89,2,1,1,1,1,29,4,0,86,40,1,1,3,3,0,0,0
7387,STU06367,21,89,1,0,1,1,1,29,4,0,86,40,1,1,3,3,0,0,0
7388,STU06368,21,89,1,0,0,1,1,29,4,0,86,40,1,1,3,3,0,0,0
7389,STU06369,23,97,0,1,1,1,1,23,11,0,86,77,1,2,1,1,0,0,0
7390,STU06370,23,97,0,1,1,1,1,29,17,0,55,76,1,1,1,1,1,0,0
7391,STU06371,23,97,0,1,1,1,1,20,9,0,60,99,1,0,0,0,0,1,0
7392,STU06372,23,97,2,1,0,1,1,23,11,0,86,77,1,2,1,1,0,0,0
7393,STU06373,23,97,2,1,0,1,1,29,17,0,55,76,1,1,1,1,1,0,0
7394,STU06374,23,97,2,1,0,1,1,20,9,0,60,99,1,0,0,0,0,1,0
7395,STU06375,23,97,2,0,1,0,1,23,11,0,86,77,1,2,1,1,0,0,0
7396,STU06376,23,97,2,0,1,0,1,29,17,0,55,76,1,1,1,1,1,0,0
7397,STU06377,23,97,2,0,1,0,1,20,9,0,60,99,1,0,0,0,0,1,0
7398,STU06378,23,97,1,1,1,1,1,23,11,0,86,77,1,2,1,1,0,0,0
7399,STU06379,23,97,1,1,1,1,1,29,17,0,55,76,1,1,1,1,1,0,0
7400,STU06380,23,97,1,1,1,1,1,20,9,0,60,99,1,0,0,0,0,1,0
7401,STU06381,23,97,2,1,0,0,1,23,11,0,86,77,1,2,1,1,0,0,0
7402,STU06382,23,97,2,1,0,0,1,29,17,0,55,76,1,1,1,1,1,0,0
7403,STU06383,23,97,2,1,0,0,1,20,9,0,60,99,1,0,0,0,0,1,0
7404,STU06384,23,97,0,1,2,1,1,23,11,0,86,77,1,2,1,1,0,0,0
7405,STU06385,23,97,0,1,2,1,1,29,17,0,55,76,1,1,1,1,1,0,0
7406,STU06386,23,97,0,1,2,1,1,20,9,0,60,99,1,0,0,0,0,1,0
7410,STU06387,23,97,2,1,1,1,1,23,11,0,86,77,1,2,1,1,0,0,0
7411,STU06388,23,97,2,1,1,1,1,29,17,0,55,76,1,1,1,1,1,0,0
7412,STU06389,23,97,2,1,1,1,1,20,9,0,60,99,1,0,0,0,0,1,0
7413,STU06390,21,75,1,1,0,1,1,18,12,1,100,55,0,2,2,2,1,0,0
7414,STU06391,21,75,1,1,0,1,1,25,2,1,56,56,1,2,2,2,1,0,0
7415,STU06392,21,75,1,1,0,1,1,25,12,1,86,56,0,2,2,2,0,1,0
7416,STU06393,21,75,1,1,0,1,1,20,10,0,69,49,0,1,3,3,1,0,0
7417,STU06394,21,75,1,1,0,1,1,19,9,1,50,90,1,1,0,0,0,0,1
7418,STU06395,21,75,2,1,1,1,1,18,12,1,100,55,0,2,2,2,1,0,0
7419,STU06396,21,75,2,1,1,1,1,25,2,1,56,56,1,2,2,2,1,0,0
7420,STU06397,21,75,2,1,1,1,1,25,12,1,86,56,0,2,2,2,0,1,0
7421,STU06398,21,75,2,1,1,1,1,20,10,0,69,49,0,1,3,3,1,0,0
7422,STU06399,21,75,2,1,1,1,1,19,9,1,50,90,1,1,0,0,0,0,1
7423,STU06400,21,75,0,1,2,1,1,18,12,1,100,55,0,2,2,2,1,0,0
7424,STU06401,21,75,0,1,2,1,1,25,2,1,56,56,1,2,2,2,1,0,0
7425,STU06402,21,75,0,1,2,1,1,25,12,1,86,56,0,2,2,2,0,1,0
7426,STU06403,21,75,0,1,2,1,1,20,10,0,69,49,0,1,3,3,1,0,0
7427,STU06404,21,75,0,1,2,1,1,19,9,1,50,90,1,1,0,0,0,0,1
7428,STU06405,21,75,1,1,1,1,1,18,12,1,100,55,0,2,2,2,1,0,0
7429,STU06406,21,75,1,1,1,1,1,25,2,1,56,56,1,2,2,2,1,0,0
7430,STU06407,21,75,1,1,1,1,1,25,12,1,86,56,0,2,2,2,0,1,0
7431,STU06408,21,75,1,1,1,1,1,20,10,0,69,49,0,1,3,3,1,0,0
7432,STU06409,21,75,1,1,1,1,1,19,9,1,50,90,1,1,0,0,0,0,1
7433,STU06410,21,75,0,1,1,1,1,18,12,1,100,55,0,2,2,2,1,0,0
7434,STU06411,21,75,0,1,1,1,1,25,2,1,56,56,1,2,2,2,1,0,0
7435,STU06412,21,75,0,1,1,1,1,25,12,1,86,56,0,2,2,2,0,1,0
7436,STU06413,21,75,0,1,1,1,1,20,10,0,69,49,0,1,3,3,1,0,0
7437,STU06414,21,75,0,1,1,1,1,19,9,1,50,90,1,1,0,0,0,0,1
7438,STU06415,34,64,1,0,2,1,0,26,2,0,85,74,1,1,1,1,0,0,1
7439,STU06416,21,72,2,0,0,0,0,25,13,1,94,61,1,1,2,2,0,1,0
7440,STU06417,21,72,2,0,0,0,0,23,3,0,84,89,0,2,0,0,0,1,0
7441,STU06418,21,72,2,1,0,1,0,25,13,1,94,61,1,1,2,2,0,1,0
7442,STU06419,21,72,2,1,0,1,0,23,3,0,84,89,0,2,0,0,0,1,0
7443,STU06420,21,72,0,1,0,1,0,25,13,1,94,61,1,1,2,2,0,1,0
7444,STU06421,21,72,0,1,0,1,0,23,3,0,84,89,0,2,0,0,0,1,0
7445,STU06422,26,66,1,0,1,1,0,27,8,1,66,47,1,2,3,3,0,0,1
7446,STU06423,26,66,1,0,1,1,0,24,14,0,57,88,1,1,0,0,0,0,1
7447,STU06424,26,66,1,0,1,1,0,22,0,0,90,83,0,0,1,1,0,0,1
7448,STU06425,26,66,1,1,2,1,0,27,8,1,66,47,1,2,3,3,0,0,1
7449,STU06426,26,66,1,1,2,1,0,24,14,0,57,88,1,1,0,0,0,0,1
7450,STU06427,26,66,1,1,2,1,0,22,0,0,90,83,0,0,1,1,0,0,1
7451,STU06428,26,66,2,0,2,1,0,27,8,1,66,47,1,2,3,3,0,0,1
7452,STU06429,26,66,2,0,2,1,0,24,14,0,57,88,1,1,0,0,0,0,1
7453,STU06430,26,66,2,0,2,1,0,22,0,0,90,83,0,0,1,1,0,0,1
7454,STU06431,26,66,2,1,1,1,0,27,8,1,66,47,1,2,3,3,0,0,1
7455,STU06432,26,66,2,1,1,1,0,24,14,0,57,88,1,1,0,0,0,0,1
7456,STU06433,26,66,2,1,1,1,0,22,0,0,90,83,0,0,1,1,0,0,1
7457,STU06434,27,82,2,0,0,1,1,26,16,0,55,88,1,2,0,0,1,0,0
7458,STU06435,27,82,2,0,0,1,1,27,11,1,69,44,0,1,3,3,1,0,0
7459,STU06436,27,82,2,0,0,1,1,27,17,1,73,47,1,1,3,3,0,0,1
7460,STU06437,27,82,2,0,0,1,1,19,1,0,62,56,0,1,2,2,0,0,1
7461,STU06438,27,82,1,1,0,1,1,26,16,0,55,88,1,2,0,0,1,0,0
7462,STU06439,27,82,1,1,0,1,1,27,11,1,69,44,0,1,3,3,1,0,0
7463,STU06440,27,82,1,1,0,1,1,27,17,1,73,47,1,1,3,3,0,0,1
7464,STU06441,27,82,1,1,0,1,1,19,1,0,62,56,0,1,2,2,0,0,1
7465,STU06442,27,82,1,1,0,0,1,26,16,0,55,88,1,2,0,0,1,0,0
7466,STU06443,27,82,1,1,0,0,1,27,11,1,69,44,0,1,3,3,1,0,0
7467,STU06444,27,82,1,1,0,0,1,27,17,1,73,47,1,1,3,3,0,0,1
7468,STU06445,27,82,1,1,0,0,1,19,1,0,62,56,0,1,2,2,0,0,1
7469,STU06446,27,82,1,0,2,1,1,26,16,0,55,88,1,2,0,0,1,0,0
7470,STU06447,27,82,1,0,2,1,1,27,11,1,69,44,0,1,3,3,1,0,0
7471,STU06448,27,82,1,0,2,1,1,27,17,1,73,47,1,1,3,3,0,0,1
7472,STU06449,27,82,1,0,2,1,1,19,1,0,62,56,0,1,2,2,0,0,1
7473,STU06450,27,82,0,1,1,1,1,26,16,0,55,88,1,2,0,0,1,0,0
7474,STU06451,27,82,0,1,1,1,1,27,11,1,69,44,0,1,3,3,1,0,0
7475,STU06452,27,82,0,1,1,1,1,27,17,1,73,47,1,1,3,3,0,0,1
7476,STU06453,27,82,0,1,1,1,1,19,1,0,62,56,0,1,2,2,0,0,1
7477,STU06454,27,81,1,0,1,1,1,21,17,1,95,99,0,1,0,0,0,0,1
7478,STU06455,27,81,1,0,1,1,1,18,5,1,59,98,1,0,0,0,0,1,0
7479,STU06456,27,81,1,0,1,1,1,25,7,0,89,94,1,0,0,0,0,1,0
7480,STU06457,27,81,0,1,1,1,1,21,17,1,95,99,0,1,0,0,0,0,1
7481,STU06458,27,81,0,1,1,1,1,18,5,1,59,98,1,0,0,0,0,1,0
7482,STU06459,27,81,0,1,1,1,1,25,7,0,89,94,1,0,0,0,0,1,0
7483,STU06460,27,81,2,0,0,1,1,21,17,1,95,99,0,1,0,0,0,0,1
7484,STU06461,27,81,2,0,0,1,1,18,5,1,59,98,1,0,0,0,0,1,0
7485,STU06462,27,81,2,0,0,1,1,25,7,0,89,94,1,0,0,0,0,1,0
7486,STU06463,13,88,0,1,0,1,0,25,20,1,95,82,1,0,1,1,0,1,0
7487,STU06464,13,88,1,0,0,1,0,25,20,1,95,82,1,0,1,1,0,1,0
7488,STU06465,13,88,1,1,1,1,0,25,20,1,95,82,1,0,1,1,0,1,0
7489,STU06466,13,88,1,1,2,1,0,25,20,1,95,82,1,0,1,1,0,1,0
7490,STU06467,30,85,1,1,0,1,0,18,2,1,76,83,1,0,1,1,1,0,0
7491,STU06468,30,85,1,1,0,1,0,29,16,1,57,72,0,2,1,1,1,0,0
7492,STU06469,30,85,1,1,0,1,0,28,1,1,72,73,0,0,1,1,0,0,1
7493,STU06470,30,85,1,1,0,1,0,28,10,1,99,92,1,2,0,0,1,0,0
7494,STU06471,30,85,1,1,0,1,0,19,7,1,53,52,0,2,3,3,0,1,0
7495,STU06472,30,85,0,1,2,1,0,18,2,1,76,83,1,0,1,1,1,0,0
7496,STU06473,30,85,0,1,2,1,0,29,16,1,57,72,0,2,1,1,1,0,0
7497,STU06474,30,85,0,1,2,1,0,28,1,1,72,73,0,0,1,1,0,0,1
7498,STU06475,30,85,0,1,2,1,0,28,10,1,99,92,1,2,0,0,1,0,0
7499,STU06476,30,85,0,1,2,1,0,19,7,1,53,52,0,2,3,3,0,1,0
7500,STU06477,30,85,1,0,1,1,0,18,2,1,76,83,1,0,1,1,1,0,0
7501,STU06478,30,85,1,0,1,1,0,29,16,1,57,72,0,2,1,1,1,0,0
7502,STU06479,30,85,1,0,1,1,0,28,1,1,72,73,0,0,1,1,0,0,1
7503,STU06480,30,85,1,0,1,1,0,28,10,1,99,92,1,2,0,0,1,0,0
7504,STU06481,30,85,1,0,1,1,0,19,7,1,53,52,0,2,3,3,0,1,0
7505,STU06482,30,85,1,0,0,1,0,18,2,1,76,83,1,0,1,1,1,0,0
7506,STU06483,30,85,1,0,0,1,0,29,16,1,57,72,0,2,1,1,1,0,0
7507,STU06484,30,85,1,0,0,1,0,28,1,1,72,73,0,0,1,1,0,0,1
7508,STU06485,30,85,1,0,0,1,0,28,10,1,99,92,1,2,0,0,1,0,0
7509,STU06486,30,85,1,0,0,1,0,19,7,1,53,52,0,2,3,3,0,1,0
7510,STU06487,13,68,1,1,1,1,1,19,10,0,78,60,1,2,2,2,0,1,0
7511,STU06488,13,68,1,1,1,1,1,25,9,0,88,54,1,1,3,3,0,0,0
7512,STU06489,13,68,1,1,1,1,1,27,17,0,93,90,1,2,0,0,0,0,1
7513,STU06490,13,68,0,1,1,1,1,19,10,0,78,60,1,2,2,2,0,1,0
7514,STU06491,13,68,0,1,1,1,1,25,9,0,88,54,1,1,3,3,0,0,0
7515,STU06492,13,68,0,1,1,1,1,27,17,0,93,90,1,2,0,0,0,0,1
7519,STU06493,30,98,0,1,2,1,1,21,10,1,60,44,1,2,3,3,0,1,0
7520,STU06494,30,98,0,1,1,1,1,21,10,1,60,44,1,2,3,3,0,1,0
7521,STU06495,30,98,2,0,2,1,1,21,10,1,60,44,1,2,3,3,0,1,0
7522,STU06496,30,98,1,0,2,1,1,21,10,1,60,44,1,2,3,3,0,1,0
7523,STU06497,30,98,1,1,1,1,1,21,10,1,60,44,1,2,3,3,0,1,0
7524,STU06498,23,87,2,0,1,1,0,22,13,1,62,66,1,1,2,2,0,1,0
7525,STU06499,23,87,2,0,1,1,0,22,1,1,81,53,1,2,3,3,0,1,0
7526,STU06500,23,87,0,0,0,1,0,22,13,1,62,66,1,1,2,2,0,1,0
7527,STU06501,23,87,0,0,0,1,0,22,1,1,81,53,1,2,3,3,0,1,0
7528,STU06502,23,87,2,0,2,1,0,22,13,1,62,66,1,1,2,2,0,1,0
7529,STU06503,23,87,2,0,2,1,0,22,1,1,81,53,1,2,3,3,0,1,0
7530,STU06504,23,87,2,1,2,1,0,22,13,1,62,66,1,1,2,2,0,1,0
7531,STU06505,23,87,2,1,2,1,0,22,1,1,81,53,1,2,3,3,0,1,0
7532,STU06506,23,87,1,0,1,1,0,22,13,1,62,66,1,1,2,2,0,1,0
7533,STU06507,23,87,1,0,1,1,0,22,1,1,81,53,1,2,3,3,0,1,0
7534,STU06508,23,87,0,1,1,1,0,22,13,1,62,66,1,1,2,2,0,1,0
7535,STU06509,23,87,0,1,1,1,0,22,1,1,81,53,1,2,3,3,0,1,0
7536,STU06510,26,78,2,1,0,1,0,19,15,0,53,73,1,2,1,1,0,1,0
7537,STU06511,26,78,2,1,0,1,0,18,14,1,65,48,1,1,3,3,1,0,0
7538,STU06512,26,78,2,1,0,1,0,20,5,0,59,71,1,2,1,1,0,0,0
7539,STU06513,26,78,2,1,0,1,0,25,13,0,78,66,0,1,2,2,0,0,0
7540,STU06514,26,78,2,1,1,0,0,19,15,0,53,73,1,2,1,1,0,1,0
7541,STU06515,26,78,2,1,1,0,0,18,14,1,65,48,1,1,3,3,1,0,0
7542,STU06516,26,78,2,1,1,0,0,20,5,0,59,71,1,2,1,1,0,0,0
7543,STU06517,26,78,2,1,1,0,0,25,13,0,78,66,0,1,2,2,0,0,0
7544,STU06518,26,78,1,0,1,1,0,19,15,0,53,73,1,2,1,1,0,1,0
7545,STU06519,26,78,1,0,1,1,0,18,14,1,65,48,1,1,3,3,1,0,0
7546,STU06520,26,78,1,0,1,1,0,20,5,0,59,71,1,2,1,1,0,0,0
7547,STU06521,26,78,1,0,1,1,0,25,13,0,78,66,0,1,2,2,0,0,0
7552,STU06522,27,96,2,1,0,0,1,28,0,0,89,46,1,2,3,3,0,1,0
7553,STU06523,27,96,0,1,1,1,1,28,0,0,89,46,1,2,3,3,0,1,0
7554,STU06524,27,96,1,0,1,1,1,28,0,0,89,46,1,2,3,3,0,1,0
7555,STU06525,13,64,0,1,1,1,1,21,11,1,72,92,0,2,0,0,1,0,0
7556,STU06526,13,64,2,1,0,1,1,21,11,1,72,92,0,2,0,0,1,0,0
7557,STU06527,13,64,0,1,2,1,1,21,11,1,72,92,0,2,0,0,1,0,0
7558,STU06528,13,64,2,1,1,1,1,21,11,1,72,92,0,2,0,0,1,0,0
7559,STU06529,18,63,2,0,1,1,0,21,18,1,85,87,0,1,0,0,0,0,0
7560,STU06530,18,63,2,0,1,1,0,27,18,1,93,54,0,2,3,3,1,0,0
7563,STU06531,18,63,0,0,1,1,0,21,18,1,85,87,0,1,0,0,0,0,0
7564,STU06532,18,63,0,0,1,1,0,27,18,1,93,54,0,2,3,3,1,0,0
7565,STU06533,18,63,2,1,1,1,0,21,18,1,85,87,0,1,0,0,0,0,0
7566,STU06534,18,63,2,1,1,1,0,27,18,1,93,54,0,2,3,3,1,0,0
7567,STU06535,18,63,1,1,0,1,0,21,18,1,85,87,0,1,0,0,0,0,0
7568,STU06536,18,63,1,1,0,1,0,27,18,1,93,54,0,2,3,3,1,0,0
7569,STU06537,28,97,1,0,0,1,0,21,3,1,98,71,1,2,1,1,1,0,0
7570,STU06538,28,97,0,1,0,1,0,21,3,1,98,71,1,2,1,1,1,0,0
7571,STU06539,19,75,1,0,2,1,1,19,18,0,57,45,0,0,3,3,0,0,1
7572,STU06540,19,75,1,0,2,1,1,28,1,0,57,48,0,2,3,3,0,0,1
7573,STU06541,19,75,2,1,2,1,1,19,18,0,57,45,0,0,3,3,0,0,1
7574,STU06542,19,75,2,1,2,1,1,28,1,0,57,48,0,2,3,3,0,0,1
7575,STU06543,19,75,1,0,0,1,1,19,18,0,57,45,0,0,3,3,0,0,1
7576,STU06544,19,75,1,0,0,1,1,28,1,0,57,48,0,2,3,3,0,0,1
7577,STU06545,19,75,1,1,0,1,1,19,18,0,57,45,0,0,3,3,0,0,1
7578,STU06546,19,75,1,1,0,1,1,28,1,0,57,48,0,2,3,3,0,0,1
7579,STU06547,20,78,1,0,0,1,0,22,3,1,93,67,1,2,2,2,0,0,1
7580,STU06548,20,78,1,0,0,1,0,21,9,1,51,57,0,2,2,2,1,0,0
7581,STU06549,20,78,1,0,0,1,0,19,10,0,51,88,1,0,0,0,1,0,0
7582,STU06550,20,78,2,1,1,1,0,22,3,1,93,67,1,2,2,2,0,0,1
7583,STU06551,20,78,2,1,1,1,0,21,9,1,51,57,0,2,2,2,1,0,0
7584,STU06552,20,78,2,1,1,1,0,19,10,0,51,88,1,0,0,0,1,0,0
7585,STU06553,20,78,1,0,2,0,0,22,3,1,93,67,1,2,2,2,0,0,1
7586,STU06554,20,78,1,0,2,0,0,21,9,1,51,57,0,2,2,2,1,0,0
7587,STU06555,20,78,1,0,2,0,0,19,10,0,51,88,1,0,0,0,1,0,0
7588,STU06556,20,78,0,0,1,1,0,22,3,1,93,67,1,2,2,2,0,0,1
7589,STU06557,20,78,0,0,1,1,0,21,9,1,51,57,0,2,2,2,1,0,0
7590,STU06558,20,78,0,0,1,1,0,19,10,0,51,88,1,0,0,0,1,0,0
7591,STU06559,13,85,2,1,1,0,0,27,2,1,75,82,0,2,1,1,0,0,0
7592,STU06560,13,85,2,1,1,0,0,28,18,1,75,53,0,1,3,3,1,0,0
7593,STU06561,13,85,0,1,1,1,0,27,2,1,75,82,0,2,1,1,0,0,0
7594,STU06562,13,85,0,1,1,1,0,28,18,1,75,53,0,1,3,3,1,0,0
7595,STU06563,13,85,2,1,1,1,0,27,2,1,75,82,0,2,1,1,0,0,0
7596,STU06564,13,85,2,1,1,1,0,28,18,1,75,53,0,1,3,3,1,0,0
7599,STU06565,13,85,2,1,2,1,0,27,2,1,75,82,0,2,1,1,0,0,0
7600,STU06566,13,85,2,1,2,1,0,28,18,1,75,53,0,1,3,3,1,0,0
7601,STU06567,30,61,2,0,0,1,1,27,17,1,75,63,1,0,2,2,0,0,0
7602,STU06568,14,67,2,0,0,1,0,26,16,1,89,73,1,1,1,1,1,0,0
7603,STU06569,14,67,2,0,0,1,0,19,2,0,91,77,1,2,1,1,1,0,0
7604,STU06570,14,67,2,0,0,1,0,29,19,1,78,77,1,2,1,1,0,0,0
7605,STU06571,14,67,2,0,0,1,0,21,13,1,75,86,1,2,0,0,0,0,0
7606,STU06572,14,67,2,0,0,1,0,29,15,1,78,82,1,0,1,1,1,0,0
7607,STU06573,14,67,0,0,1,1,0,26,16,1,89,73,1,1,1,1,1,0,0
7608,STU06574,14,67,0,0,1,1,0,19,2,0,91,77,1,2,1,1,1,0,0
7609,STU06575,14,67,0,0,1,1,0,29,19,1,78,77,1,2,1,1,0,0,0
7610,STU06576,14,67,0,0,1,1,0,21,13,1,75,86,1,2,0,0,0,0,0
7611,STU06577,14,67,0,0,1,1,0,29,15,1,78,82,1,0,1,1,1,0,0
7612,STU06578,14,67,0,1,0,1,0,26,16,1,89,73,1,1,1,1,1,0,0
7613,STU06579,14,67,0,1,0,1,0,19,2,0,91,77,1,2,1,1,1,0,0
7614,STU06580,14,67,0,1,0,1,0,29,19,1,78,77,1,2,1,1,0,0,0
7615,STU06581,14,67,0,1,0,1,0,21,13,1,75,86,1,2,0,0,0,0,0
7616,STU06582,14,67,0,1,0,1,0,29,15,1,78,82,1,0,1,1,1,0,0
7617,STU06583,14,67,1,1,1,0,0,26,16,1,89,73,1,1,1,1,1,0,0
7618,STU06584,14,67,1,1,1,0,0,19,2,0,91,77,1,2,1,1,1,0,0
7619,STU06585,14,67,1,1,1,0,0,29,19,1,78,77,1,2,1,1,0,0,0
7620,STU06586,14,67,1,1,1,0,0,21,13,1,75,86,1,2,0,0,0,0,0
7621,STU06587,14,67,1,1,1,0,0,29,15,1,78,82,1,0,1,1,1,0,0
7622,STU06588,7,74,2,0,2,1,1,26,13,1,61,52,1,1,3,3,0,0,1
7623,STU06589,7,74,1,0,2,1,1,26,13,1,61,52,1,1,3,3,0,0,1
7624,STU06590,16,74,0,0,2,1,0,18,15,1,72,93,0,1,0,0,0,0,0
7625,STU06591,16,74,0,0,2,1,0,21,17,1,59,46,1,0,3,3,1,0,0
7626,STU06592,16,74,1,1,0,1,0,18,15,1,72,93,0,1,0,0,0,0,0
7627,STU06593,16,74,1,1,0,1,0,21,17,1,59,46,1,0,3,3,1,0,0
7628,STU06594,16,74,2,1,1,1,0,18,15,1,72,93,0,1,0,0,0,0,0
7629,STU06595,16,74,2,1,1,1,0,21,17,1,59,46,1,0,3,3,1,0,0
7630,STU06596,16,74,2,1,0,1,0,18,15,1,72,93,0,1,0,0,0,0,0
7631,STU06597,16,74,2,1,0,1,0,21,17,1,59,46,1,0,3,3,1,0,0
7632,STU06598,16,74,0,1,1,1,0,18,15,1,72,93,0,1,0,0,0,0,0
7633,STU06599,16,74,0,1,1,1,0,21,17,1,59,46,1,0,3,3,1,0,0
7634,STU06600,16,74,1,0,1,1,0,18,15,1,72,93,0,1,0,0,0,0,0
7635,STU06601,16,74,1,0,1,1,0,21,17,1,59,46,1,0,3,3,1,0,0
7636,STU06602,12,79,2,0,1,1,0,26,8,0,50,67,1,2,2,2,0,0,1
7637,STU06603,12,79,1,0,2,1,0,26,8,0,50,67,1,2,2,2,0,0,1
7638,STU06604,12,79,1,1,0,1,0,26,8,0,50,67,1,2,2,2,0,0,1
7639,STU06605,30,73,1,0,1,1,1,29,12,0,64,94,1,1,0,0,0,0,0
7640,STU06606,30,73,1,0,1,1,1,25,18,1,65,91,0,1,0,0,0,0,0
7641,STU06607,30,73,1,0,1,1,1,27,5,1,65,79,1,0,1,1,0,1,0
7642,STU06608,30,73,1,0,1,1,1,28,4,1,74,89,1,2,0,0,1,0,0
7643,STU06609,30,73,1,0,1,1,1,22,16,1,89,73,1,2,1,1,0,1,0
7644,STU06610,30,73,1,1,0,1,1,29,12,0,64,94,1,1,0,0,0,0,0
7645,STU06611,30,73,1,1,0,1,1,25,18,1,65,91,0,1,0,0,0,0,0
7646,STU06612,30,73,1,1,0,1,1,27,5,1,65,79,1,0,1,1,0,1,0
7647,STU06613,30,73,1,1,0,1,1,28,4,1,74,89,1,2,0,0,1,0,0
7648,STU06614,30,73,1,1,0,1,1,22,16,1,89,73,1,2,1,1,0,1,0
7649,STU06615,26,64,2,0,0,1,1,28,12,1,52,87,1,1,0,0,0,0,0
7650,STU06616,26,64,2,0,0,1,1,27,2,1,53,84,1,1,1,1,1,0,0
7651,STU06617,26,64,1,0,2,1,1,28,12,1,52,87,1,1,0,0,0,0,0
7652,STU06618,26,64,1,0,2,1,1,27,2,1,53,84,1,1,1,1,1,0,0
7653,STU06619,26,64,2,0,1,1,1,28,12,1,52,87,1,1,0,0,0,0,0
7654,STU06620,26,64,2,0,1,1,1,27,2,1,53,84,1,1,1,1,1,0,0
7655,STU06621,26,64,1,0,1,1,1,28,12,1,52,87,1,1,0,0,0,0,0
7656,STU06622,26,64,1,0,1,1,1,27,2,1,53,84,1,1,1,1,1,0,0
7657,STU06623,26,64,0,1,0,1,1,28,12,1,52,87,1,1,0,0,0,0,0
7658,STU06624,26,64,0,1,0,1,1,27,2,1,53,84,1,1,1,1,1,0,0
7661,STU06625,26,64,1,1,2,1,1,28,12,1,52,87,1,1,0,0,0,0,0
7662,STU06626,26,64,1,1,2,1,1,27,2,1,53,84,1,1,1,1,1,0,0
7663,STU06627,26,64,2,1,1,0,1,28,12,1,52,87,1,1,0,0,0,0,0
7664,STU06628,26,64,2,1,1,0,1,27,2,1,53,84,1,1,1,1,1,0,0
7665,STU06629,16,66,0,0,0,1,1,29,20,0,57,70,1,0,1,1,0,0,1
7666,STU06630,16,66,0,0,0,1,1,26,13,0,82,81,0,2,1,1,1,0,0
7667,STU06631,16,66,0,0,0,1,1,25,7,1,66,64,0,2,2,2,0,0,1
7668,STU06632,16,66,1,1,1,1,1,29,20,0,57,70,1,0,1,1,0,0,1
7669,STU06633,16,66,1,1,1,1,1,26,13,0,82,81,0,2,1,1,1,0,0
7670,STU06634,16,66,1,1,1,1,1,25,7,1,66,64,0,2,2,2,0,0,1
7671,STU06635,16,66,1,0,1,1,1,29,20,0,57,70,1,0,1,1,0,0,1
7672,STU06636,16,66,1,0,1,1,1,26,13,0,82,81,0,2,1,1,1,0,0
7673,STU06637,16,66,1,0,1,1,1,25,7,1,66,64,0,2,2,2,0,0,1
7674,STU06638,16,66,1,1,0,1,1,29,20,0,57,70,1,0,1,1,0,0,1
7675,STU06639,16,66,1,1,0,1,1,26,13,0,82,81,0,2,1,1,1,0,0
7676,STU06640,16,66,1,1,0,1,1,25,7,1,66,64,0,2,2,2,0,0,1
7677,STU06641,16,66,2,0,1,1,1,29,20,0,57,70,1,0,1,1,0,0,1
7678,STU06642,16,66,2,0,1,1,1,26,13,0,82,81,0,2,1,1,1,0,0
7679,STU06643,16,66,2,0,1,1,1,25,7,1,66,64,0,2,2,2,0,0,1
7680,STU06644,16,66,2,0,2,0,1,29,20,0,57,70,1,0,1,1,0,0,1
7681,STU06645,16,66,2,0,2,0,1,26,13,0,82,81,0,2,1,1,1,0,0
7682,STU06646,16,66,2,0,2,0,1,25,7,1,66,64,0,2,2,2,0,0,1
7689,STU06647,16,66,1,1,2,1,1,29,20,0,57,70,1,0,1,1,0,0,1
7690,STU06648,16,66,1,1,2,1,1,26,13,0,82,81,0,2,1,1,1,0,0
7691,STU06649,16,66,1,1,2,1,1,25,7,1,66,64,0,2,2,2,0,0,1
7692,STU06650,34,61,1,0,1,1,1,28,11,1,97,80,1,1,1,1,0,0,1
7693,STU06651,34,61,1,0,1,1,1,20,10,0,53,60,1,1,2,2,1,0,0
7694,STU06652,34,61,1,0,1,1,1,21,15,1,69,52,1,2,3,3,1,0,0
7695,STU06653,34,61,1,0,1,1,1,29,9,1,51,64,1,1,2,2,0,0,1
7696,STU06654,34,61,1,1,2,1,1,28,11,1,97,80,1,1,1,1,0,0,1
7697,STU06655,34,61,1,1,2,1,1,20,10,0,53,60,1,1,2,2,1,0,0
7698,STU06656,34,61,1,1,2,1,1,21,15,1,69,52,1,2,3,3,1,0,0
7699,STU06657,34,61,1,1,2,1,1,29,9,1,51,64,1,1,2,2,0,0,1
7700,STU06658,26,79,0,0,1,1,1,25,13,1,93,47,1,2,3,3,0,1,0
7701,STU06659,26,79,0,0,1,1,1,29,20,1,90,75,1,1,1,1,0,1,0
7702,STU06660,26,79,0,0,1,1,1,27,0,0,89,76,1,1,1,1,0,0,1
7703,STU06661,26,79,0,0,1,1,1,25,7,0,55,83,0,0,1,1,0,0,1
7704,STU06662,26,79,2,0,1,1,1,25,13,1,93,47,1,2,3,3,0,1,0
7705,STU06663,26,79,2,0,1,1,1,29,20,1,90,75,1,1,1,1,0,1,0
7706,STU06664,26,79,2,0,1,1,1,27,0,0,89,76,1,1,1,1,0,0,1
7707,STU06665,26,79,2,0,1,1,1,25,7,0,55,83,0,0,1,1,0,0,1
7712,STU06666,26,79,0,1,1,1,1,25,13,1,93,47,1,2,3,3,0,1,0
7713,STU06667,26,79,0,1,1,1,1,29,20,1,90,75,1,1,1,1,0,1,0
7714,STU06668,26,79,0,1,1,1,1,27,0,0,89,76,1,1,1,1,0,0,1
7715,STU06669,26,79,0,1,1,1,1,25,7,0,55,83,0,0,1,1,0,0,1
7716,STU06670,26,79,2,1,0,0,1,25,13,1,93,47,1,2,3,3,0,1,0
7717,STU06671,26,79,2,1,0,0,1,29,20,1,90,75,1,1,1,1,0,1,0
7718,STU06672,26,79,2,1,0,0,1,27,0,0,89,76,1,1,1,1,0,0,1
7719,STU06673,26,79,2,1,0,0,1,25,7,0,55,83,0,0,1,1,0,0,1
7720,STU06674,18,98,0,0,1,1,1,26,8,1,72,48,1,2,3,3,0,0,0
7721,STU06675,18,98,2,1,1,1,1,26,8,1,72,48,1,2,3,3,0,0,0
7723,STU06676,18,98,1,1,1,1,1,26,8,1,72,48,1,2,3,3,0,0,0
7724,STU06677,18,98,1,0,1,1,1,26,8,1,72,48,1,2,3,3,0,0,0
7726,STU06678,18,98,1,0,0,1,1,26,8,1,72,48,1,2,3,3,0,0,0
7727,STU06679,18,98,0,1,0,1,1,26,8,1,72,48,1,2,3,3,0,0,0
7729,STU06680,5,65,2,1,0,1,1,28,16,0,62,100,1,0,0,0,0,0,0
7730,STU06681,5,65,2,1,0,1,1,19,19,1,55,83,1,1,1,1,0,1,0
7731,STU06682,5,65,2,1,0,1,1,21,8,1,90,40,0,2,3,3,0,0,1
7732,STU06683,5,65,2,0,1,1,1,28,16,0,62,100,1,0,0,0,0,0,0
7733,STU06684,5,65,2,0,1,1,1,19,19,1,55,83,1,1,1,1,0,1,0
7734,STU06685,5,65,2,0,1,1,1,21,8,1,90,40,0,2,3,3,0,0,1
7735,STU06686,34,98,2,0,1,1,1,26,11,1,64,44,0,2,3,3,0,1,0
7736,STU06687,34,98,2,0,1,1,1,20,10,1,53,48,0,1,3,3,1,0,0
7737,STU06688,34,98,2,0,1,1,1,25,0,1,82,50,0,1,3,3,0,0,1
7738,STU06689,12,89,1,1,1,1,1,23,9,0,65,42,1,2,3,3,0,0,1
7739,STU06690,12,89,1,1,1,1,1,29,11,1,93,92,1,1,0,0,0,0,0
7740,STU06691,12,89,1,1,1,1,1,19,19,1,88,96,0,1,0,0,0,1,0
7741,STU06692,12,89,1,1,1,1,1,29,14,0,58,41,1,2,3,3,1,0,0
7742,STU06693,12,89,1,1,1,1,1,27,18,1,55,83,1,2,1,1,0,1,0
7743,STU06694,12,89,0,1,0,1,1,23,9,0,65,42,1,2,3,3,0,0,1
7744,STU06695,12,89,0,1,0,1,1,29,11,1,93,92,1,1,0,0,0,0,0
7745,STU06696,12,89,0,1,0,1,1,19,19,1,88,96,0,1,0,0,0,1,0
7746,STU06697,12,89,0,1,0,1,1,29,14,0,58,41,1,2,3,3,1,0,0
7747,STU06698,12,89,0,1,0,1,1,27,18,1,55,83,1,2,1,1,0,1,0
7748,STU06699,12,89,0,1,1,1,1,23,9,0,65,42,1,2,3,3,0,0,1
7749,STU06700,12,89,0,1,1,1,1,29,11,1,93,92,1,1,0,0,0,0,0
7750,STU06701,12,89,0,1,1,1,1,19,19,1,88,96,0,1,0,0,0,1,0
7751,STU06702,12,89,0,1,1,1,1,29,14,0,58,41,1,2,3,3,1,0,0
7752,STU06703,12,89,0,1,1,1,1,27,18,1,55,83,1,2,1,1,0,1,0
7753,STU06704,12,89,2,0,1,0,1,23,9,0,65,42,1,2,3,3,0,0,1
7754,STU06705,12,89,2,0,1,0,1,29,11,1,93,92,1,1,0,0,0,0,0
7755,STU06706,12,89,2,0,1,0,1,19,19,1,88,96,0,1,0,0,0,1,0
7756,STU06707,12,89,2,0,1,0,1,29,14,0,58,41,1,2,3,3,1,0,0
7757,STU06708,12,89,2,0,1,0,1,27,18,1,55,83,1,2,1,1,0,1,0
7758,STU06709,10,85,1,1,0,1,1,25,2,1,59,68,0,2,2,2,1,0,0
7759,STU06710,10,85,0,1,2,1,1,25,2,1,59,68,0,2,2,2,1,0,0
7760,STU06711,26,86,2,1,1,1,0,19,9,1,91,91,1,0,0,0,1,0,0
7761,STU06712,26,86,0,0,0,1,0,19,9,1,91,91,1,0,0,0,1,0,0
7762,STU06713,26,86,0,0,1,1,0,19,9,1,91,91,1,0,0,0,1,0,0
7764,STU06714,35,93,1,1,1,1,0,26,16,0,88,84,1,2,1,1,0,0,1
7765,STU06715,35,93,1,1,1,1,0,23,5,1,62,96,1,2,0,0,0,0,1
7766,STU06716,28,64,2,1,0,1,1,23,19,1,80,79,1,1,1,1,0,0,1
7767,STU06717,28,64,2,1,0,1,1,20,2,1,100,64,1,1,2,2,0,0,0
7768,STU06718,28,64,2,1,0,1,1,24,10,0,63,60,0,1,2,2,0,0,0
7769,STU06719,28,64,1,1,1,1,1,23,19,1,80,79,1,1,1,1,0,0,1
7770,STU06720,28,64,1,1,1,1,1,20,2,1,100,64,1,1,2,2,0,0,0
7771,STU06721,28,64,1,1,1,1,1,24,10,0,63,60,0,1,2,2,0,0,0
7775,STU06722,28,64,0,1,1,1,1,23,19,1,80,79,1,1,1,1,0,0,1
7776,STU06723,28,64,0,1,1,1,1,20,2,1,100,64,1,1,2,2,0,0,0
7777,STU06724,28,64,0,1,1,1,1,24,10,0,63,60,0,1,2,2,0,0,0
7778,STU06725,28,64,1,0,0,1,1,23,19,1,80,79,1,1,1,1,0,0,1
7779,STU06726,28,64,1,0,0,1,1,20,2,1,100,64,1,1,2,2,0,0,0
7780,STU06727,28,64,1,0,0,1,1,24,10,0,63,60,0,1,2,2,0,0,0
7787,STU06728,24,88,1,0,0,1,0,25,11,1,96,61,0,1,2,2,0,0,0
7788,STU06729,24,88,1,0,0,1,0,23,5,0,66,99,0,2,0,0,1,0,0
7789,STU06730,24,88,1,0,0,1,0,20,6,1,62,45,1,2,3,3,0,0,1
7790,STU06731,24,88,1,0,0,1,0,24,6,1,61,65,1,2,2,2,0,0,0
7791,STU06732,24,88,1,1,1,1,0,25,11,1,96,61,0,1,2,2,0,0,0
7792,STU06733,24,88,1,1,1,1,0,23,5,0,66,99,0,2,0,0,1,0,0
7793,STU06734,24,88,1,1,1,1,0,20,6,1,62,45,1,2,3,3,0,0,1
7794,STU06735,24,88,1,1,1,1,0,24,6,1,61,65,1,2,2,2,0,0,0
7795,STU06736,24,88,2,0,1,1,0,25,11,1,96,61,0,1,2,2,0,0,0
7796,STU06737,24,88,2,0,1,1,0,23,5,0,66,99,0,2,0,0,1,0,0
7797,STU06738,24,88,2,0,1,1,0,20,6,1,62,45,1,2,3,3,0,0,1
7798,STU06739,24,88,2,0,1,1,0,24,6,1,61,65,1,2,2,2,0,0,0
7799,STU06740,15,75,2,1,2,1,0,23,18,0,56,87,0,0,0,0,0,0,0
7800,STU06741,15,75,1,0,0,0,0,23,18,0,56,87,0,0,0,0,0,0,0
7801,STU06742,15,75,1,1,1,1,0,23,18,0,56,87,0,0,0,0,0,0,0
7802,STU06743,15,75,2,0,0,1,0,23,18,0,56,87,0,0,0,0,0,0,0
7803,STU06744,18,74,1,0,2,1,0,22,13,1,84,60,1,0,2,2,0,0,1
7804,STU06745,18,74,1,0,2,1,0,28,16,1,77,55,1,2,2,2,1,0,0
7805,STU06746,18,74,1,0,2,1,0,27,18,0,53,82,0,2,1,1,1,0,0
7806,STU06747,18,74,1,0,2,1,0,20,12,0,85,53,1,2,3,3,0,0,1
7807,STU06748,18,74,1,0,2,1,0,21,8,0,52,48,1,1,3,3,1,0,0
7808,STU06749,18,74,0,0,2,1,0,22,13,1,84,60,1,0,2,2,0,0,1
7809,STU06750,18,74,0,0,2,1,0,28,16,1,77,55,1,2,2,2,1,0,0
7810,STU06751,18,74,0,0,2,1,0,27,18,0,53,82,0,2,1,1,1,0,0
7811,STU06752,18,74,0,0,2,1,0,20,12,0,85,53,1,2,3,3,0,0,1
7812,STU06753,18,74,0,0,2,1,0,21,8,0,52,48,1,1,3,3,1,0,0
7813,STU06754,18,74,2,1,1,1,0,22,13,1,84,60,1,0,2,2,0,0,1
7814,STU06755,18,74,2,1,1,1,0,28,16,1,77,55,1,2,2,2,1,0,0
7815,STU06756,18,74,2,1,1,1,0,27,18,0,53,82,0,2,1,1,1,0,0
7816,STU06757,18,74,2,1,1,1,0,20,12,0,85,53,1,2,3,3,0,0,1
7817,STU06758,18,74,2,1,1,1,0,21,8,0,52,48,1,1,3,3,1,0,0
7818,STU06759,18,74,1,0,1,1,0,22,13,1,84,60,1,0,2,2,0,0,1
7819,STU06760,18,74,1,0,1,1,0,28,16,1,77,55,1,2,2,2,1,0,0
7820,STU06761,18,74,1,0,1,1,0,27,18,0,53,82,0,2,1,1,1,0,0
7821,STU06762,18,74,1,0,1,1,0,20,12,0,85,53,1,2,3,3,0,0,1
7822,STU06763,18,74,1,0,1,1,0,21,8,0,52,48,1,1,3,3,1,0,0
7823,STU06764,10,85,1,1,0,1,0,27,14,1,55,85,1,1,0,0,0,0,1
7824,STU06765,10,85,1,1,1,1,0,27,14,1,55,85,1,1,0,0,0,0,1
7825,STU06766,10,85,2,1,1,1,0,27,14,1,55,85,1,1,0,0,0,0,1
7826,STU06767,26,62,2,0,1,1,1,28,6,1,70,53,1,0,3,3,0,1,0
7827,STU06768,26,62,2,0,1,1,1,27,14,1,82,97,0,0,0,0,0,1,0
7828,STU06769,26,62,1,1,1,1,1,28,6,1,70,53,1,0,3,3,0,1,0
7829,STU06770,26,62,1,1,1,1,1,27,14,1,82,97,0,0,0,0,0,1,0
7832,STU06771,26,62,1,0,1,1,1,28,6,1,70,53,1,0,3,3,0,1,0
7833,STU06772,26,62,1,0,1,1,1,27,14,1,82,97,0,0,0,0,0,1,0
7834,STU06773,11,62,2,1,2,0,0,20,3,1,58,73,0,2,1,1,0,0,1
7835,STU06774,11,62,2,1,2,0,0,19,15,0,80,53,1,1,3,3,0,0,1
7836,STU06775,11,62,2,1,2,0,0,26,16,0,50,46,0,0,3,3,0,1,0
7837,STU06776,11,62,2,1,2,0,0,28,0,0,86,45,1,1,3,3,0,0,0
7838,STU06777,14,75,0,1,0,1,0,20,13,1,88,68,1,1,2,2,1,0,0
7839,STU06778,14,75,0,0,1,1,0,20,13,1,88,68,1,1,2,2,1,0,0
7840,STU06779,26,73,1,1,2,1,1,29,9,1,92,41,1,1,3,3,0,0,1
7841,STU06780,26,73,1,1,2,1,1,23,17,0,89,86,1,2,0,0,1,0,0
7842,STU06781,26,73,2,0,0,1,1,29,9,1,92,41,1,1,3,3,0,0,1
7843,STU06782,26,73,2,0,0,1,1,23,17,0,89,86,1,2,0,0,1,0,0
7844,STU06783,26,73,1,0,1,1,1,29,9,1,92,41,1,1,3,3,0,0,1
7845,STU06784,26,73,1,0,1,1,1,23,17,0,89,86,1,2,0,0,1,0,0
7846,STU06785,26,73,2,1,0,1,1,29,9,1,92,41,1,1,3,3,0,0,1
7847,STU06786,26,73,2,1,0,1,1,23,17,0,89,86,1,2,0,0,1,0,0
7848,STU06787,26,73,2,0,1,1,1,29,9,1,92,41,1,1,3,3,0,0,1
7849,STU06788,26,73,2,0,1,1,1,23,17,0,89,86,1,2,0,0,1,0,0
7854,STU06789,19,90,1,0,0,1,1,26,16,1,64,74,0,2,1,1,1,0,0
7855,STU06790,19,90,1,1,1,1,1,26,16,1,64,74,0,2,1,1,1,0,0
7856,STU06791,19,90,1,0,1,1,1,26,16,1,64,74,0,2,1,1,1,0,0
7857,STU06792,19,90,2,0,1,1,1,26,16,1,64,74,0,2,1,1,1,0,0
7858,STU06793,19,90,0,1,2,1,1,26,16,1,64,74,0,2,1,1,1,0,0
7859,STU06794,19,90,2,0,0,1,1,26,16,1,64,74,0,2,1,1,1,0,0
7860,STU06795,23,62,2,0,2,1,0,27,11,1,84,83,0,0,1,1,1,0,0
7861,STU06796,23,62,2,0,2,1,0,26,20,1,72,45,0,2,3,3,0,0,1
7862,STU06797,23,62,0,1,2,1,0,27,11,1,84,83,0,0,1,1,1,0,0
7863,STU06798,23,62,0,1,2,1,0,26,20,1,72,45,0,2,3,3,0,0,1
7864,STU06799,23,62,0,0,1,1,0,27,11,1,84,83,0,0,1,1,1,0,0
7865,STU06800,23,62,0,0,1,1,0,26,20,1,72,45,0,2,3,3,0,0,1
7866,STU06801,23,62,0,1,1,1,0,27,11,1,84,83,0,0,1,1,1,0,0
7867,STU06802,23,62,0,1,1,1,0,26,20,1,72,45,0,2,3,3,0,0,1
7868,STU06803,23,62,2,1,0,1,0,27,11,1,84,83,0,0,1,1,1,0,0
7869,STU06804,23,62,2,1,0,1,0,26,20,1,72,45,0,2,3,3,0,0,1
7870,STU06805,14,69,2,0,2,1,1,20,5,1,97,63,1,0,2,2,0,0,1
7871,STU06806,14,69,2,0,2,1,1,18,20,0,61,49,1,1,3,3,0,1,0
7872,STU06807,14,69,2,1,0,0,1,20,5,1,97,63,1,0,2,2,0,0,1
7873,STU06808,14,69,2,1,0,0,1,18,20,0,61,49,1,1,3,3,0,1,0
7874,STU06809,14,69,1,0,1,1,1,20,5,1,97,63,1,0,2,2,0,0,1
7875,STU06810,14,69,1,0,1,1,1,18,20,0,61,49,1,1,3,3,0,1,0
7878,STU06811,22,65,1,1,2,1,1,27,3,1,66,69,1,2,2,2,1,0,0
7879,STU06812,22,65,1,1,2,1,1,28,15,1,86,48,1,1,3,3,0,0,0
7880,STU06813,22,65,0,1,1,1,1,27,3,1,66,69,1,2,2,2,1,0,0
7881,STU06814,22,65,0,1,1,1,1,28,15,1,86,48,1,1,3,3,0,0,0
7884,STU06815,22,65,0,1,0,0,1,27,3,1,66,69,1,2,2,2,1,0,0
7885,STU06816,22,65,0,1,0,0,1,28,15,1,86,48,1,1,3,3,0,0,0
7886,STU06817,22,65,1,0,1,0,1,27,3,1,66,69,1,2,2,2,1,0,0
7887,STU06818,22,65,1,0,1,0,1,28,15,1,86,48,1,1,3,3,0,0,0
7888,STU06819,22,65,1,0,1,1,1,27,3,1,66,69,1,2,2,2,1,0,0
7889,STU06820,22,65,1,0,1,1,1,28,15,1,86,48,1,1,3,3,0,0,0
7892,STU06821,10,98,1,1,1,1,1,28,1,1,83,89,1,0,0,0,0,0,0
7893,STU06822,10,98,1,1,1,1,1,25,1,0,50,100,1,2,0,0,0,1,0
7894,STU06823,10,98,1,1,1,1,1,27,5,0,71,87,1,2,0,0,0,0,1
7895,STU06824,10,98,1,1,1,1,1,20,8,1,81,42,0,2,3,3,0,0,0
7896,STU06825,10,98,1,1,1,1,1,24,14,0,95,61,1,0,2,2,0,0,0
7902,STU06826,10,98,2,0,0,1,1,28,1,1,83,89,1,0,0,0,0,0,0
7903,STU06827,10,98,2,0,0,1,1,25,1,0,50,100,1,2,0,0,0,1,0
7904,STU06828,10,98,2,0,0,1,1,27,5,0,71,87,1,2,0,0,0,0,1
7905,STU06829,10,98,2,0,0,1,1,20,8,1,81,42,0,2,3,3,0,0,0
7906,STU06830,10,98,2,0,0,1,1,24,14,0,95,61,1,0,2,2,0,0,0
7907,STU06831,20,67,2,0,2,1,0,21,2,1,72,43,1,0,3,3,0,1,0
7908,STU06832,20,67,2,0,2,1,0,23,15,1,81,63,1,2,2,2,1,0,0
7909,STU06833,20,67,2,0,2,1,0,28,7,1,91,69,0,2,2,2,0,1,0
7910,STU06834,20,67,2,0,2,1,0,27,19,0,86,57,1,2,2,2,0,0,1
7911,STU06835,20,67,2,0,0,1,0,21,2,1,72,43,1,0,3,3,0,1,0
7912,STU06836,20,67,2,0,0,1,0,23,15,1,81,63,1,2,2,2,1,0,0
7913,STU06837,20,67,2,0,0,1,0,28,7,1,91,69,0,2,2,2,0,1,0
7914,STU06838,20,67,2,0,0,1,0,27,19,0,86,57,1,2,2,2,0,0,1
7915,STU06839,20,67,1,0,2,1,0,21,2,1,72,43,1,0,3,3,0,1,0
7916,STU06840,20,67,1,0,2,1,0,23,15,1,81,63,1,2,2,2,1,0,0
7917,STU06841,20,67,1,0,2,1,0,28,7,1,91,69,0,2,2,2,0,1,0
7918,STU06842,20,67,1,0,2,1,0,27,19,0,86,57,1,2,2,2,0,0,1
7919,STU06843,23,76,1,1,2,1,0,24,9,1,54,66,1,1,2,2,1,0,0
7920,STU06844,23,76,1,1,2,1,0,21,3,1,61,71,1,0,1,1,0,0,1
7921,STU06845,23,76,1,0,2,1,0,24,9,1,54,66,1,1,2,2,1,0,0
7922,STU06846,23,76,1,0,2,1,0,21,3,1,61,71,1,0,1,1,0,0,1
7923,STU06847,23,76,0,1,1,1,0,24,9,1,54,66,1,1,2,2,1,0,0
7924,STU06848,23,76,0,1,1,1,0,21,3,1,61,71,1,0,1,1,0,0,1
7925,STU06849,23,76,1,1,0,1,0,24,9,1,54,66,1,1,2,2,1,0,0
7926,STU06850,23,76,1,1,0,1,0,21,3,1,61,71,1,0,1,1,0,0,1
7927,STU06851,23,76,2,1,0,1,0,24,9,1,54,66,1,1,2,2,1,0,0
7928,STU06852,23,76,2,1,0,1,0,21,3,1,61,71,1,0,1,1,0,0,1
7929,STU06853,23,76,2,1,1,1,0,24,9,1,54,66,1,1,2,2,1,0,0
7930,STU06854,23,76,2,1,1,1,0,21,3,1,61,71,1,0,1,1,0,0,1
7931,STU06855,23,76,1,0,1,1,0,24,9,1,54,66,1,1,2,2,1,0,0
7932,STU06856,23,76,1,0,1,1,0,21,3,1,61,71,1,0,1,1,0,0,1
7933,STU06857,28,92,1,0,1,1,0,21,11,0,66,69,0,1,2,2,0,1,0
7934,STU06858,28,92,1,0,1,1,0,23,6,0,61,59,1,0,2,2,0,0,0
7935,STU06859,28,92,1,1,0,1,0,21,11,0,66,69,0,1,2,2,0,1,0
7936,STU06860,28,92,1,1,0,1,0,23,6,0,61,59,1,0,2,2,0,0,0
7937,STU06861,21,90,1,1,2,1,0,26,2,1,99,41,0,1,3,3,0,1,0
7938,STU06862,21,90,0,1,0,1,0,26,2,1,99,41,0,1,3,3,0,1,0
7939,STU06863,21,90,1,0,1,1,0,26,2,1,99,41,0,1,3,3,0,1,0
7941,STU06864,21,90,0,0,1,1,0,26,2,1,99,41,0,1,3,3,0,1,0
7943,STU06865,21,90,2,1,2,1,0,26,2,1,99,41,0,1,3,3,0,1,0
7945,STU06866,20,75,0,1,1,1,1,22,13,0,72,55,0,2,2,2,0,1,0
7946,STU06867,20,75,0,1,1,1,1,26,20,0,90,96,1,1,0,0,0,0,0
7947,STU06868,20,75,1,0,2,1,1,22,13,0,72,55,0,2,2,2,0,1,0
7948,STU06869,20,75,1,0,2,1,1,26,20,0,90,96,1,1,0,0,0,0,0
7949,STU06870,20,75,2,1,2,1,1,22,13,0,72,55,0,2,2,2,0,1,0
7950,STU06871,20,75,2,1,2,1,1,26,20,0,90,96,1,1,0,0,0,0,0
7951,STU06872,20,75,2,0,1,1,1,22,13,0,72,55,0,2,2,2,0,1,0
7952,STU06873,20,75,2,0,1,1,1,26,20,0,90,96,1,1,0,0,0,0,0
7953,STU06874,20,75,1,0,1,1,1,22,13,0,72,55,0,2,2,2,0,1,0
7954,STU06875,20,75,1,0,1,1,1,26,20,0,90,96,1,1,0,0,0,0,0
7955,STU06876,16,80,2,1,0,1,0,23,13,1,89,98,1,2,0,0,0,1,0
7956,STU06877,16,80,2,1,0,1,0,19,1,1,94,89,1,2,0,0,1,0,0
7957,STU06878,16,80,2,1,0,1,0,21,15,1,59,52,0,2,3,3,0,0,0
7958,STU06879,16,80,0,0,0,1,0,23,13,1,89,98,1,2,0,0,0,1,0
7959,STU06880,16,80,0,0,0,1,0,19,1,1,94,89,1,2,0,0,1,0,0
7960,STU06881,16,80,0,0,0,1,0,21,15,1,59,52,0,2,3,3,0,0,0
7961,STU06882,12,70,2,0,1,1,1,19,0,1,95,40,0,2,3,3,0,1,0
7962,STU06883,12,70,2,0,1,1,1,22,7,1,56,47,1,2,3,3,0,1,0
7963,STU06884,12,70,2,1,1,1,1,19,0,1,95,40,0,2,3,3,0,1,0
7964,STU06885,12,70,2,1,1,1,1,22,7,1,56,47,1,2,3,3,0,1,0
7965,STU06886,12,70,1,1,0,1,1,19,0,1,95,40,0,2,3,3,0,1,0
7966,STU06887,12,70,1,1,0,1,1,22,7,1,56,47,1,2,3,3,0,1,0
7967,STU06888,12,70,2,0,2,1,1,19,0,1,95,40,0,2,3,3,0,1,0
7968,STU06889,12,70,2,0,2,1,1,22,7,1,56,47,1,2,3,3,0,1,0
7969,STU06890,30,76,1,1,0,1,0,28,11,0,50,94,1,2,0,0,1,0,0
7970,STU06891,30,76,1,1,0,1,0,20,5,0,68,95,1,2,0,0,0,1,0
7971,STU06892,30,76,1,1,0,1,0,22,8,1,61,40,1,1,3,3,1,0,0
7972,STU06893,30,76,1,1,0,1,0,24,5,1,51,90,0,2,0,0,1,0,0
7973,STU06894,30,76,1,1,0,1,0,25,3,0,51,59,1,2,2,2,1,0,0
7974,STU06895,30,76,1,1,0,1,0,25,14,1,91,98,0,0,0,0,0,1,0
7975,STU06896,13,61,0,0,0,0,1,21,20,1,99,72,1,2,1,1,0,0,1
7976,STU06897,13,61,0,0,0,0,1,21,19,0,55,69,0,2,2,2,0,1,0
7977,STU06898,13,61,1,1,2,0,1,21,20,1,99,72,1,2,1,1,0,0,1
7978,STU06899,13,61,1,1,2,0,1,21,19,0,55,69,0,2,2,2,0,1,0
7979,STU06900,13,61,0,1,1,1,1,21,20,1,99,72,1,2,1,1,0,0,1
7980,STU06901,13,61,0,1,1,1,1,21,19,0,55,69,0,2,2,2,0,1,0
7981,STU06902,25,62,1,0,0,1,0,21,19,1,79,77,0,2,1,1,0,0,0
7982,STU06903,25,62,1,0,0,1,0,19,2,0,56,74,1,1,1,1,0,1,0
7983,STU06904,25,62,1,0,0,1,0,21,4,1,69,78,1,2,1,1,0,0,1
7984,STU06905,25,62,0,1,1,1,0,21,19,1,79,77,0,2,1,1,0,0,0
7985,STU06906,25,62,0,1,1,1,0,19,2,0,56,74,1,1,1,1,0,1,0
7986,STU06907,25,62,0,1,1,1,0,21,4,1,69,78,1,2,1,1,0,0,1
7987,STU06908,25,62,0,0,2,1,0,21,19,1,79,77,0,2,1,1,0,0,0
7988,STU06909,25,62,0,0,2,1,0,19,2,0,56,74,1,1,1,1,0,1,0
7989,STU06910,25,62,0,0,2,1,0,21,4,1,69,78,1,2,1,1,0,0,1
7990,STU06911,18,86,0,1,0,1,1,21,3,0,59,64,1,1,2,2,0,0,0
7991,STU06912,18,86,0,1,0,1,1,21,9,0,62,84,1,2,1,1,0,1,0
7992,STU06913,18,86,1,0,1,1,1,21,3,0,59,64,1,1,2,2,0,0,0
7993,STU06914,18,86,1,0,1,1,1,21,9,0,62,84,1,2,1,1,0,1,0
7994,STU06915,18,86,1,1,1,1,1,21,3,0,59,64,1,1,2,2,0,0,0
7995,STU06916,18,86,1,1,1,1,1,21,9,0,62,84,1,2,1,1,0,1,0
7996,STU06917,18,86,1,0,2,1,1,21,3,0,59,64,1,1,2,2,0,0,0
7997,STU06918,18,86,1,0,2,1,1,21,9,0,62,84,1,2,1,1,0,1,0
7998,STU06919,18,86,1,0,0,1,1,21,3,0,59,64,1,1,2,2,0,0,0
7999,STU06920,18,86,1,0,0,1,1,21,9,0,62,84,1,2,1,1,0,1,0
8000,STU06921,27,91,2,1,1,1,1,18,12,0,63,62,1,2,2,2,0,1,0
8001,STU06922,27,91,2,1,1,1,1,22,11,0,98,97,1,0,0,0,0,0,1
8002,STU06923,27,91,2,1,0,1,1,18,12,0,63,62,1,2,2,2,0,1,0
8003,STU06924,27,91,2,1,0,1,1,22,11,0,98,97,1,0,0,0,0,0,1
8004,STU06925,27,91,0,0,1,1,1,18,12,0,63,62,1,2,2,2,0,1,0
8005,STU06926,27,91,0,0,1,1,1,22,11,0,98,97,1,0,0,0,0,0,1
8006,STU06927,27,91,1,1,0,1,1,18,12,0,63,62,1,2,2,2,0,1,0
8007,STU06928,27,91,1,1,0,1,1,22,11,0,98,97,1,0,0,0,0,0,1
8008,STU06929,27,91,1,0,0,1,1,18,12,0,63,62,1,2,2,2,0,1,0
8009,STU06930,27,91,1,0,0,1,1,22,11,0,98,97,1,0,0,0,0,0,1
8010,STU06931,22,80,1,0,0,1,1,26,0,0,100,92,1,0,0,0,1,0,0
8011,STU06932,22,80,1,0,0,1,1,22,0,1,86,74,0,2,1,1,0,0,1
8012,STU06933,22,80,2,1,1,1,1,26,0,0,100,92,1,0,0,0,1,0,0
8013,STU06934,22,80,2,1,1,1,1,22,0,1,86,74,0,2,1,1,0,0,1
8014,STU06935,22,80,2,0,1,1,1,26,0,0,100,92,1,0,0,0,1,0,0
8015,STU06936,22,80,2,0,1,1,1,22,0,1,86,74,0,2,1,1,0,0,1
8016,STU06937,22,80,0,0,0,1,1,26,0,0,100,92,1,0,0,0,1,0,0
8017,STU06938,22,80,0,0,0,1,1,22,0,1,86,74,0,2,1,1,0,0,1
8018,STU06939,22,80,1,1,2,1,1,26,0,0,100,92,1,0,0,0,1,0,0
8019,STU06940,22,80,1,1,2,1,1,22,0,1,86,74,0,2,1,1,0,0,1
8020,STU06941,15,68,1,1,0,1,0,25,1,1,69,66,0,1,2,2,0,1,0
8021,STU06942,15,68,1,1,0,1,0,25,1,0,72,84,1,1,1,1,0,1,0
8022,STU06943,15,68,1,1,0,1,0,21,4,1,97,89,0,2,0,0,1,0,0
8023,STU06944,15,68,1,1,0,1,0,23,20,1,98,92,1,2,0,0,1,0,0
8024,STU06945,15,68,1,1,0,1,0,24,20,1,71,89,1,2,0,0,0,1,0
8025,STU06946,15,68,1,1,1,1,0,25,1,1,69,66,0,1,2,2,0,1,0
8026,STU06947,15,68,1,1,1,1,0,25,1,0,72,84,1,1,1,1,0,1,0
8027,STU06948,15,68,1,1,1,1,0,21,4,1,97,89,0,2,0,0,1,0,0
8028,STU06949,15,68,1,1,1,1,0,23,20,1,98,92,1,2,0,0,1,0,0
8029,STU06950,15,68,1,1,1,1,0,24,20,1,71,89,1,2,0,0,0,1,0
8030,STU06951,15,68,1,0,0,1,0,25,1,1,69,66,0,1,2,2,0,1,0
8031,STU06952,15,68,1,0,0,1,0,25,1,0,72,84,1,1,1,1,0,1,0
8032,STU06953,15,68,1,0,0,1,0,21,4,1,97,89,0,2,0,0,1,0,0
8033,STU06954,15,68,1,0,0,1,0,23,20,1,98,92,1,2,0,0,1,0,0
8034,STU06955,15,68,1,0,0,1,0,24,20,1,71,89,1,2,0,0,0,1,0
8035,STU06956,15,68,2,0,2,1,0,25,1,1,69,66,0,1,2,2,0,1,0
8036,STU06957,15,68,2,0,2,1,0,25,1,0,72,84,1,1,1,1,0,1,0
8037,STU06958,15,68,2,0,2,1,0,21,4,1,97,89,0,2,0,0,1,0,0
8038,STU06959,15,68,2,0,2,1,0,23,20,1,98,92,1,2,0,0,1,0,0
8039,STU06960,15,68,2,0,2,1,0,24,20,1,71,89,1,2,0,0,0,1,0
8040,STU06961,15,68,2,0,1,0,0,25,1,1,69,66,0,1,2,2,0,1,0
8041,STU06962,15,68,2,0,1,0,0,25,1,0,72,84,1,1,1,1,0,1,0
8042,STU06963,15,68,2,0,1,0,0,21,4,1,97,89,0,2,0,0,1,0,0
8043,STU06964,15,68,2,0,1,0,0,23,20,1,98,92,1,2,0,0,1,0,0
8044,STU06965,15,68,2,0,1,0,0,24,20,1,71,89,1,2,0,0,0,1,0
8045,STU06966,15,68,1,0,1,1,0,25,1,1,69,66,0,1,2,2,0,1,0
8046,STU06967,15,68,1,0,1,1,0,25,1,0,72,84,1,1,1,1,0,1,0
8047,STU06968,15,68,1,0,1,1,0,21,4,1,97,89,0,2,0,0,1,0,0
8048,STU06969,15,68,1,0,1,1,0,23,20,1,98,92,1,2,0,0,1,0,0
8049,STU06970,15,68,1,0,1,1,0,24,20,1,71,89,1,2,0,0,0,1,0
8050,STU06971,33,89,1,0,1,1,1,20,11,1,65,57,1,1,2,2,0,0,0
8051,STU06972,20,88,0,0,0,1,1,19,8,1,98,65,1,0,2,2,0,0,0
8052,STU06973,20,88,0,0,0,1,1,26,5,1,97,78,0,2,1,1,0,1,0
8053,STU06974,20,88,0,0,0,1,1,29,7,1,73,62,1,1,2,2,0,0,0
8054,STU06975,20,88,1,1,1,1,1,19,8,1,98,65,1,0,2,2,0,0,0
8055,STU06976,20,88,1,1,1,1,1,26,5,1,97,78,0,2,1,1,0,1,0
8056,STU06977,20,88,1,1,1,1,1,29,7,1,73,62,1,1,2,2,0,0,0
8057,STU06978,20,88,1,0,0,1,1,19,8,1,98,65,1,0,2,2,0,0,0
8058,STU06979,20,88,1,0,0,1,1,26,5,1,97,78,0,2,1,1,0,1,0
8059,STU06980,20,88,1,0,0,1,1,29,7,1,73,62,1,1,2,2,0,0,0
8060,STU06981,20,88,2,1,1,0,1,19,8,1,98,65,1,0,2,2,0,0,0
8061,STU06982,20,88,2,1,1,0,1,26,5,1,97,78,0,2,1,1,0,1,0
8062,STU06983,20,88,2,1,1,0,1,29,7,1,73,62,1,1,2,2,0,0,0
8063,STU06984,19,98,1,1,1,1,1,22,19,1,86,100,1,2,0,0,0,0,0
8064,STU06985,19,98,1,1,1,1,1,23,3,1,89,49,1,2,3,3,0,0,0
8065,STU06986,19,98,1,1,1,1,1,25,12,0,61,50,1,1,3,3,0,0,1
8066,STU06987,19,98,1,1,1,1,1,19,5,1,74,65,0,1,2,2,1,0,0
8067,STU06988,19,98,0,1,1,0,1,22,19,1,86,100,1,2,0,0,0,0,0
8068,STU06989,19,98,0,1,1,0,1,23,3,1,89,49,1,2,3,3,0,0,0
8069,STU06990,19,98,0,1,1,0,1,25,12,0,61,50,1,1,3,3,0,0,1
8070,STU06991,19,98,0,1,1,0,1,19,5,1,74,65,0,1,2,2,1,0,0
8071,STU06992,19,98,0,1,1,1,1,22,19,1,86,100,1,2,0,0,0,0,0
8072,STU06993,19,98,0,1,1,1,1,23,3,1,89,49,1,2,3,3,0,0,0
8073,STU06994,19,98,0,1,1,1,1,25,12,0,61,50,1,1,3,3,0,0,1
8074,STU06995,19,98,0,1,1,1,1,19,5,1,74,65,0,1,2,2,1,0,0
8075,STU06996,19,98,2,1,1,1,1,22,19,1,86,100,1,2,0,0,0,0,0
8076,STU06997,19,98,2,1,1,1,1,23,3,1,89,49,1,2,3,3,0,0,0
8077,STU06998,19,98,2,1,1,1,1,25,12,0,61,50,1,1,3,3,0,0,1
8078,STU06999,19,98,2,1,1,1,1,19,5,1,74,65,0,1,2,2,1,0,0
8079,STU07000,19,98,2,1,2,1,1,22,19,1,86,100,1,2,0,0,0,0,0
8080,STU07001,19,98,2,1,2,1,1,23,3,1,89,49,1,2,3,3,0,0,0
8081,STU07002,19,98,2,1,2,1,1,25,12,0,61,50,1,1,3,3,0,0,1
8082,STU07003,19,98,2,1,2,1,1,19,5,1,74,65,0,1,2,2,1,0,0
8083,STU07004,33,68,0,1,1,1,1,22,11,1,59,61,1,2,2,2,0,1,0
8084,STU07005,33,68,0,1,1,1,1,23,2,1,79,41,1,2,3,3,0,0,1
8085,STU07006,33,68,0,1,1,1,1,26,15,0,51,76,1,2,1,1,0,1,0
8086,STU07007,33,68,0,1,1,1,1,24,19,1,94,62,0,0,2,2,0,0,0
8087,STU07008,12,63,2,0,0,1,1,18,4,0,54,68,1,0,2,2,0,0,1
8088,STU07009,12,63,2,0,0,1,1,24,7,1,75,71,1,1,1,1,0,1,0
8089,STU07010,12,63,1,0,0,1,1,18,4,0,54,68,1,0,2,2,0,0,1
8090,STU07011,12,63,1,0,0,1,1,24,7,1,75,71,1,1,1,1,0,1,0
8091,STU07012,19,76,2,1,1,1,0,24,14,1,63,80,1,1,1,1,1,0,0
8092,STU07013,19,76,2,1,1,1,0,29,0,1,51,61,1,0,2,2,0,0,0
8093,STU07014,19,76,1,1,1,1,0,24,14,1,63,80,1,1,1,1,1,0,0
8094,STU07015,19,76,1,1,1,1,0,29,0,1,51,61,1,0,2,2,0,0,0
8095,STU07016,19,76,2,0,0,1,0,24,14,1,63,80,1,1,1,1,1,0,0
8096,STU07017,19,76,2,0,0,1,0,29,0,1,51,61,1,0,2,2,0,0,0
8097,STU07018,19,76,0,1,1,1,0,24,14,1,63,80,1,1,1,1,1,0,0
8098,STU07019,19,76,0,1,1,1,0,29,0,1,51,61,1,0,2,2,0,0,0
8103,STU07020,19,76,2,1,0,1,0,24,14,1,63,80,1,1,1,1,1,0,0
8104,STU07021,19,76,2,1,0,1,0,29,0,1,51,61,1,0,2,2,0,0,0
8105,STU07022,19,76,0,1,0,1,0,24,14,1,63,80,1,1,1,1,1,0,0
8106,STU07023,19,76,0,1,0,1,0,29,0,1,51,61,1,0,2,2,0,0,0
8107,STU07024,35,90,1,1,0,0,1,21,0,1,55,93,1,2,0,0,1,0,0
8108,STU07025,35,90,1,1,0,0,1,20,5,1,89,92,1,1,0,0,0,0,1
8109,STU07026,35,90,1,1,0,0,1,28,5,1,78,72,1,2,1,1,0,0,1
8110,STU07027,15,75,2,1,2,1,1,20,16,0,87,48,0,2,3,3,0,0,1
8111,STU07028,15,75,2,1,2,1,1,27,7,1,85,77,1,1,1,1,1,0,0
8112,STU07029,15,75,2,1,2,1,1,29,4,0,91,41,0,0,3,3,0,0,1
8113,STU07030,15,75,1,0,1,1,1,20,16,0,87,48,0,2,3,3,0,0,1
8114,STU07031,15,75,1,0,1,1,1,27,7,1,85,77,1,1,1,1,1,0,0
8115,STU07032,15,75,1,0,1,1,1,29,4,0,91,41,0,0,3,3,0,0,1
8116,STU07033,30,73,1,1,1,1,0,19,10,0,65,87,1,2,0,0,0,0,0
8117,STU07034,30,73,0,0,1,1,0,19,10,0,65,87,1,2,0,0,0,0,0
8118,STU07035,30,84,1,0,0,1,1,19,8,0,84,61,1,2,2,2,0,0,0
8119,STU07036,30,84,1,0,0,1,1,23,13,1,55,60,1,2,2,2,1,0,0
8120,STU07037,30,84,1,0,0,1,1,27,6,1,98,87,0,2,0,0,1,0,0
8121,STU07038,30,84,1,0,0,1,1,25,12,1,65,84,1,2,1,1,0,1,0
8122,STU07039,30,84,1,0,0,1,1,21,17,0,82,87,1,0,0,0,0,1,0
8123,STU07040,30,84,1,0,0,1,1,19,17,0,88,90,1,2,0,0,1,0,0
8124,STU07041,30,84,1,0,1,1,1,19,8,0,84,61,1,2,2,2,0,0,0
8125,STU07042,30,84,1,0,1,1,1,23,13,1,55,60,1,2,2,2,1,0,0
8126,STU07043,30,84,1,0,1,1,1,27,6,1,98,87,0,2,0,0,1,0,0
8127,STU07044,30,84,1,0,1,1,1,25,12,1,65,84,1,2,1,1,0,1,0
8128,STU07045,30,84,1,0,1,1,1,21,17,0,82,87,1,0,0,0,0,1,0
8129,STU07046,30,84,1,0,1,1,1,19,17,0,88,90,1,2,0,0,1,0,0
8130,STU07047,30,84,1,1,1,1,1,19,8,0,84,61,1,2,2,2,0,0,0
8131,STU07048,30,84,1,1,1,1,1,23,13,1,55,60,1,2,2,2,1,0,0
8132,STU07049,30,84,1,1,1,1,1,27,6,1,98,87,0,2,0,0,1,0,0
8133,STU07050,30,84,1,1,1,1,1,25,12,1,65,84,1,2,1,1,0,1,0
8134,STU07051,30,84,1,1,1,1,1,21,17,0,82,87,1,0,0,0,0,1,0
8135,STU07052,30,84,1,1,1,1,1,19,17,0,88,90,1,2,0,0,1,0,0
8136,STU07053,17,95,2,0,1,1,0,29,1,1,66,94,0,2,0,0,1,0,0
8137,STU07054,17,95,2,0,1,1,0,25,10,0,74,81,0,2,1,1,0,0,0
8138,STU07055,17,95,2,0,1,1,0,22,18,0,71,88,1,2,0,0,0,0,1
8139,STU07056,17,95,0,1,0,0,0,29,1,1,66,94,0,2,0,0,1,0,0
8140,STU07057,17,95,0,1,0,0,0,25,10,0,74,81,0,2,1,1,0,0,0
8141,STU07058,17,95,0,1,0,0,0,22,18,0,71,88,1,2,0,0,0,0,1
8142,STU07059,17,95,1,0,0,1,0,29,1,1,66,94,0,2,0,0,1,0,0
8143,STU07060,17,95,1,0,0,1,0,25,10,0,74,81,0,2,1,1,0,0,0
8144,STU07061,17,95,1,0,0,1,0,22,18,0,71,88,1,2,0,0,0,0,1
8145,STU07062,23,62,2,1,1,1,1,24,15,0,58,98,0,2,0,0,1,0,0
8146,STU07063,23,62,2,1,1,1,1,26,0,1,93,91,1,0,0,0,0,0,0
8147,STU07064,23,62,0,0,1,1,1,24,15,0,58,98,0,2,0,0,1,0,0
8148,STU07065,23,62,0,0,1,1,1,26,0,1,93,91,1,0,0,0,0,0,0
8149,STU07066,23,62,1,0,1,1,1,24,15,0,58,98,0,2,0,0,1,0,0
8150,STU07067,23,62,1,0,1,1,1,26,0,1,93,91,1,0,0,0,0,0,0
8151,STU07068,23,62,2,1,0,1,1,24,15,0,58,98,0,2,0,0,1,0,0
8152,STU07069,23,62,2,1,0,1,1,26,0,1,93,91,1,0,0,0,0,0,0
8153,STU07070,23,62,1,1,0,1,1,24,15,0,58,98,0,2,0,0,1,0,0
8154,STU07071,23,62,1,1,0,1,1,26,0,1,93,91,1,0,0,0,0,0,0
8155,STU07072,23,62,1,0,2,0,1,24,15,0,58,98,0,2,0,0,1,0,0
8156,STU07073,23,62,1,0,2,0,1,26,0,1,93,91,1,0,0,0,0,0,0
8157,STU07074,18,66,1,0,1,1,0,19,19,1,58,83,0,1,1,1,0,1,0
8158,STU07075,18,66,1,0,1,1,0,27,4,0,83,42,1,0,3,3,0,0,0
8159,STU07076,18,66,1,0,1,1,0,28,15,0,66,49,1,2,3,3,0,1,0
8160,STU07077,18,66,1,0,1,1,0,22,14,0,82,83,1,1,1,1,1,0,0
8161,STU07078,18,66,2,1,1,1,0,19,19,1,58,83,0,1,1,1,0,1,0
8162,STU07079,18,66,2,1,1,1,0,27,4,0,83,42,1,0,3,3,0,0,0
8163,STU07080,18,66,2,1,1,1,0,28,15,0,66,49,1,2,3,3,0,1,0
8164,STU07081,18,66,2,1,1,1,0,22,14,0,82,83,1,1,1,1,1,0,0
8165,STU07082,18,66,1,1,1,1,0,19,19,1,58,83,0,1,1,1,0,1,0
8166,STU07083,18,66,1,1,1,1,0,27,4,0,83,42,1,0,3,3,0,0,0
8167,STU07084,18,66,1,1,1,1,0,28,15,0,66,49,1,2,3,3,0,1,0
8168,STU07085,18,66,1,1,1,1,0,22,14,0,82,83,1,1,1,1,1,0,0
8173,STU07086,18,66,2,0,1,1,0,19,19,1,58,83,0,1,1,1,0,1,0
8174,STU07087,18,66,2,0,1,1,0,27,4,0,83,42,1,0,3,3,0,0,0
8175,STU07088,18,66,2,0,1,1,0,28,15,0,66,49,1,2,3,3,0,1,0
8176,STU07089,18,66,2,0,1,1,0,22,14,0,82,83,1,1,1,1,1,0,0
8177,STU07090,17,64,1,0,1,1,0,25,11,1,66,86,1,1,0,0,1,0,0
8178,STU07091,17,64,1,0,1,1,0,20,6,1,84,54,1,0,3,3,1,0,0
8179,STU07092,17,64,2,0,1,1,0,25,11,1,66,86,1,1,0,0,1,0,0
8180,STU07093,17,64,2,0,1,1,0,20,6,1,84,54,1,0,3,3,1,0,0
8181,STU07094,17,64,0,1,0,1,0,25,11,1,66,86,1,1,0,0,1,0,0
8182,STU07095,17,64,0,1,0,1,0,20,6,1,84,54,1,0,3,3,1,0,0
8185,STU07096,17,64,0,1,1,1,0,25,11,1,66,86,1,1,0,0,1,0,0
8186,STU07097,17,64,0,1,1,1,0,20,6,1,84,54,1,0,3,3,1,0,0
8187,STU07098,15,61,2,1,1,1,1,26,7,0,100,85,1,2,0,0,1,0,0
8188,STU07099,15,61,1,0,1,1,1,26,7,0,100,85,1,2,0,0,1,0,0
8189,STU07100,15,61,0,1,1,1,1,26,7,0,100,85,1,2,0,0,1,0,0
8190,STU07101,15,61,1,0,2,1,1,26,7,0,100,85,1,2,0,0,1,0,0
8191,STU07102,22,79,1,0,0,1,0,22,11,0,67,99,1,2,0,0,0,0,1
8192,STU07103,22,79,1,0,0,1,0,21,5,1,73,47,1,1,3,3,0,1,0
8193,STU07104,22,79,1,0,0,1,0,29,2,1,86,47,1,2,3,3,0,1,0
8194,STU07105,22,79,1,0,0,1,0,25,5,0,94,78,0,2,1,1,1,0,0
8195,STU07106,22,79,1,0,0,1,0,27,19,1,62,73,1,1,1,1,1,0,0
8196,STU07107,22,79,1,0,0,1,0,29,16,0,99,72,1,2,1,1,1,0,0
8197,STU07108,22,79,1,0,0,1,0,21,5,1,52,80,1,0,1,1,0,0,1
8198,STU07109,22,79,1,0,0,1,0,26,12,1,88,94,0,0,0,0,1,0,0
8199,STU07110,22,79,1,0,0,1,0,22,12,1,65,81,1,2,1,1,0,1,0
8200,STU07111,22,79,1,0,1,0,0,22,11,0,67,99,1,2,0,0,0,0,1
8201,STU07112,22,79,1,0,1,0,0,21,5,1,73,47,1,1,3,3,0,1,0
8202,STU07113,22,79,1,0,1,0,0,29,2,1,86,47,1,2,3,3,0,1,0
8203,STU07114,22,79,1,0,1,0,0,25,5,0,94,78,0,2,1,1,1,0,0
8204,STU07115,22,79,1,0,1,0,0,27,19,1,62,73,1,1,1,1,1,0,0
8205,STU07116,22,79,1,0,1,0,0,29,16,0,99,72,1,2,1,1,1,0,0
8206,STU07117,22,79,1,0,1,0,0,21,5,1,52,80,1,0,1,1,0,0,1
8207,STU07118,22,79,1,0,1,0,0,26,12,1,88,94,0,0,0,0,1,0,0
8208,STU07119,22,79,1,0,1,0,0,22,12,1,65,81,1,2,1,1,0,1,0
8209,STU07120,22,79,1,1,1,1,0,22,11,0,67,99,1,2,0,0,0,0,1
8210,STU07121,22,79,1,1,1,1,0,21,5,1,73,47,1,1,3,3,0,1,0
8211,STU07122,22,79,1,1,1,1,0,29,2,1,86,47,1,2,3,3,0,1,0
8212,STU07123,22,79,1,1,1,1,0,25,5,0,94,78,0,2,1,1,1,0,0
8213,STU07124,22,79,1,1,1,1,0,27,19,1,62,73,1,1,1,1,1,0,0
8214,STU07125,22,79,1,1,1,1,0,29,16,0,99,72,1,2,1,1,1,0,0
8215,STU07126,22,79,1,1,1,1,0,21,5,1,52,80,1,0,1,1,0,0,1
8216,STU07127,22,79,1,1,1,1,0,26,12,1,88,94,0,0,0,0,1,0,0
8217,STU07128,22,79,1,1,1,1,0,22,12,1,65,81,1,2,1,1,0,1,0
8218,STU07129,22,79,2,1,1,1,0,22,11,0,67,99,1,2,0,0,0,0,1
8219,STU07130,22,79,2,1,1,1,0,21,5,1,73,47,1,1,3,3,0,1,0
8220,STU07131,22,79,2,1,1,1,0,29,2,1,86,47,1,2,3,3,0,1,0
8221,STU07132,22,79,2,1,1,1,0,25,5,0,94,78,0,2,1,1,1,0,0
8222,STU07133,22,79,2,1,1,1,0,27,19,1,62,73,1,1,1,1,1,0,0
8223,STU07134,22,79,2,1,1,1,0,29,16,0,99,72,1,2,1,1,1,0,0
8224,STU07135,22,79,2,1,1,1,0,21,5,1,52,80,1,0,1,1,0,0,1
8225,STU07136,22,79,2,1,1,1,0,26,12,1,88,94,0,0,0,0,1,0,0
8226,STU07137,22,79,2,1,1,1,0,22,12,1,65,81,1,2,1,1,0,1,0
8227,STU07138,8,73,1,1,2,1,1,26,12,1,75,93,1,2,0,0,1,0,0
8228,STU07139,8,73,2,1,1,1,1,26,12,1,75,93,1,2,0,0,1,0,0
8229,STU07140,8,73,2,0,2,1,1,26,12,1,75,93,1,2,0,0,1,0,0
8230,STU07141,8,73,2,1,0,1,1,26,12,1,75,93,1,2,0,0,1,0,0
8231,STU07142,27,75,1,1,2,1,1,25,16,0,88,84,1,2,1,1,0,0,1
8232,STU07143,27,75,0,1,1,1,1,25,16,0,88,84,1,2,1,1,0,0,1
8233,STU07144,13,87,1,1,0,1,1,26,10,1,83,85,1,1,0,0,1,0,0
8234,STU07145,13,87,1,1,0,1,1,21,13,1,80,65,1,2,2,2,0,0,0
8237,STU07146,30,91,1,1,2,1,1,28,6,1,83,43,1,2,3,3,0,1,0
8238,STU07147,20,68,1,0,2,1,0,18,13,1,61,42,1,2,3,3,1,0,0
8239,STU07148,20,68,1,0,2,1,0,23,4,1,88,79,1,1,1,1,0,1,0
8240,STU07149,20,68,1,0,2,1,0,27,8,0,67,95,1,1,0,0,0,0,1
8241,STU07150,20,68,1,0,2,1,0,25,16,0,93,44,1,2,3,3,0,1,0
8242,STU07151,20,68,1,0,2,1,0,23,0,1,84,97,1,2,0,0,0,0,0
8243,STU07152,20,68,1,1,0,1,0,18,13,1,61,42,1,2,3,3,1,0,0
8244,STU07153,20,68,1,1,0,1,0,23,4,1,88,79,1,1,1,1,0,1,0
8245,STU07154,20,68,1,1,0,1,0,27,8,0,67,95,1,1,0,0,0,0,1
8246,STU07155,20,68,1,1,0,1,0,25,16,0,93,44,1,2,3,3,0,1,0
8247,STU07156,20,68,1,1,0,1,0,23,0,1,84,97,1,2,0,0,0,0,0
8248,STU07157,20,68,0,1,2,1,0,18,13,1,61,42,1,2,3,3,1,0,0
8249,STU07158,20,68,0,1,2,1,0,23,4,1,88,79,1,1,1,1,0,1,0
8250,STU07159,20,68,0,1,2,1,0,27,8,0,67,95,1,1,0,0,0,0,1
8251,STU07160,20,68,0,1,2,1,0,25,16,0,93,44,1,2,3,3,0,1,0
8252,STU07161,20,68,0,1,2,1,0,23,0,1,84,97,1,2,0,0,0,0,0
8253,STU07162,20,68,2,1,1,0,0,18,13,1,61,42,1,2,3,3,1,0,0
8254,STU07163,20,68,2,1,1,0,0,23,4,1,88,79,1,1,1,1,0,1,0
8255,STU07164,20,68,2,1,1,0,0,27,8,0,67,95,1,1,0,0,0,0,1
8256,STU07165,20,68,2,1,1,0,0,25,16,0,93,44,1,2,3,3,0,1,0
8257,STU07166,20,68,2,1,1,0,0,23,0,1,84,97,1,2,0,0,0,0,0
8258,STU07167,20,68,1,1,2,1,0,18,13,1,61,42,1,2,3,3,1,0,0
8259,STU07168,20,68,1,1,2,1,0,23,4,1,88,79,1,1,1,1,0,1,0
8260,STU07169,20,68,1,1,2,1,0,27,8,0,67,95,1,1,0,0,0,0,1
8261,STU07170,20,68,1,1,2,1,0,25,16,0,93,44,1,2,3,3,0,1,0
8262,STU07171,20,68,1,1,2,1,0,23,0,1,84,97,1,2,0,0,0,0,0
8263,STU07172,20,68,1,1,1,1,0,18,13,1,61,42,1,2,3,3,1,0,0
8264,STU07173,20,68,1,1,1,1,0,23,4,1,88,79,1,1,1,1,0,1,0
8265,STU07174,20,68,1,1,1,1,0,27,8,0,67,95,1,1,0,0,0,0,1
8266,STU07175,20,68,1,1,1,1,0,25,16,0,93,44,1,2,3,3,0,1,0
8267,STU07176,20,68,1,1,1,1,0,23,0,1,84,97,1,2,0,0,0,0,0
8268,STU07177,20,68,2,1,1,1,0,18,13,1,61,42,1,2,3,3,1,0,0
8269,STU07178,20,68,2,1,1,1,0,23,4,1,88,79,1,1,1,1,0,1,0
8270,STU07179,20,68,2,1,1,1,0,27,8,0,67,95,1,1,0,0,0,0,1
8271,STU07180,20,68,2,1,1,1,0,25,16,0,93,44,1,2,3,3,0,1,0
8272,STU07181,20,68,2,1,1,1,0,23,0,1,84,97,1,2,0,0,0,0,0
8278,STU07182,20,68,2,0,0,1,0,18,13,1,61,42,1,2,3,3,1,0,0
8279,STU07183,20,68,2,0,0,1,0,23,4,1,88,79,1,1,1,1,0,1,0
8280,STU07184,20,68,2,0,0,1,0,27,8,0,67,95,1,1,0,0,0,0,1
8281,STU07185,20,68,2,0,0,1,0,25,16,0,93,44,1,2,3,3,0,1,0
8282,STU07186,20,68,2,0,0,1,0,23,0,1,84,97,1,2,0,0,0,0,0
8288,STU07187,21,81,1,1,1,1,0,23,6,1,68,70,1,2,1,1,0,1,0
8289,STU07188,21,81,1,1,2,1,0,23,6,1,68,70,1,2,1,1,0,1,0
8290,STU07189,12,83,0,1,1,1,0,28,2,0,71,58,1,2,2,2,1,0,0
8291,STU07190,12,83,1,0,1,1,0,28,2,0,71,58,1,2,2,2,1,0,0
8292,STU07191,12,83,1,1,0,1,0,28,2,0,71,58,1,2,2,2,1,0,0
8293,STU07192,15,68,1,1,2,1,1,27,4,1,73,46,1,1,3,3,0,0,1
8294,STU07193,15,68,0,1,1,0,1,27,4,1,73,46,1,1,3,3,0,0,1
8295,STU07194,15,68,1,1,1,1,1,27,4,1,73,46,1,1,3,3,0,0,1
8296,STU07195,16,86,1,1,1,1,0,25,17,1,60,89,0,0,0,0,0,1,0
8297,STU07196,16,86,1,1,1,1,0,23,2,0,89,41,0,2,3,3,1,0,0
8298,STU07197,16,86,1,1,1,1,0,23,8,1,54,84,1,2,1,1,0,0,1
8299,STU07198,16,86,1,1,0,1,0,25,17,1,60,89,0,0,0,0,0,1,0
8300,STU07199,16,86,1,1,0,1,0,23,2,0,89,41,0,2,3,3,1,0,0
8301,STU07200,16,86,1,1,0,1,0,23,8,1,54,84,1,2,1,1,0,0,1
8302,STU07201,16,86,0,1,0,1,0,25,17,1,60,89,0,0,0,0,0,1,0
8303,STU07202,16,86,0,1,0,1,0,23,2,0,89,41,0,2,3,3,1,0,0
8304,STU07203,16,86,0,1,0,1,0,23,8,1,54,84,1,2,1,1,0,0,1
8305,STU07204,16,86,2,1,0,1,0,25,17,1,60,89,0,0,0,0,0,1,0
8306,STU07205,16,86,2,1,0,1,0,23,2,0,89,41,0,2,3,3,1,0,0
8307,STU07206,16,86,2,1,0,1,0,23,8,1,54,84,1,2,1,1,0,0,1
8308,STU07207,24,70,2,0,1,1,0,25,2,0,73,79,0,0,1,1,0,0,1
8309,STU07208,24,70,0,1,2,1,0,25,2,0,73,79,0,0,1,1,0,0,1
8310,STU07209,24,70,2,0,0,1,0,25,2,0,73,79,0,0,1,1,0,0,1
8311,STU07210,18,62,2,1,2,0,1,26,3,1,67,70,1,1,1,1,1,0,0
8312,STU07211,18,62,2,1,2,0,1,29,16,0,88,50,1,1,3,3,0,0,0
8313,STU07212,18,62,1,1,1,1,1,26,3,1,67,70,1,1,1,1,1,0,0
8314,STU07213,18,62,1,1,1,1,1,29,16,0,88,50,1,1,3,3,0,0,0
8315,STU07214,18,62,2,0,0,1,1,26,3,1,67,70,1,1,1,1,1,0,0
8316,STU07215,18,62,2,0,0,1,1,29,16,0,88,50,1,1,3,3,0,0,0
8319,STU07216,27,72,0,1,1,1,0,24,16,0,71,89,1,2,0,0,0,0,1
8320,STU07217,27,72,0,1,1,1,0,18,18,1,78,54,1,2,3,3,0,0,1
8321,STU07218,27,72,2,1,1,1,0,24,16,0,71,89,1,2,0,0,0,0,1
8322,STU07219,27,72,2,1,1,1,0,18,18,1,78,54,1,2,3,3,0,0,1
8323,STU07220,27,72,1,0,1,1,0,24,16,0,71,89,1,2,0,0,0,0,1
8324,STU07221,27,72,1,0,1,1,0,18,18,1,78,54,1,2,3,3,0,0,1
8325,STU07222,34,62,0,0,0,1,0,22,12,1,81,88,0,2,0,0,0,1,0
8326,STU07223,22,69,2,1,1,1,0,24,5,0,76,85,1,1,0,0,0,0,0
8327,STU07224,22,69,2,1,1,1,0,25,17,1,93,98,1,2,0,0,1,0,0
8328,STU07225,22,69,2,1,1,1,0,23,0,1,65,56,0,2,2,2,0,1,0
8329,STU07226,22,69,2,0,0,1,0,24,5,0,76,85,1,1,0,0,0,0,0
8330,STU07227,22,69,2,0,0,1,0,25,17,1,93,98,1,2,0,0,1,0,0
8331,STU07228,22,69,2,0,0,1,0,23,0,1,65,56,0,2,2,2,0,1,0
8332,STU07229,22,69,1,0,0,1,0,24,5,0,76,85,1,1,0,0,0,0,0
8333,STU07230,22,69,1,0,0,1,0,25,17,1,93,98,1,2,0,0,1,0,0
8334,STU07231,22,69,1,0,0,1,0,23,0,1,65,56,0,2,2,2,0,1,0
8335,STU07232,22,69,1,0,2,1,0,24,5,0,76,85,1,1,0,0,0,0,0
8336,STU07233,22,69,1,0,2,1,0,25,17,1,93,98,1,2,0,0,1,0,0
8337,STU07234,22,69,1,0,2,1,0,23,0,1,65,56,0,2,2,2,0,1,0
8338,STU07235,22,69,1,0,0,0,0,24,5,0,76,85,1,1,0,0,0,0,0
8339,STU07236,22,69,1,0,0,0,0,25,17,1,93,98,1,2,0,0,1,0,0
8340,STU07237,22,69,1,0,0,0,0,23,0,1,65,56,0,2,2,2,0,1,0
8344,STU07238,26,66,1,1,1,1,1,29,16,1,90,63,1,1,2,2,1,0,0
8345,STU07239,26,66,1,1,1,1,1,22,1,0,97,84,1,1,1,1,0,0,1
8346,STU07240,9,98,1,0,1,1,1,27,2,1,89,55,1,0,2,2,0,0,0
8347,STU07241,9,98,1,0,1,1,1,18,19,1,68,65,1,0,2,2,1,0,0
8348,STU07242,9,98,1,0,1,1,1,21,16,0,67,65,0,1,2,2,0,1,0
8349,STU07243,9,98,1,0,0,1,1,27,2,1,89,55,1,0,2,2,0,0,0
8350,STU07244,9,98,1,0,0,1,1,18,19,1,68,65,1,0,2,2,1,0,0
8351,STU07245,9,98,1,0,0,1,1,21,16,0,67,65,0,1,2,2,0,1,0
8352,STU07246,9,98,2,0,1,1,1,27,2,1,89,55,1,0,2,2,0,0,0
8353,STU07247,9,98,2,0,1,1,1,18,19,1,68,65,1,0,2,2,1,0,0
8354,STU07248,9,98,2,0,1,1,1,21,16,0,67,65,0,1,2,2,0,1,0
8355,STU07249,9,98,1,1,1,1,1,27,2,1,89,55,1,0,2,2,0,0,0
8356,STU07250,9,98,1,1,1,1,1,18,19,1,68,65,1,0,2,2,1,0,0
8357,STU07251,9,98,1,1,1,1,1,21,16,0,67,65,0,1,2,2,0,1,0
8358,STU07252,13,80,2,1,2,1,0,20,13,0,82,75,1,2,1,1,0,0,0
8359,STU07253,13,80,2,1,2,1,0,27,13,0,67,62,1,1,2,2,0,0,1
8360,STU07254,13,80,2,1,2,1,0,24,7,1,56,52,1,0,3,3,0,0,0
8361,STU07255,13,80,2,1,2,1,0,22,1,1,84,46,1,2,3,3,0,1,0
8362,STU07256,13,80,2,1,2,1,0,19,3,0,82,44,1,0,3,3,0,0,1
8363,STU07257,13,80,2,1,2,1,0,29,5,1,98,79,1,1,1,1,0,0,1
8364,STU07258,13,80,1,1,2,1,0,20,13,0,82,75,1,2,1,1,0,0,0
8365,STU07259,13,80,1,1,2,1,0,27,13,0,67,62,1,1,2,2,0,0,1
8366,STU07260,13,80,1,1,2,1,0,24,7,1,56,52,1,0,3,3,0,0,0
8367,STU07261,13,80,1,1,2,1,0,22,1,1,84,46,1,2,3,3,0,1,0
8368,STU07262,13,80,1,1,2,1,0,19,3,0,82,44,1,0,3,3,0,0,1
8369,STU07263,13,80,1,1,2,1,0,29,5,1,98,79,1,1,1,1,0,0,1
8370,STU07264,13,80,1,0,1,1,0,20,13,0,82,75,1,2,1,1,0,0,0
8371,STU07265,13,80,1,0,1,1,0,27,13,0,67,62,1,1,2,2,0,0,1
8372,STU07266,13,80,1,0,1,1,0,24,7,1,56,52,1,0,3,3,0,0,0
8373,STU07267,13,80,1,0,1,1,0,22,1,1,84,46,1,2,3,3,0,1,0
8374,STU07268,13,80,1,0,1,1,0,19,3,0,82,44,1,0,3,3,0,0,1
8375,STU07269,13,80,1,0,1,1,0,29,5,1,98,79,1,1,1,1,0,0,1
8376,STU07270,7,73,1,1,1,1,0,27,0,0,69,68,1,0,2,2,0,1,0
8377,STU07271,7,73,1,1,1,1,0,29,2,1,92,40,0,2,3,3,0,1,0
8378,STU07272,7,73,1,1,1,1,0,29,18,1,88,99,1,0,0,0,0,0,0
8379,STU07273,7,73,1,1,1,1,0,21,15,1,65,58,0,1,2,2,1,0,0
8380,STU07274,7,73,1,1,1,1,0,21,5,1,60,76,1,0,1,1,1,0,0
8381,STU07275,35,61,2,1,0,1,1,25,15,1,80,47,0,1,3,3,1,0,0
8382,STU07276,35,61,2,1,0,1,1,19,18,0,61,56,0,2,2,2,1,0,0
8383,STU07277,25,93,2,0,0,1,1,28,17,1,50,82,1,1,1,1,0,1,0
8384,STU07278,25,93,2,0,0,1,1,22,15,0,72,71,0,1,1,1,0,0,0
8385,STU07279,25,93,2,0,2,1,1,28,17,1,50,82,1,1,1,1,0,1,0
8386,STU07280,25,93,2,0,2,1,1,22,15,0,72,71,0,1,1,1,0,0,0
8387,STU07281,25,93,1,1,0,1,1,28,17,1,50,82,1,1,1,1,0,1,0
8388,STU07282,25,93,1,1,0,1,1,22,15,0,72,71,0,1,1,1,0,0,0
8389,STU07283,25,93,1,0,1,1,1,28,17,1,50,82,1,1,1,1,0,1,0
8390,STU07284,25,93,1,0,1,1,1,22,15,0,72,71,0,1,1,1,0,0,0
8393,STU07285,26,71,0,0,1,1,0,23,3,1,62,64,1,1,2,2,0,0,1
8394,STU07286,26,71,0,0,1,1,0,27,3,0,55,71,0,0,1,1,0,0,0
8395,STU07287,26,71,0,0,1,1,0,19,17,1,61,89,1,2,0,0,0,0,1
8396,STU07288,26,71,0,0,1,1,0,18,13,1,50,72,1,1,1,1,1,0,0
8397,STU07289,26,71,0,0,1,1,0,28,13,0,97,47,1,0,3,3,0,0,1
8398,STU07290,26,71,0,0,1,1,0,18,12,1,60,90,1,2,0,0,1,0,0
8399,STU07291,26,71,0,0,1,1,0,25,12,0,57,100,1,2,0,0,0,0,1
8400,STU07292,26,71,2,0,0,1,0,23,3,1,62,64,1,1,2,2,0,0,1
8401,STU07293,26,71,2,0,0,1,0,27,3,0,55,71,0,0,1,1,0,0,0
8402,STU07294,26,71,2,0,0,1,0,19,17,1,61,89,1,2,0,0,0,0,1
8403,STU07295,26,71,2,0,0,1,0,18,13,1,50,72,1,1,1,1,1,0,0
8404,STU07296,26,71,2,0,0,1,0,28,13,0,97,47,1,0,3,3,0,0,1
8405,STU07297,26,71,2,0,0,1,0,18,12,1,60,90,1,2,0,0,1,0,0
8406,STU07298,26,71,2,0,0,1,0,25,12,0,57,100,1,2,0,0,0,0,1
8407,STU07299,26,71,1,1,1,0,0,23,3,1,62,64,1,1,2,2,0,0,1
8408,STU07300,26,71,1,1,1,0,0,27,3,0,55,71,0,0,1,1,0,0,0
8409,STU07301,26,71,1,1,1,0,0,19,17,1,61,89,1,2,0,0,0,0,1
8410,STU07302,26,71,1,1,1,0,0,18,13,1,50,72,1,1,1,1,1,0,0
8411,STU07303,26,71,1,1,1,0,0,28,13,0,97,47,1,0,3,3,0,0,1
8412,STU07304,26,71,1,1,1,0,0,18,12,1,60,90,1,2,0,0,1,0,0
8413,STU07305,26,71,1,1,1,0,0,25,12,0,57,100,1,2,0,0,0,0,1
8414,STU07306,22,93,1,0,0,1,1,28,7,1,92,43,0,2,3,3,0,0,0
8415,STU07307,22,93,2,1,2,1,1,28,7,1,92,43,0,2,3,3,0,0,0
8416,STU07308,22,93,0,1,1,1,1,28,7,1,92,43,0,2,3,3,0,0,0
8417,STU07309,22,93,1,1,2,1,1,28,7,1,92,43,0,2,3,3,0,0,0
8418,STU07310,16,99,1,1,0,1,0,19,0,1,55,57,0,2,2,2,0,0,0
8419,STU07311,16,99,2,1,2,1,0,19,0,1,55,57,0,2,2,2,0,0,0
8420,STU07312,16,99,1,0,0,0,0,19,0,1,55,57,0,2,2,2,0,0,0
8421,STU07313,16,99,1,0,2,0,0,19,0,1,55,57,0,2,2,2,0,0,0
8422,STU07314,16,99,1,0,0,1,0,19,0,1,55,57,0,2,2,2,0,0,0
8424,STU07315,16,99,1,1,1,1,0,19,0,1,55,57,0,2,2,2,0,0,0
8425,STU07316,15,82,2,1,1,1,1,22,1,1,97,55,1,2,2,2,0,1,0
8426,STU07317,15,82,2,1,1,1,1,26,14,1,80,51,1,1,3,3,1,0,0
8427,STU07318,15,82,2,1,1,1,1,24,15,1,67,90,0,2,0,0,1,0,0
8428,STU07319,15,82,2,1,1,1,1,27,17,0,75,90,1,1,0,0,0,0,1
8429,STU07320,15,82,2,1,1,1,1,25,6,1,81,49,0,1,3,3,0,1,0
8430,STU07321,15,82,2,1,2,0,1,22,1,1,97,55,1,2,2,2,0,1,0
8431,STU07322,15,82,2,1,2,0,1,26,14,1,80,51,1,1,3,3,1,0,0
8432,STU07323,15,82,2,1,2,0,1,24,15,1,67,90,0,2,0,0,1,0,0
8433,STU07324,15,82,2,1,2,0,1,27,17,0,75,90,1,1,0,0,0,0,1
8434,STU07325,15,82,2,1,2,0,1,25,6,1,81,49,0,1,3,3,0,1,0
8435,STU07326,23,92,0,1,2,1,1,24,0,1,80,55,1,2,2,2,0,1,0
8436,STU07327,23,92,1,1,0,1,1,24,0,1,80,55,1,2,2,2,0,1,0
8437,STU07328,23,92,1,1,1,1,1,24,0,1,80,55,1,2,2,2,0,1,0
8438,STU07329,23,92,2,0,1,1,1,24,0,1,80,55,1,2,2,2,0,1,0
8439,STU07330,23,92,2,1,2,1,1,24,0,1,80,55,1,2,2,2,0,1,0
8440,STU07331,20,91,1,1,1,1,1,25,20,1,59,84,1,0,1,1,0,0,1
8441,STU07332,20,91,2,1,0,1,1,25,20,1,59,84,1,0,1,1,0,0,1
8442,STU07333,20,91,0,1,1,1,1,25,20,1,59,84,1,0,1,1,0,0,1
8443,STU07334,20,91,1,0,1,1,1,25,20,1,59,84,1,0,1,1,0,0,1
8445,STU07335,20,91,1,1,2,1,1,25,20,1,59,84,1,0,1,1,0,0,1
8446,STU07336,16,74,2,1,0,1,1,19,1,0,61,66,1,2,2,2,0,0,1
8447,STU07337,16,74,2,1,0,1,1,28,13,1,82,68,1,0,2,2,0,0,0
8450,STU07338,16,74,2,0,0,1,1,19,1,0,61,66,1,2,2,2,0,0,1
8451,STU07339,16,74,2,0,0,1,1,28,13,1,82,68,1,0,2,2,0,0,0
8452,STU07340,16,74,2,0,1,1,1,19,1,0,61,66,1,2,2,2,0,0,1
8453,STU07341,16,74,2,0,1,1,1,28,13,1,82,68,1,0,2,2,0,0,0
8454,STU07342,19,82,2,1,1,1,1,23,12,1,64,59,0,1,2,2,0,0,0
8455,STU07343,19,82,2,1,1,1,1,29,18,1,86,76,0,2,1,1,1,0,0
8456,STU07344,19,82,2,1,1,1,1,29,13,0,99,62,1,2,2,2,1,0,0
8457,STU07345,19,82,2,1,1,1,1,18,5,1,68,90,0,1,0,0,0,0,0
8458,STU07346,19,82,0,0,1,1,1,23,12,1,64,59,0,1,2,2,0,0,0
8459,STU07347,19,82,0,0,1,1,1,29,18,1,86,76,0,2,1,1,1,0,0
8460,STU07348,19,82,0,0,1,1,1,29,13,0,99,62,1,2,2,2,1,0,0
8461,STU07349,19,82,0,0,1,1,1,18,5,1,68,90,0,1,0,0,0,0,0
8462,STU07350,19,82,1,0,0,1,1,23,12,1,64,59,0,1,2,2,0,0,0
8463,STU07351,19,82,1,0,0,1,1,29,18,1,86,76,0,2,1,1,1,0,0
8464,STU07352,19,82,1,0,0,1,1,29,13,0,99,62,1,2,2,2,1,0,0
8465,STU07353,19,82,1,0,0,1,1,18,5,1,68,90,0,1,0,0,0,0,0
8466,STU07354,19,82,1,0,1,1,1,23,12,1,64,59,0,1,2,2,0,0,0
8467,STU07355,19,82,1,0,1,1,1,29,18,1,86,76,0,2,1,1,1,0,0
8468,STU07356,19,82,1,0,1,1,1,29,13,0,99,62,1,2,2,2,1,0,0
8469,STU07357,19,82,1,0,1,1,1,18,5,1,68,90,0,1,0,0,0,0,0
8474,STU07358,23,69,1,1,2,1,0,25,2,0,67,53,0,2,3,3,1,0,0
8475,STU07359,23,69,1,1,2,1,0,22,3,0,86,40,1,0,3,3,0,0,1
8476,STU07360,8,80,0,0,2,1,0,23,4,1,67,43,1,2,3,3,1,0,0
8477,STU07361,19,71,2,0,2,1,0,28,17,0,67,66,1,2,2,2,0,0,0
8478,STU07362,19,71,2,0,2,1,0,22,2,1,68,57,1,2,2,2,0,0,0
8479,STU07363,19,71,2,0,2,1,0,23,3,1,73,77,1,2,1,1,1,0,0
8480,STU07364,19,71,1,1,1,1,0,28,17,0,67,66,1,2,2,2,0,0,0
8481,STU07365,19,71,1,1,1,1,0,22,2,1,68,57,1,2,2,2,0,0,0
8482,STU07366,19,71,1,1,1,1,0,23,3,1,73,77,1,2,1,1,1,0,0
8486,STU07367,19,71,1,1,0,1,0,28,17,0,67,66,1,2,2,2,0,0,0
8487,STU07368,19,71,1,1,0,1,0,22,2,1,68,57,1,2,2,2,0,0,0
8488,STU07369,19,71,1,1,0,1,0,23,3,1,73,77,1,2,1,1,1,0,0
8489,STU07370,19,71,2,1,0,1,0,28,17,0,67,66,1,2,2,2,0,0,0
8490,STU07371,19,71,2,1,0,1,0,22,2,1,68,57,1,2,2,2,0,0,0
8491,STU07372,19,71,2,1,0,1,0,23,3,1,73,77,1,2,1,1,1,0,0
8492,STU07373,13,67,1,1,2,1,1,19,12,0,78,62,0,2,2,2,1,0,0
8493,STU07374,13,67,1,1,2,1,1,26,19,1,77,52,1,1,3,3,0,0,0
8494,STU07375,13,67,1,1,2,1,1,26,2,0,50,54,1,1,3,3,0,0,0
8495,STU07376,13,67,1,1,1,1,1,19,12,0,78,62,0,2,2,2,1,0,0
8496,STU07377,13,67,1,1,1,1,1,26,19,1,77,52,1,1,3,3,0,0,0
8497,STU07378,13,67,1,1,1,1,1,26,2,0,50,54,1,1,3,3,0,0,0
8498,STU07379,13,67,0,1,1,1,1,19,12,0,78,62,0,2,2,2,1,0,0
8499,STU07380,13,67,0,1,1,1,1,26,19,1,77,52,1,1,3,3,0,0,0
8500,STU07381,13,67,0,1,1,1,1,26,2,0,50,54,1,1,3,3,0,0,0
8501,STU07382,13,67,2,1,1,1,1,19,12,0,78,62,0,2,2,2,1,0,0
8502,STU07383,13,67,2,1,1,1,1,26,19,1,77,52,1,1,3,3,0,0,0
8503,STU07384,13,67,2,1,1,1,1,26,2,0,50,54,1,1,3,3,0,0,0
8504,STU07385,16,93,1,1,1,1,0,27,6,1,84,46,1,1,3,3,1,0,0
8506,STU07386,16,93,2,1,0,1,0,27,6,1,84,46,1,1,3,3,1,0,0
8507,STU07387,18,68,1,0,2,1,0,25,11,1,80,80,1,2,1,1,0,1,0
8508,STU07388,18,68,1,0,2,1,0,20,10,0,55,79,0,1,1,1,1,0,0
8509,STU07389,18,68,2,0,1,1,0,25,11,1,80,80,1,2,1,1,0,1,0
8510,STU07390,18,68,2,0,1,1,0,20,10,0,55,79,0,1,1,1,1,0,0
8511,STU07391,18,67,1,0,1,1,0,27,0,1,57,79,0,2,1,1,0,0,1
8512,STU07392,18,67,1,0,1,1,0,24,15,1,62,85,1,2,0,0,0,0,0
8513,STU07393,18,67,1,0,1,1,0,27,9,1,61,76,0,2,1,1,1,0,0
8514,STU07394,18,67,2,1,0,1,0,27,0,1,57,79,0,2,1,1,0,0,1
8515,STU07395,18,67,2,1,0,1,0,24,15,1,62,85,1,2,0,0,0,0,0
8516,STU07396,18,67,2,1,0,1,0,27,9,1,61,76,0,2,1,1,1,0,0
8517,STU07397,21,66,1,0,0,0,1,21,16,0,68,72,0,2,1,1,0,1,0
8518,STU07398,21,66,1,0,1,1,1,21,16,0,68,72,0,2,1,1,0,1,0
8519,STU07399,21,66,1,1,1,1,1,21,16,0,68,72,0,2,1,1,0,1,0
8520,STU07400,26,90,2,0,0,1,0,21,3,1,62,81,0,2,1,1,0,0,0
8521,STU07401,26,90,2,0,0,1,0,29,7,0,63,97,1,2,0,0,0,0,0
8522,STU07402,26,90,2,0,0,1,0,28,11,0,67,55,1,1,2,2,0,0,0
8523,STU07403,26,90,2,0,0,1,0,21,8,1,88,94,1,2,0,0,0,0,1
8524,STU07404,26,90,2,0,0,1,0,21,1,1,80,62,1,2,2,2,0,1,0
8525,STU07405,26,90,1,1,1,1,0,21,3,1,62,81,0,2,1,1,0,0,0
8526,STU07406,26,90,1,1,1,1,0,29,7,0,63,97,1,2,0,0,0,0,0
8527,STU07407,26,90,1,1,1,1,0,28,11,0,67,55,1,1,2,2,0,0,0
8528,STU07408,26,90,1,1,1,1,0,21,8,1,88,94,1,2,0,0,0,0,1
8529,STU07409,26,90,1,1,1,1,0,21,1,1,80,62,1,2,2,2,0,1,0
8530,STU07410,26,90,1,0,2,1,0,21,3,1,62,81,0,2,1,1,0,0,0
8531,STU07411,26,90,1,0,2,1,0,29,7,0,63,97,1,2,0,0,0,0,0
8532,STU07412,26,90,1,0,2,1,0,28,11,0,67,55,1,1,2,2,0,0,0
8533,STU07413,26,90,1,0,2,1,0,21,8,1,88,94,1,2,0,0,0,0,1
8534,STU07414,26,90,1,0,2,1,0,21,1,1,80,62,1,2,2,2,0,1,0
8535,STU07415,11,84,1,1,2,1,0,27,6,1,75,43,1,2,3,3,1,0,0
8536,STU07416,11,84,1,0,0,1,0,27,6,1,75,43,1,2,3,3,1,0,0
8537,STU07417,11,84,0,1,0,1,0,27,6,1,75,43,1,2,3,3,1,0,0
8539,STU07418,5,87,0,0,1,1,0,26,19,1,77,59,0,1,2,2,0,0,0
8540,STU07419,19,86,0,0,0,1,1,20,20,1,56,70,1,2,1,1,0,0,0
8541,STU07420,19,86,2,1,2,1,1,20,20,1,56,70,1,2,1,1,0,0,0
8542,STU07421,19,86,1,0,1,1,1,20,20,1,56,70,1,2,1,1,0,0,0
8543,STU07422,19,86,1,1,0,1,1,20,20,1,56,70,1,2,1,1,0,0,0
8544,STU07423,13,60,1,1,1,1,1,28,8,0,71,92,0,1,0,0,0,0,0
8545,STU07424,13,60,1,0,0,1,1,28,8,0,71,92,0,1,0,0,0,0,0
8546,STU07425,13,60,0,0,0,1,1,28,8,0,71,92,0,1,0,0,0,0,0
8547,STU07426,13,60,1,0,2,1,1,28,8,0,71,92,0,1,0,0,0,0,0
8549,STU07427,9,61,1,1,0,0,1,25,3,0,70,83,1,1,1,1,1,0,0
8550,STU07428,9,61,2,1,1,1,1,25,3,0,70,83,1,1,1,1,1,0,0
8551,STU07429,17,71,2,1,0,1,0,19,2,0,55,46,1,0,3,3,0,1,0
8552,STU07430,17,71,2,1,0,1,0,29,14,0,72,44,1,1,3,3,0,0,0
8553,STU07431,17,71,2,1,0,1,0,25,16,1,58,69,1,2,2,2,0,1,0
8557,STU07432,17,71,0,0,1,1,0,19,2,0,55,46,1,0,3,3,0,1,0
8558,STU07433,17,71,0,0,1,1,0,29,14,0,72,44,1,1,3,3,0,0,0
8559,STU07434,17,71,0,0,1,1,0,25,16,1,58,69,1,2,2,2,0,1,0
8560,STU07435,17,71,1,0,0,1,0,19,2,0,55,46,1,0,3,3,0,1,0
8561,STU07436,17,71,1,0,0,1,0,29,14,0,72,44,1,1,3,3,0,0,0
8562,STU07437,17,71,1,0,0,1,0,25,16,1,58,69,1,2,2,2,0,1,0
8563,STU07438,11,61,1,1,2,1,0,27,20,1,80,55,1,0,2,2,1,0,0
8564,STU07439,11,61,1,1,2,1,0,19,10,1,53,46,0,2,3,3,0,0,0
8565,STU07440,11,61,1,1,2,1,0,28,8,0,72,84,1,2,1,1,0,0,1
8566,STU07441,20,74,2,0,0,1,1,21,19,1,59,53,1,2,3,3,0,1,0
8567,STU07442,20,74,2,0,0,1,1,27,6,1,96,88,1,2,0,0,0,1,0
8568,STU07443,20,74,1,1,2,1,1,21,19,1,59,53,1,2,3,3,0,1,0
8569,STU07444,20,74,1,1,2,1,1,27,6,1,96,88,1,2,0,0,0,1,0
8570,STU07445,20,74,1,0,2,1,1,21,19,1,59,53,1,2,3,3,0,1,0
8571,STU07446,20,74,1,0,2,1,1,27,6,1,96,88,1,2,0,0,0,1,0
8572,STU07447,20,74,1,1,1,1,1,21,19,1,59,53,1,2,3,3,0,1,0
8573,STU07448,20,74,1,1,1,1,1,27,6,1,96,88,1,2,0,0,0,1,0
8574,STU07449,20,74,1,0,1,1,1,21,19,1,59,53,1,2,3,3,0,1,0
8575,STU07450,20,74,1,0,1,1,1,27,6,1,96,88,1,2,0,0,0,1,0
8578,STU07451,23,64,1,0,1,1,1,29,3,0,86,95,1,1,0,0,0,1,0
8579,STU07452,23,64,1,0,1,1,1,25,9,0,64,75,0,2,1,1,1,0,0
8580,STU07453,23,64,1,1,2,1,1,29,3,0,86,95,1,1,0,0,0,1,0
8581,STU07454,23,64,1,1,2,1,1,25,9,0,64,75,0,2,1,1,1,0,0
8582,STU07455,23,64,2,1,1,1,1,29,3,0,86,95,1,1,0,0,0,1,0
8583,STU07456,23,64,2,1,1,1,1,25,9,0,64,75,0,2,1,1,1,0,0
8584,STU07457,23,64,0,1,1,1,1,29,3,0,86,95,1,1,0,0,0,1,0
8585,STU07458,23,64,0,1,1,1,1,25,9,0,64,75,0,2,1,1,1,0,0
8586,STU07459,23,64,2,0,0,1,1,29,3,0,86,95,1,1,0,0,0,1,0
8587,STU07460,23,64,2,0,0,1,1,25,9,0,64,75,0,2,1,1,1,0,0
8588,STU07461,23,64,1,1,1,1,1,29,3,0,86,95,1,1,0,0,0,1,0
8589,STU07462,23,64,1,1,1,1,1,25,9,0,64,75,0,2,1,1,1,0,0
8590,STU07463,21,80,2,0,1,1,0,25,0,1,50,75,1,2,1,1,0,1,0
8591,STU07464,21,80,2,0,1,1,0,25,15,1,96,87,0,1,0,0,0,0,0
8592,STU07465,21,80,2,0,1,1,0,22,16,1,64,88,1,0,0,0,0,0,0
8593,STU07466,21,80,2,1,1,1,0,25,0,1,50,75,1,2,1,1,0,1,0
8594,STU07467,21,80,2,1,1,1,0,25,15,1,96,87,0,1,0,0,0,0,0
8595,STU07468,21,80,2,1,1,1,0,22,16,1,64,88,1,0,0,0,0,0,0
8596,STU07469,21,80,2,1,0,1,0,25,0,1,50,75,1,2,1,1,0,1,0
8597,STU07470,21,80,2,1,0,1,0,25,15,1,96,87,0,1,0,0,0,0,0
8598,STU07471,21,80,2,1,0,1,0,22,16,1,64,88,1,0,0,0,0,0,0
8599,STU07472,21,80,0,1,1,1,0,25,0,1,50,75,1,2,1,1,0,1,0
8600,STU07473,21,80,0,1,1,1,0,25,15,1,96,87,0,1,0,0,0,0,0
8601,STU07474,21,80,0,1,1,1,0,22,16,1,64,88,1,0,0,0,0,0,0
8602,STU07475,21,80,1,1,0,1,0,25,0,1,50,75,1,2,1,1,0,1,0
8603,STU07476,21,80,1,1,0,1,0,25,15,1,96,87,0,1,0,0,0,0,0
8604,STU07477,21,80,1,1,0,1,0,22,16,1,64,88,1,0,0,0,0,0,0
8605,STU07478,21,80,0,0,1,1,0,25,0,1,50,75,1,2,1,1,0,1,0
8606,STU07479,21,80,0,0,1,1,0,25,15,1,96,87,0,1,0,0,0,0,0
8607,STU07480,21,80,0,0,1,1,0,22,16,1,64,88,1,0,0,0,0,0,0
8608,STU07481,14,91,1,1,1,1,1,26,16,0,86,79,1,1,1,1,0,0,0
8611,STU07482,14,91,2,1,1,1,1,26,16,0,86,79,1,1,1,1,0,0,0
8613,STU07483,27,69,1,0,1,1,1,23,16,0,77,87,0,0,0,0,0,1,0
8614,STU07484,27,69,2,1,0,1,1,23,16,0,77,87,0,0,0,0,0,1,0
8615,STU07485,27,69,0,1,1,1,1,23,16,0,77,87,0,0,0,0,0,1,0
8616,STU07486,14,100,1,0,0,1,1,22,10,1,79,56,1,1,2,2,0,0,0
8617,STU07487,14,100,1,0,0,1,1,26,5,1,73,72,0,2,1,1,1,0,0
8618,STU07488,30,66,2,0,0,1,1,23,0,1,55,63,1,2,2,2,0,1,0
8619,STU07489,30,66,2,0,0,0,1,23,0,1,55,63,1,2,2,2,0,1,0
8620,STU07490,26,90,0,1,0,1,1,19,18,1,73,47,0,1,3,3,0,0,0
8621,STU07491,26,90,2,1,1,1,1,19,18,1,73,47,0,1,3,3,0,0,0
8624,STU07492,16,77,2,0,0,1,1,26,2,1,95,51,0,1,3,3,0,1,0
8625,STU07493,16,77,1,1,1,1,1,26,2,1,95,51,0,1,3,3,0,1,0
8626,STU07494,16,77,0,1,1,0,1,26,2,1,95,51,0,1,3,3,0,1,0
8627,STU07495,24,92,1,1,2,1,0,29,2,1,82,87,0,0,0,0,0,0,1
8628,STU07496,24,92,1,1,2,1,0,18,16,0,70,96,1,2,0,0,0,0,0
8629,STU07497,24,92,2,0,2,1,0,29,2,1,82,87,0,0,0,0,0,0,1
8630,STU07498,24,92,2,0,2,1,0,18,16,0,70,96,1,2,0,0,0,0,0
8631,STU07499,24,92,2,0,1,1,0,29,2,1,82,87,0,0,0,0,0,0,1
8632,STU07500,24,92,2,0,1,1,0,18,16,0,70,96,1,2,0,0,0,0,0
8633,STU07501,24,92,0,0,1,1,0,29,2,1,82,87,0,0,0,0,0,0,1
8634,STU07502,24,92,0,0,1,1,0,18,16,0,70,96,1,2,0,0,0,0,0
8635,STU07503,24,92,1,0,1,1,0,29,2,1,82,87,0,0,0,0,0,0,1
8636,STU07504,24,92,1,0,1,1,0,18,16,0,70,96,1,2,0,0,0,0,0
8637,STU07505,24,92,1,1,0,1,0,29,2,1,82,87,0,0,0,0,0,0,1
8638,STU07506,24,92,1,1,0,1,0,18,16,0,70,96,1,2,0,0,0,0,0
8639,STU07507,28,82,1,1,1,1,1,25,7,1,80,67,1,1,2,2,0,1,0
8640,STU07508,28,82,1,1,1,1,1,27,14,1,93,82,1,1,1,1,0,0,0
8641,STU07509,28,82,1,1,1,1,1,20,0,1,51,99,1,2,0,0,0,1,0
8642,STU07510,28,82,2,0,0,1,1,25,7,1,80,67,1,1,2,2,0,1,0
8643,STU07511,28,82,2,0,0,1,1,27,14,1,93,82,1,1,1,1,0,0,0
8644,STU07512,28,82,2,0,0,1,1,20,0,1,51,99,1,2,0,0,0,1,0
8645,STU07513,28,82,2,1,0,1,1,25,7,1,80,67,1,1,2,2,0,1,0
8646,STU07514,28,82,2,1,0,1,1,27,14,1,93,82,1,1,1,1,0,0,0
8647,STU07515,28,82,2,1,0,1,1,20,0,1,51,99,1,2,0,0,0,1,0
8648,STU07516,29,100,2,1,1,1,0,24,20,0,87,56,1,2,2,2,0,0,1
8649,STU07517,29,100,2,1,1,1,0,21,20,1,90,69,0,2,2,2,1,0,0
8650,STU07518,29,100,1,1,1,0,0,24,20,0,87,56,1,2,2,2,0,0,1
8651,STU07519,29,100,1,1,1,0,0,21,20,1,90,69,0,2,2,2,1,0,0
8652,STU07520,15,85,1,0,2,1,1,25,14,1,76,67,1,0,2,2,0,0,0
8653,STU07521,15,85,1,0,2,1,1,25,5,1,60,46,1,2,3,3,0,1,0
8654,STU07522,15,85,1,0,2,1,1,23,5,0,54,82,0,2,1,1,0,0,1
8655,STU07523,15,85,2,1,1,1,1,25,14,1,76,67,1,0,2,2,0,0,0
8656,STU07524,15,85,2,1,1,1,1,25,5,1,60,46,1,2,3,3,0,1,0
8657,STU07525,15,85,2,1,1,1,1,23,5,0,54,82,0,2,1,1,0,0,1
8658,STU07526,15,85,1,0,1,1,1,25,14,1,76,67,1,0,2,2,0,0,0
8659,STU07527,15,85,1,0,1,1,1,25,5,1,60,46,1,2,3,3,0,1,0
8660,STU07528,15,85,1,0,1,1,1,23,5,0,54,82,0,2,1,1,0,0,1
8661,STU07529,15,85,1,1,1,1,1,25,14,1,76,67,1,0,2,2,0,0,0
8662,STU07530,15,85,1,1,1,1,1,25,5,1,60,46,1,2,3,3,0,1,0
8663,STU07531,15,85,1,1,1,1,1,23,5,0,54,82,0,2,1,1,0,0,1
8667,STU07532,32,88,1,0,0,1,1,22,11,1,70,63,1,2,2,2,1,0,0
8668,STU07533,32,88,1,0,0,1,1,20,11,1,88,45,1,2,3,3,1,0,0
8669,STU07534,32,88,0,1,0,1,1,22,11,1,70,63,1,2,2,2,1,0,0
8670,STU07535,32,88,0,1,0,1,1,20,11,1,88,45,1,2,3,3,1,0,0
8671,STU07536,27,80,2,0,2,1,1,29,11,0,84,52,1,2,3,3,0,0,1
8672,STU07537,27,80,0,1,1,1,1,29,11,0,84,52,1,2,3,3,0,0,1
8673,STU07538,27,80,0,1,2,1,1,29,11,0,84,52,1,2,3,3,0,0,1
8674,STU07539,27,80,0,0,0,1,1,29,11,0,84,52,1,2,3,3,0,0,1
8675,STU07540,27,80,1,0,2,0,1,29,11,0,84,52,1,2,3,3,0,0,1
8676,STU07541,27,80,0,1,0,1,1,29,11,0,84,52,1,2,3,3,0,0,1
8677,STU07542,14,70,1,1,0,1,0,26,5,1,97,76,1,0,1,1,0,0,1
8678,STU07543,14,70,1,1,0,1,0,25,10,0,67,66,0,2,2,2,1,0,0
8679,STU07544,14,70,1,1,0,1,0,25,19,1,81,93,1,1,0,0,0,0,1
8680,STU07545,14,70,1,1,0,1,0,19,16,1,73,97,1,0,0,0,0,0,0
8681,STU07546,14,70,1,1,2,1,0,26,5,1,97,76,1,0,1,1,0,0,1
8682,STU07547,14,70,1,1,2,1,0,25,10,0,67,66,0,2,2,2,1,0,0
8683,STU07548,14,70,1,1,2,1,0,25,19,1,81,93,1,1,0,0,0,0,1
8684,STU07549,14,70,1,1,2,1,0,19,16,1,73,97,1,0,0,0,0,0,0
8685,STU07550,27,61,2,1,1,1,0,25,4,1,100,86,1,2,0,0,0,0,0
8686,STU07551,26,81,1,0,0,1,0,20,1,0,56,58,1,2,2,2,0,1,0
8687,STU07552,26,81,1,0,0,1,0,24,5,1,77,50,1,2,3,3,0,0,1
8688,STU07553,26,81,1,0,0,1,0,26,1,0,50,86,0,0,0,0,0,1,0
8689,STU07554,26,81,1,0,0,1,0,25,9,1,100,72,0,2,1,1,1,0,0
8690,STU07555,26,81,1,1,1,1,0,20,1,0,56,58,1,2,2,2,0,1,0
8691,STU07556,26,81,1,1,1,1,0,24,5,1,77,50,1,2,3,3,0,0,1
8692,STU07557,26,81,1,1,1,1,0,26,1,0,50,86,0,0,0,0,0,1,0
8693,STU07558,26,81,1,1,1,1,0,25,9,1,100,72,0,2,1,1,1,0,0
8694,STU07559,26,81,0,0,2,1,0,20,1,0,56,58,1,2,2,2,0,1,0
8695,STU07560,26,81,0,0,2,1,0,24,5,1,77,50,1,2,3,3,0,0,1
8696,STU07561,26,81,0,0,2,1,0,26,1,0,50,86,0,0,0,0,0,1,0
8697,STU07562,26,81,0,0,2,1,0,25,9,1,100,72,0,2,1,1,1,0,0
8702,STU07563,26,81,1,1,0,1,0,20,1,0,56,58,1,2,2,2,0,1,0
8703,STU07564,26,81,1,1,0,1,0,24,5,1,77,50,1,2,3,3,0,0,1
8704,STU07565,26,81,1,1,0,1,0,26,1,0,50,86,0,0,0,0,0,1,0
8705,STU07566,26,81,1,1,0,1,0,25,9,1,100,72,0,2,1,1,1,0,0
8706,STU07567,11,97,1,1,0,1,1,28,5,0,51,46,1,2,3,3,0,1,0
8707,STU07568,11,97,2,1,1,1,1,28,5,0,51,46,1,2,3,3,0,1,0
8708,STU07569,11,97,1,0,1,1,1,28,5,0,51,46,1,2,3,3,0,1,0
8709,STU07570,18,77,2,1,1,1,0,18,19,0,80,56,1,1,2,2,0,1,0
8710,STU07571,18,77,2,1,1,1,0,20,6,0,73,41,0,2,3,3,1,0,0
8711,STU07572,18,77,2,1,1,1,0,27,8,0,70,95,0,2,0,0,0,1,0
8712,STU07573,18,77,1,1,2,1,0,18,19,0,80,56,1,1,2,2,0,1,0
8713,STU07574,18,77,1,1,2,1,0,20,6,0,73,41,0,2,3,3,1,0,0
8714,STU07575,18,77,1,1,2,1,0,27,8,0,70,95,0,2,0,0,0,1,0
8715,STU07576,18,77,2,1,2,0,0,18,19,0,80,56,1,1,2,2,0,1,0
8716,STU07577,18,77,2,1,2,0,0,20,6,0,73,41,0,2,3,3,1,0,0
8717,STU07578,18,77,2,1,2,0,0,27,8,0,70,95,0,2,0,0,0,1,0
8718,STU07579,18,77,1,0,0,1,0,18,19,0,80,56,1,1,2,2,0,1,0
8719,STU07580,18,77,1,0,0,1,0,20,6,0,73,41,0,2,3,3,1,0,0
8720,STU07581,18,77,1,0,0,1,0,27,8,0,70,95,0,2,0,0,0,1,0
8721,STU07582,28,91,1,0,0,1,1,23,1,0,61,71,1,1,1,1,0,1,0
8722,STU07583,28,91,1,0,0,1,1,19,5,1,86,55,1,1,2,2,0,0,1
8723,STU07584,28,91,2,1,2,1,1,23,1,0,61,71,1,1,1,1,0,1,0
8724,STU07585,28,91,2,1,2,1,1,19,5,1,86,55,1,1,2,2,0,0,1
8725,STU07586,28,91,1,1,0,1,1,23,1,0,61,71,1,1,1,1,0,1,0
8726,STU07587,28,91,1,1,0,1,1,19,5,1,86,55,1,1,2,2,0,0,1
8727,STU07588,28,91,1,0,1,1,1,23,1,0,61,71,1,1,1,1,0,1,0
8728,STU07589,28,91,1,0,1,1,1,19,5,1,86,55,1,1,2,2,0,0,1
8729,STU07590,23,65,2,1,0,1,0,26,10,0,94,42,1,2,3,3,0,0,1
8730,STU07591,23,65,2,1,0,1,0,19,12,1,90,82,1,0,1,1,1,0,0
8731,STU07592,23,65,1,0,1,1,0,26,10,0,94,42,1,2,3,3,0,0,1
8732,STU07593,23,65,1,0,1,1,0,19,12,1,90,82,1,0,1,1,1,0,0
8733,STU07594,23,65,1,1,0,1,0,26,10,0,94,42,1,2,3,3,0,0,1
8734,STU07595,23,65,1,1,0,1,0,19,12,1,90,82,1,0,1,1,1,0,0
8735,STU07596,33,87,2,0,0,1,1,21,19,1,81,64,0,0,2,2,1,0,0
8736,STU07597,33,87,2,0,0,1,1,18,9,1,52,76,1,2,1,1,0,1,0
8737,STU07598,33,87,2,0,0,1,1,24,19,0,74,82,0,2,1,1,0,1,0
8738,STU07599,33,87,2,0,0,1,1,21,19,0,82,100,1,2,0,0,1,0,0
8739,STU07600,26,92,0,1,1,1,0,18,6,0,56,62,1,2,2,2,1,0,0
8740,STU07601,26,92,0,1,1,1,0,22,6,0,60,90,1,1,0,0,0,1,0
8741,STU07602,26,92,0,1,1,1,0,19,18,0,58,76,0,0,1,1,0,0,0
8742,STU07603,26,92,0,1,1,1,0,25,20,0,76,41,1,1,3,3,0,0,1
8743,STU07604,29,99,1,1,2,0,1,22,12,0,90,78,1,1,1,1,0,1,0
8744,STU07605,29,99,1,1,2,0,1,22,17,1,96,85,0,1,0,0,0,1,0
8745,STU07606,29,99,1,1,0,1,1,22,12,0,90,78,1,1,1,1,0,1,0
8746,STU07607,29,99,1,1,0,1,1,22,17,1,96,85,0,1,0,0,0,1,0
8747,STU07608,26,93,1,0,0,1,0,26,1,1,76,90,0,0,0,0,1,0,0
8748,STU07609,26,93,1,0,0,1,0,24,8,1,97,89,1,0,0,0,1,0,0
8749,STU07610,26,93,1,0,0,1,0,23,7,0,78,78,1,0,1,1,1,0,0
8750,STU07611,26,93,0,0,1,1,0,26,1,1,76,90,0,0,0,0,1,0,0
8751,STU07612,26,93,0,0,1,1,0,24,8,1,97,89,1,0,0,0,1,0,0
8752,STU07613,26,93,0,0,1,1,0,23,7,0,78,78,1,0,1,1,1,0,0
8753,STU07614,26,93,2,0,1,1,0,26,1,1,76,90,0,0,0,0,1,0,0
8754,STU07615,26,93,2,0,1,1,0,24,8,1,97,89,1,0,0,0,1,0,0
8755,STU07616,26,93,2,0,1,1,0,23,7,0,78,78,1,0,1,1,1,0,0
8756,STU07617,26,93,1,1,1,1,0,26,1,1,76,90,0,0,0,0,1,0,0
8757,STU07618,26,93,1,1,1,1,0,24,8,1,97,89,1,0,0,0,1,0,0
8758,STU07619,26,93,1,1,1,1,0,23,7,0,78,78,1,0,1,1,1,0,0
8759,STU07620,26,93,2,1,0,1,0,26,1,1,76,90,0,0,0,0,1,0,0
8760,STU07621,26,93,2,1,0,1,0,24,8,1,97,89,1,0,0,0,1,0,0
8761,STU07622,26,93,2,1,0,1,0,23,7,0,78,78,1,0,1,1,1,0,0
8762,STU07623,18,70,1,1,1,1,1,23,3,1,96,40,1,0,3,3,1,0,0
8763,STU07624,18,70,1,1,1,1,1,24,8,1,90,69,0,2,2,2,0,0,1
8764,STU07625,18,70,1,1,1,1,1,29,12,0,63,50,1,1,3,3,1,0,0
8765,STU07626,18,70,0,1,1,1,1,23,3,1,96,40,1,0,3,3,1,0,0
8766,STU07627,18,70,0,1,1,1,1,24,8,1,90,69,0,2,2,2,0,0,1
8767,STU07628,18,70,0,1,1,1,1,29,12,0,63,50,1,1,3,3,1,0,0
8771,STU07629,18,70,2,0,1,1,1,23,3,1,96,40,1,0,3,3,1,0,0
8772,STU07630,18,70,2,0,1,1,1,24,8,1,90,69,0,2,2,2,0,0,1
8773,STU07631,18,70,2,0,1,1,1,29,12,0,63,50,1,1,3,3,1,0,0
8774,STU07632,15,91,1,0,0,1,0,18,6,1,90,81,0,0,1,1,0,0,1
8775,STU07633,15,91,1,0,0,1,0,26,18,0,91,88,0,1,0,0,0,1,0
8778,STU07634,15,91,2,0,1,1,0,18,6,1,90,81,0,0,1,1,0,0,1
8779,STU07635,15,91,2,0,1,1,0,26,18,0,91,88,0,1,0,0,0,1,0
8780,STU07636,15,91,0,1,0,1,0,18,6,1,90,81,0,0,1,1,0,0,1
8781,STU07637,15,91,0,1,0,1,0,26,18,0,91,88,0,1,0,0,0,1,0
8782,STU07638,15,91,2,1,2,1,0,18,6,1,90,81,0,0,1,1,0,0,1
8783,STU07639,15,91,2,1,2,1,0,26,18,0,91,88,0,1,0,0,0,1,0
8784,STU07640,8,88,1,1,2,1,1,23,15,1,64,64,0,2,2,2,0,1,0
8785,STU07641,32,84,1,1,1,1,0,21,16,0,88,59,1,2,2,2,0,1,0
8787,STU07642,19,75,1,0,0,1,0,25,13,0,54,60,1,2,2,2,0,1,0
8788,STU07643,19,75,1,0,0,1,0,29,15,0,87,51,0,1,3,3,1,0,0
8789,STU07644,19,75,1,0,0,1,0,20,20,1,86,90,0,0,0,0,0,1,0
8790,STU07645,19,75,0,0,2,1,0,25,13,0,54,60,1,2,2,2,0,1,0
8791,STU07646,19,75,0,0,2,1,0,29,15,0,87,51,0,1,3,3,1,0,0
8792,STU07647,19,75,0,0,2,1,0,20,20,1,86,90,0,0,0,0,0,1,0
8793,STU07648,19,75,2,0,1,1,0,25,13,0,54,60,1,2,2,2,0,1,0
8794,STU07649,19,75,2,0,1,1,0,29,15,0,87,51,0,1,3,3,1,0,0
8795,STU07650,19,75,2,0,1,1,0,20,20,1,86,90,0,0,0,0,0,1,0
8796,STU07651,19,75,2,0,0,1,0,25,13,0,54,60,1,2,2,2,0,1,0
8797,STU07652,19,75,2,0,0,1,0,29,15,0,87,51,0,1,3,3,1,0,0
8798,STU07653,19,75,2,0,0,1,0,20,20,1,86,90,0,0,0,0,0,1,0
8802,STU07654,19,75,2,1,1,1,0,25,13,0,54,60,1,2,2,2,0,1,0
8803,STU07655,19,75,2,1,1,1,0,29,15,0,87,51,0,1,3,3,1,0,0
8804,STU07656,19,75,2,1,1,1,0,20,20,1,86,90,0,0,0,0,0,1,0
8805,STU07657,19,75,2,1,2,1,0,25,13,0,54,60,1,2,2,2,0,1,0
8806,STU07658,19,75,2,1,2,1,0,29,15,0,87,51,0,1,3,3,1,0,0
8807,STU07659,19,75,2,1,2,1,0,20,20,1,86,90,0,0,0,0,0,1,0
8811,STU07660,19,75,1,1,2,1,0,25,13,0,54,60,1,2,2,2,0,1,0
8812,STU07661,19,75,1,1,2,1,0,29,15,0,87,51,0,1,3,3,1,0,0
8813,STU07662,19,75,1,1,2,1,0,20,20,1,86,90,0,0,0,0,0,1,0
8814,STU07663,22,85,1,0,2,1,0,29,14,1,63,86,0,2,0,0,0,0,1
8815,STU07664,22,85,1,0,2,1,0,21,6,0,52,69,1,0,2,2,0,0,1
8816,STU07665,22,85,1,1,0,1,0,29,14,1,63,86,0,2,0,0,0,0,1
8817,STU07666,22,85,1,1,0,1,0,21,6,0,52,69,1,0,2,2,0,0,1
8818,STU07667,22,85,1,1,1,1,0,29,14,1,63,86,0,2,0,0,0,0,1
8819,STU07668,22,85,1,1,1,1,0,21,6,0,52,69,1,0,2,2,0,0,1
8820,STU07669,25,87,2,1,0,0,0,27,0,1,97,94,1,2,0,0,0,1,0
8821,STU07670,25,87,2,1,0,0,0,23,16,1,51,74,0,1,1,1,0,0,1
8822,STU07671,25,87,1,1,1,1,0,27,0,1,97,94,1,2,0,0,0,1,0
8823,STU07672,25,87,1,1,1,1,0,23,16,1,51,74,0,1,1,1,0,0,1
8826,STU07673,25,87,2,1,1,1,0,27,0,1,97,94,1,2,0,0,0,1,0
8827,STU07674,25,87,2,1,1,1,0,23,16,1,51,74,0,1,1,1,0,0,1
8828,STU07675,22,92,2,1,0,1,0,26,18,0,91,71,1,0,1,1,0,0,1
8829,STU07676,22,92,1,1,0,0,0,26,18,0,91,71,1,0,1,1,0,0,1
8830,STU07677,22,92,2,0,0,1,0,26,18,0,91,71,1,0,1,1,0,0,1
8831,STU07678,27,96,2,0,0,1,0,24,16,1,56,55,1,2,2,2,0,0,0
8832,STU07679,27,96,2,0,0,1,0,25,10,1,53,88,1,1,0,0,0,0,1
8833,STU07680,27,96,2,0,0,1,0,19,20,1,84,86,1,2,0,0,0,0,1
8834,STU07681,27,96,1,1,1,1,0,24,16,1,56,55,1,2,2,2,0,0,0
8835,STU07682,27,96,1,1,1,1,0,25,10,1,53,88,1,1,0,0,0,0,1
8836,STU07683,27,96,1,1,1,1,0,19,20,1,84,86,1,2,0,0,0,0,1
8837,STU07684,21,67,1,1,2,1,1,18,13,0,100,47,0,2,3,3,1,0,0
8838,STU07685,21,67,1,1,2,1,1,22,6,0,67,50,0,2,3,3,0,1,0
8839,STU07686,21,67,1,1,1,1,1,18,13,0,100,47,0,2,3,3,1,0,0
8840,STU07687,21,67,1,1,1,1,1,22,6,0,67,50,0,2,3,3,0,1,0
8845,STU07688,30,100,1,1,0,1,0,23,3,1,99,82,1,1,1,1,0,0,0
8846,STU07689,30,100,1,1,0,1,0,18,5,1,72,61,1,2,2,2,0,0,1
8847,STU07690,30,100,1,1,0,1,0,20,20,1,91,68,1,1,2,2,0,0,0
8848,STU07691,30,100,2,0,1,1,0,23,3,1,99,82,1,1,1,1,0,0,0
8849,STU07692,30,100,2,0,1,1,0,18,5,1,72,61,1,2,2,2,0,0,1
8850,STU07693,30,100,2,0,1,1,0,20,20,1,91,68,1,1,2,2,0,0,0
8851,STU07694,36,88,2,0,2,1,0,19,5,0,85,83,0,1,1,1,0,1,0
8852,STU07695,36,88,2,0,2,1,0,21,11,0,73,88,1,0,0,0,1,0,0
8853,STU07696,36,88,2,0,2,1,0,25,3,0,72,45,0,2,3,3,0,0,1
8854,STU07697,36,88,2,0,2,1,0,28,11,0,77,57,1,1,2,2,1,0,0
8855,STU07698,36,88,2,0,2,1,0,21,19,0,71,69,1,2,2,2,0,0,1
8856,STU07699,23,65,1,1,1,1,1,20,12,1,75,96,1,1,0,0,0,0,0
8857,STU07700,23,65,1,1,1,1,1,24,17,1,95,73,1,0,1,1,0,0,1
8858,STU07701,23,65,1,1,1,1,1,29,14,1,77,42,0,1,3,3,0,0,1
8862,STU07702,23,65,2,0,0,0,1,20,12,1,75,96,1,1,0,0,0,0,0
8863,STU07703,23,65,2,0,0,0,1,24,17,1,95,73,1,0,1,1,0,0,1
8864,STU07704,23,65,2,0,0,0,1,29,14,1,77,42,0,1,3,3,0,0,1
8865,STU07705,23,65,1,0,2,0,1,20,12,1,75,96,1,1,0,0,0,0,0
8866,STU07706,23,65,1,0,2,0,1,24,17,1,95,73,1,0,1,1,0,0,1
8867,STU07707,23,65,1,0,2,0,1,29,14,1,77,42,0,1,3,3,0,0,1
8868,STU07708,9,76,1,0,1,1,1,28,2,0,86,97,0,1,0,0,0,0,0
8869,STU07709,9,76,1,0,1,1,1,19,16,1,95,61,1,1,2,2,1,0,0
8870,STU07710,9,76,2,0,0,0,1,28,2,0,86,97,0,1,0,0,0,0,0
8871,STU07711,9,76,2,0,0,0,1,19,16,1,95,61,1,1,2,2,1,0,0
8872,STU07712,9,76,1,1,1,1,1,28,2,0,86,97,0,1,0,0,0,0,0
8873,STU07713,9,76,1,1,1,1,1,19,16,1,95,61,1,1,2,2,1,0,0
8874,STU07714,25,94,2,0,0,1,0,19,4,0,51,50,1,2,3,3,0,0,0
8875,STU07715,25,94,0,1,0,1,0,19,4,0,51,50,1,2,3,3,0,0,0
8876,STU07716,25,94,2,0,2,1,0,19,4,0,51,50,1,2,3,3,0,0,0
8878,STU07717,25,94,0,1,1,1,0,19,4,0,51,50,1,2,3,3,0,0,0
8879,STU07718,28,84,1,1,1,0,0,23,17,1,90,62,1,2,2,2,0,1,0
8880,STU07719,28,84,1,1,1,1,0,23,17,1,90,62,1,2,2,2,0,1,0
8881,STU07720,19,86,1,0,1,1,0,22,19,1,96,58,1,2,2,2,0,1,0
8882,STU07721,19,86,1,0,1,1,0,21,12,1,51,76,1,1,1,1,0,1,0
8883,STU07722,19,86,1,0,1,1,0,21,10,1,76,61,1,1,2,2,1,0,0
8884,STU07723,19,62,1,1,0,1,0,29,12,0,89,63,0,1,2,2,0,0,1
8885,STU07724,19,62,1,1,0,1,0,28,20,0,90,89,0,2,0,0,0,1,0
8886,STU07725,19,62,1,1,1,1,0,29,12,0,89,63,0,1,2,2,0,0,1
8887,STU07726,19,62,1,1,1,1,0,28,20,0,90,89,0,2,0,0,0,1,0
8888,STU07727,19,62,0,1,1,1,0,29,12,0,89,63,0,1,2,2,0,0,1
8889,STU07728,19,62,0,1,1,1,0,28,20,0,90,89,0,2,0,0,0,1,0
8890,STU07729,24,79,0,1,2,1,1,28,4,1,85,85,1,2,0,0,0,0,1
8891,STU07730,24,79,2,0,2,0,1,28,4,1,85,85,1,2,0,0,0,0,1
8892,STU07731,24,79,1,0,2,1,1,28,4,1,85,85,1,2,0,0,0,0,1
8893,STU07732,30,63,1,0,1,1,0,29,2,0,67,47,1,2,3,3,0,0,0
8894,STU07733,30,63,1,0,1,1,0,20,6,1,66,99,1,2,0,0,0,0,1
8895,STU07734,30,63,2,1,1,1,0,29,2,0,67,47,1,2,3,3,0,0,0
8896,STU07735,30,63,2,1,1,1,0,20,6,1,66,99,1,2,0,0,0,0,1
8897,STU07736,30,63,2,0,1,1,0,29,2,0,67,47,1,2,3,3,0,0,0
8898,STU07737,30,63,2,0,1,1,0,20,6,1,66,99,1,2,0,0,0,0,1
8899,STU07738,30,63,0,0,2,1,0,29,2,0,67,47,1,2,3,3,0,0,0
8900,STU07739,30,63,0,0,2,1,0,20,6,1,66,99,1,2,0,0,0,0,1
8901,STU07740,13,73,1,1,1,1,1,26,16,1,99,94,1,2,0,0,0,0,1
8902,STU07741,13,73,1,1,1,1,1,20,7,1,52,64,1,2,2,2,0,1,0
8903,STU07742,13,73,0,0,1,1,1,26,16,1,99,94,1,2,0,0,0,0,1
8904,STU07743,13,73,0,0,1,1,1,20,7,1,52,64,1,2,2,2,0,1,0
8905,STU07744,23,66,0,0,0,1,1,29,10,1,92,41,1,0,3,3,0,1,0
8906,STU07745,23,66,2,0,1,1,1,29,10,1,92,41,1,0,3,3,0,1,0
8908,STU07746,23,66,2,1,2,1,1,29,10,1,92,41,1,0,3,3,0,1,0
8909,STU07747,23,66,1,0,0,1,1,29,10,1,92,41,1,0,3,3,0,1,0
8910,STU07748,27,94,1,1,1,1,1,24,3,1,84,77,1,2,1,1,0,1,0
8911,STU07749,18,81,0,1,0,1,1,28,17,1,87,69,1,2,2,2,0,0,0
8912,STU07750,18,81,2,1,0,1,1,28,17,1,87,69,1,2,2,2,0,0,0
8913,STU07751,18,81,2,0,0,1,1,28,17,1,87,69,1,2,2,2,0,0,0
8914,STU07752,18,81,1,0,0,1,1,28,17,1,87,69,1,2,2,2,0,0,0
8915,STU07753,18,81,2,1,1,1,1,28,17,1,87,69,1,2,2,2,0,0,0
8916,STU07754,18,81,0,1,2,1,1,28,17,1,87,69,1,2,2,2,0,0,0
8917,STU07755,18,81,1,0,1,1,1,28,17,1,87,69,1,2,2,2,0,0,0
8918,STU07756,30,71,1,1,2,0,1,20,2,0,81,93,1,2,0,0,0,0,0
8919,STU07757,30,71,1,1,2,0,1,20,10,0,53,51,1,2,3,3,0,0,0
8920,STU07758,9,75,0,0,2,1,1,29,2,1,88,48,1,1,3,3,0,1,0
8921,STU07759,11,89,1,1,1,1,0,25,7,0,56,50,0,0,3,3,0,1,0
8922,STU07760,11,89,1,1,1,1,0,25,16,1,51,91,0,2,0,0,0,0,1
8923,STU07761,28,82,1,1,1,1,0,24,1,0,67,90,1,2,0,0,0,0,0
8924,STU07762,28,82,1,1,1,1,0,23,9,1,56,93,1,2,0,0,0,0,0
8925,STU07763,29,62,1,1,1,1,1,26,15,1,79,68,1,0,2,2,0,0,1
8926,STU07764,32,87,2,1,1,1,1,25,17,1,86,47,1,0,3,3,1,0,0
8929,STU07765,32,96,0,1,0,1,1,19,0,0,62,59,1,2,2,2,0,0,0
8930,STU07766,27,92,1,0,2,1,1,26,13,1,100,61,1,0,2,2,0,0,0
8931,STU07767,27,92,1,0,2,1,1,27,14,1,75,85,1,2,0,0,0,0,1
8932,STU07768,27,92,1,0,2,1,1,20,17,1,97,89,1,2,0,0,0,1,0
8933,STU07769,27,92,1,1,2,1,1,26,13,1,100,61,1,0,2,2,0,0,0
8934,STU07770,27,92,1,1,2,1,1,27,14,1,75,85,1,2,0,0,0,0,1
8935,STU07771,27,92,1,1,2,1,1,20,17,1,97,89,1,2,0,0,0,1,0
8936,STU07772,27,92,1,1,0,1,1,26,13,1,100,61,1,0,2,2,0,0,0
8937,STU07773,27,92,1,1,0,1,1,27,14,1,75,85,1,2,0,0,0,0,1
8938,STU07774,27,92,1,1,0,1,1,20,17,1,97,89,1,2,0,0,0,1,0
8939,STU07775,27,92,1,1,1,1,1,26,13,1,100,61,1,0,2,2,0,0,0
8940,STU07776,27,92,1,1,1,1,1,27,14,1,75,85,1,2,0,0,0,0,1
8941,STU07777,27,92,1,1,1,1,1,20,17,1,97,89,1,2,0,0,0,1,0
8942,STU07778,27,92,1,0,1,1,1,26,13,1,100,61,1,0,2,2,0,0,0
8943,STU07779,27,92,1,0,1,1,1,27,14,1,75,85,1,2,0,0,0,0,1
8944,STU07780,27,92,1,0,1,1,1,20,17,1,97,89,1,2,0,0,0,1,0
8945,STU07781,27,92,2,1,1,1,1,26,13,1,100,61,1,0,2,2,0,0,0
8946,STU07782,27,92,2,1,1,1,1,27,14,1,75,85,1,2,0,0,0,0,1
8947,STU07783,27,92,2,1,1,1,1,20,17,1,97,89,1,2,0,0,0,1,0
8948,STU07784,26,67,1,1,2,1,1,27,9,0,51,65,0,2,2,2,0,1,0
8949,STU07785,26,67,1,1,2,1,1,27,0,1,75,52,1,1,3,3,1,0,0
8950,STU07786,26,67,1,1,2,1,1,19,14,0,94,99,1,1,0,0,0,0,1
8951,STU07787,26,67,1,1,2,1,1,28,7,1,66,56,1,2,2,2,0,1,0
8952,STU07788,26,67,2,1,1,1,1,27,9,0,51,65,0,2,2,2,0,1,0
8953,STU07789,26,67,2,1,1,1,1,27,0,1,75,52,1,1,3,3,1,0,0
8954,STU07790,26,67,2,1,1,1,1,19,14,0,94,99,1,1,0,0,0,0,1
8955,STU07791,26,67,2,1,1,1,1,28,7,1,66,56,1,2,2,2,0,1,0
8956,STU07792,26,67,0,1,2,1,1,27,9,0,51,65,0,2,2,2,0,1,0
8957,STU07793,26,67,0,1,2,1,1,27,0,1,75,52,1,1,3,3,1,0,0
8958,STU07794,26,67,0,1,2,1,1,19,14,0,94,99,1,1,0,0,0,0,1
8959,STU07795,26,67,0,1,2,1,1,28,7,1,66,56,1,2,2,2,0,1,0
8960,STU07796,26,67,1,1,1,1,1,27,9,0,51,65,0,2,2,2,0,1,0
8961,STU07797,26,67,1,1,1,1,1,27,0,1,75,52,1,1,3,3,1,0,0
8962,STU07798,26,67,1,1,1,1,1,19,14,0,94,99,1,1,0,0,0,0,1
8963,STU07799,26,67,1,1,1,1,1,28,7,1,66,56,1,2,2,2,0,1,0
8964,STU07800,26,67,1,1,0,1,1,27,9,0,51,65,0,2,2,2,0,1,0
8965,STU07801,26,67,1,1,0,1,1,27,0,1,75,52,1,1,3,3,1,0,0
8966,STU07802,26,67,1,1,0,1,1,19,14,0,94,99,1,1,0,0,0,0,1
8967,STU07803,26,67,1,1,0,1,1,28,7,1,66,56,1,2,2,2,0,1,0
8968,STU07804,26,67,1,0,1,1,1,27,9,0,51,65,0,2,2,2,0,1,0
8969,STU07805,26,67,1,0,1,1,1,27,0,1,75,52,1,1,3,3,1,0,0
8970,STU07806,26,67,1,0,1,1,1,19,14,0,94,99,1,1,0,0,0,0,1
8971,STU07807,26,67,1,0,1,1,1,28,7,1,66,56,1,2,2,2,0,1,0
8972,STU07808,26,67,2,1,2,1,1,27,9,0,51,65,0,2,2,2,0,1,0
8973,STU07809,26,67,2,1,2,1,1,27,0,1,75,52,1,1,3,3,1,0,0
8974,STU07810,26,67,2,1,2,1,1,19,14,0,94,99,1,1,0,0,0,0,1
8975,STU07811,26,67,2,1,2,1,1,28,7,1,66,56,1,2,2,2,0,1,0
8976,STU07812,17,63,1,0,2,1,1,20,20,0,83,67,0,2,2,2,0,0,1
8977,STU07813,17,63,1,0,2,1,1,25,14,0,81,50,0,1,3,3,0,0,0
8978,STU07814,17,63,1,0,2,1,1,28,11,1,83,89,1,2,0,0,0,0,1
8979,STU07815,17,63,1,0,2,1,1,18,20,1,57,99,0,1,0,0,0,0,0
8980,STU07816,17,63,1,0,0,1,1,20,20,0,83,67,0,2,2,2,0,0,1
8981,STU07817,17,63,1,0,0,1,1,25,14,0,81,50,0,1,3,3,0,0,0
8982,STU07818,17,63,1,0,0,1,1,28,11,1,83,89,1,2,0,0,0,0,1
8983,STU07819,17,63,1,0,0,1,1,18,20,1,57,99,0,1,0,0,0,0,0
8984,STU07820,17,63,1,1,1,1,1,20,20,0,83,67,0,2,2,2,0,0,1
8985,STU07821,17,63,1,1,1,1,1,25,14,0,81,50,0,1,3,3,0,0,0
8986,STU07822,17,63,1,1,1,1,1,28,11,1,83,89,1,2,0,0,0,0,1
8987,STU07823,17,63,1,1,1,1,1,18,20,1,57,99,0,1,0,0,0,0,0
8988,STU07824,26,87,1,1,2,1,1,23,17,1,81,99,1,2,0,0,0,1,0
8989,STU07825,26,87,1,1,2,1,1,20,4,1,56,78,1,2,1,1,0,0,0
8990,STU07826,26,87,1,1,2,1,1,27,11,0,98,68,1,2,2,2,0,0,1
8991,STU07827,26,87,1,1,2,1,1,20,0,1,50,42,0,2,3,3,1,0,0
8992,STU07828,26,87,1,1,2,1,1,18,5,1,55,46,0,2,3,3,0,0,0
8993,STU07829,26,87,2,0,0,1,1,23,17,1,81,99,1,2,0,0,0,1,0
8994,STU07830,26,87,2,0,0,1,1,20,4,1,56,78,1,2,1,1,0,0,0
8995,STU07831,26,87,2,0,0,1,1,27,11,0,98,68,1,2,2,2,0,0,1
8996,STU07832,26,87,2,0,0,1,1,20,0,1,50,42,0,2,3,3,1,0,0
8997,STU07833,26,87,2,0,0,1,1,18,5,1,55,46,0,2,3,3,0,0,0
8998,STU07834,26,87,1,0,2,1,1,23,17,1,81,99,1,2,0,0,0,1,0
8999,STU07835,26,87,1,0,2,1,1,20,4,1,56,78,1,2,1,1,0,0,0
9000,STU07836,26,87,1,0,2,1,1,27,11,0,98,68,1,2,2,2,0,0,1
9001,STU07837,26,87,1,0,2,1,1,20,0,1,50,42,0,2,3,3,1,0,0
9002,STU07838,26,87,1,0,2,1,1,18,5,1,55,46,0,2,3,3,0,0,0
9003,STU07839,26,87,1,1,1,1,1,23,17,1,81,99,1,2,0,0,0,1,0
9004,STU07840,26,87,1,1,1,1,1,20,4,1,56,78,1,2,1,1,0,0,0
9005,STU07841,26,87,1,1,1,1,1,27,11,0,98,68,1,2,2,2,0,0,1
9006,STU07842,26,87,1,1,1,1,1,20,0,1,50,42,0,2,3,3,1,0,0
9007,STU07843,26,87,1,1,1,1,1,18,5,1,55,46,0,2,3,3,0,0,0
9008,STU07844,29,62,2,1,2,1,0,25,0,1,91,45,1,0,3,3,1,0,0
9009,STU07845,29,62,2,1,2,1,0,21,5,1,54,90,1,2,0,0,0,0,0
9010,STU07846,29,62,2,1,2,1,0,22,12,1,58,58,1,2,2,2,0,0,1
9011,STU07847,29,62,2,1,2,1,0,25,5,1,64,100,0,2,0,0,1,0,0
9012,STU07848,29,62,2,1,2,1,0,24,19,1,78,46,0,2,3,3,0,0,0
9013,STU07849,29,62,2,1,2,1,0,25,19,1,90,80,0,1,1,1,1,0,0
9014,STU07850,29,62,2,1,2,1,0,24,16,1,80,82,0,0,1,1,0,1,0
9015,STU07851,9,82,1,0,1,1,0,25,2,0,54,98,0,2,0,0,0,0,1
9016,STU07852,9,82,0,1,1,1,0,25,2,0,54,98,0,2,0,0,0,0,1
9017,STU07853,29,94,1,1,1,0,1,23,12,0,50,57,1,2,2,2,0,0,0
9018,STU07854,29,94,1,1,1,0,1,24,4,1,97,44,1,1,3,3,0,0,0
9019,STU07855,29,94,1,1,1,0,1,23,20,1,98,65,1,2,2,2,0,1,0
9020,STU07856,29,94,2,1,1,1,1,23,12,0,50,57,1,2,2,2,0,0,0
9021,STU07857,29,94,2,1,1,1,1,24,4,1,97,44,1,1,3,3,0,0,0
9022,STU07858,29,94,2,1,1,1,1,23,20,1,98,65,1,2,2,2,0,1,0
9023,STU07859,14,67,1,0,1,1,1,28,7,0,62,60,1,0,2,2,0,1,0
9024,STU07860,14,67,1,0,1,1,1,19,7,0,51,93,1,0,0,0,0,1,0
9025,STU07861,14,67,0,0,1,1,1,28,7,0,62,60,1,0,2,2,0,1,0
9026,STU07862,14,67,0,0,1,1,1,19,7,0,51,93,1,0,0,0,0,1,0
9027,STU07863,14,67,1,1,0,1,1,28,7,0,62,60,1,0,2,2,0,1,0
9028,STU07864,14,67,1,1,0,1,1,19,7,0,51,93,1,0,0,0,0,1,0
9029,STU07865,31,61,1,0,1,1,1,22,13,0,96,96,1,2,0,0,0,0,0
9030,STU07866,31,61,1,0,1,1,1,26,20,1,64,46,1,1,3,3,0,0,1
9031,STU07867,27,73,1,0,0,1,0,23,12,0,60,62,1,0,2,2,0,0,1
9032,STU07868,27,73,1,0,0,1,0,29,18,0,50,65,1,0,2,2,0,1,0
9033,STU07869,27,73,1,0,0,1,0,29,8,0,58,91,1,0,0,0,0,0,0
9034,STU07870,27,73,1,0,1,1,0,23,12,0,60,62,1,0,2,2,0,0,1
9035,STU07871,27,73,1,0,1,1,0,29,18,0,50,65,1,0,2,2,0,1,0
9036,STU07872,27,73,1,0,1,1,0,29,8,0,58,91,1,0,0,0,0,0,0
9037,STU07873,27,73,2,1,2,1,0,23,12,0,60,62,1,0,2,2,0,0,1
9038,STU07874,27,73,2,1,2,1,0,29,18,0,50,65,1,0,2,2,0,1,0
9039,STU07875,27,73,2,1,2,1,0,29,8,0,58,91,1,0,0,0,0,0,0
9040,STU07876,27,73,0,0,1,1,0,23,12,0,60,62,1,0,2,2,0,0,1
9041,STU07877,27,73,0,0,1,1,0,29,18,0,50,65,1,0,2,2,0,1,0
9042,STU07878,27,73,0,0,1,1,0,29,8,0,58,91,1,0,0,0,0,0,0
9043,STU07879,23,96,1,1,2,1,0,28,16,0,78,42,0,2,3,3,0,0,1
9044,STU07880,23,96,1,1,2,1,0,29,10,1,66,68,0,2,2,2,0,0,0
9045,STU07881,23,96,0,0,1,1,0,28,16,0,78,42,0,2,3,3,0,0,1
9046,STU07882,23,96,0,0,1,1,0,29,10,1,66,68,0,2,2,2,0,0,0
9047,STU07883,23,96,1,1,1,1,0,28,16,0,78,42,0,2,3,3,0,0,1
9048,STU07884,23,96,1,1,1,1,0,29,10,1,66,68,0,2,2,2,0,0,0
9049,STU07885,23,96,2,1,0,1,0,28,16,0,78,42,0,2,3,3,0,0,1
9050,STU07886,23,96,2,1,0,1,0,29,10,1,66,68,0,2,2,2,0,0,0
9053,STU07887,31,65,0,1,1,1,1,19,3,0,87,43,1,2,3,3,0,1,0
9054,STU07888,9,95,1,1,1,1,1,23,3,0,52,73,0,2,1,1,0,0,1
9055,STU07889,9,95,1,1,1,1,1,21,6,0,85,98,1,2,0,0,0,0,1
9056,STU07890,19,85,1,1,0,1,0,18,11,0,95,96,0,1,0,0,1,0,0
9057,STU07891,19,85,1,0,0,1,0,18,11,0,95,96,0,1,0,0,1,0,0
9058,STU07892,19,85,1,1,2,1,0,18,11,0,95,96,0,1,0,0,1,0,0
9059,STU07893,19,85,0,1,1,1,0,18,11,0,95,96,0,1,0,0,1,0,0
9060,STU07894,19,85,2,1,1,1,0,18,11,0,95,96,0,1,0,0,1,0,0
9061,STU07895,19,85,1,1,1,1,0,18,11,0,95,96,0,1,0,0,1,0,0
9062,STU07896,19,85,2,0,1,1,0,18,11,0,95,96,0,1,0,0,1,0,0
9063,STU07897,17,81,1,0,1,1,0,19,10,1,100,71,1,2,1,1,0,0,1
9064,STU07898,17,81,2,0,2,1,0,19,10,1,100,71,1,2,1,1,0,0,1
9065,STU07899,17,81,0,1,2,1,0,19,10,1,100,71,1,2,1,1,0,0,1
9066,STU07900,17,81,1,0,2,1,0,19,10,1,100,71,1,2,1,1,0,0,1
9067,STU07901,17,81,0,0,1,1,0,19,10,1,100,71,1,2,1,1,0,0,1
9068,STU07902,10,64,2,0,1,1,1,18,0,1,52,85,1,1,0,0,1,0,0
9069,STU07903,10,64,2,0,1,1,1,24,0,0,54,44,1,0,3,3,0,1,0
9070,STU07904,17,100,1,0,0,1,1,29,16,0,81,61,0,1,2,2,0,0,1
9071,STU07905,17,100,2,0,0,1,1,29,16,0,81,61,0,1,2,2,0,0,1
9072,STU07906,17,100,2,1,0,1,1,29,16,0,81,61,0,1,2,2,0,0,1
9074,STU07907,13,93,1,1,0,1,0,25,7,1,78,49,1,1,3,3,0,1,0
9075,STU07908,13,93,1,1,0,1,0,29,9,0,82,83,0,1,1,1,1,0,0
9076,STU07909,13,93,1,1,0,1,0,27,13,0,71,48,0,1,3,3,0,0,0
9077,STU07910,13,93,1,1,0,1,0,22,2,1,75,47,1,2,3,3,0,0,0
9078,STU07911,13,93,1,0,2,1,0,25,7,1,78,49,1,1,3,3,0,1,0
9079,STU07912,13,93,1,0,2,1,0,29,9,0,82,83,0,1,1,1,1,0,0
9080,STU07913,13,93,1,0,2,1,0,27,13,0,71,48,0,1,3,3,0,0,0
9081,STU07914,13,93,1,0,2,1,0,22,2,1,75,47,1,2,3,3,0,0,0
9082,STU07915,13,93,0,0,2,1,0,25,7,1,78,49,1,1,3,3,0,1,0
9083,STU07916,13,93,0,0,2,1,0,29,9,0,82,83,0,1,1,1,1,0,0
9084,STU07917,13,93,0,0,2,1,0,27,13,0,71,48,0,1,3,3,0,0,0
9085,STU07918,13,93,0,0,2,1,0,22,2,1,75,47,1,2,3,3,0,0,0
9086,STU07919,13,93,2,1,0,1,0,25,7,1,78,49,1,1,3,3,0,1,0
9087,STU07920,13,93,2,1,0,1,0,29,9,0,82,83,0,1,1,1,1,0,0
9088,STU07921,13,93,2,1,0,1,0,27,13,0,71,48,0,1,3,3,0,0,0
9089,STU07922,13,93,2,1,0,1,0,22,2,1,75,47,1,2,3,3,0,0,0
9090,STU07923,31,64,0,1,0,1,0,26,20,1,89,45,1,0,3,3,0,0,1
9091,STU07924,31,64,0,1,0,1,0,28,3,1,86,56,1,2,2,2,0,1,0
9092,STU07925,31,64,0,1,0,1,0,27,9,1,98,59,0,1,2,2,0,1,0
9093,STU07926,31,64,0,1,0,1,0,26,8,0,77,60,1,2,2,2,1,0,0
9094,STU07927,31,64,0,1,0,1,0,24,2,1,77,64,1,1,2,2,0,1,0
9095,STU07928,31,64,1,0,0,1,0,26,20,1,89,45,1,0,3,3,0,0,1
9096,STU07929,31,64,1,0,0,1,0,28,3,1,86,56,1,2,2,2,0,1,0
9097,STU07930,31,64,1,0,0,1,0,27,9,1,98,59,0,1,2,2,0,1,0
9098,STU07931,31,64,1,0,0,1,0,26,8,0,77,60,1,2,2,2,1,0,0
9099,STU07932,31,64,1,0,0,1,0,24,2,1,77,64,1,1,2,2,0,1,0
9100,STU07933,31,64,1,1,1,1,0,26,20,1,89,45,1,0,3,3,0,0,1
9101,STU07934,31,64,1,1,1,1,0,28,3,1,86,56,1,2,2,2,0,1,0
9102,STU07935,31,64,1,1,1,1,0,27,9,1,98,59,0,1,2,2,0,1,0
9103,STU07936,31,64,1,1,1,1,0,26,8,0,77,60,1,2,2,2,1,0,0
9104,STU07937,31,64,1,1,1,1,0,24,2,1,77,64,1,1,2,2,0,1,0
9105,STU07938,31,64,2,0,1,1,0,26,20,1,89,45,1,0,3,3,0,0,1
9106,STU07939,31,64,2,0,1,1,0,28,3,1,86,56,1,2,2,2,0,1,0
9107,STU07940,31,64,2,0,1,1,0,27,9,1,98,59,0,1,2,2,0,1,0
9108,STU07941,31,64,2,0,1,1,0,26,8,0,77,60,1,2,2,2,1,0,0
9109,STU07942,31,64,2,0,1,1,0,24,2,1,77,64,1,1,2,2,0,1,0
9110,STU07943,30,69,1,1,1,1,0,23,11,0,91,64,1,2,2,2,0,0,1
9111,STU07944,30,69,1,1,1,1,0,25,0,1,76,88,1,1,0,0,0,0,1
9112,STU07945,30,69,1,1,1,1,0,25,1,0,70,72,0,1,1,1,1,0,0
9113,STU07946,30,69,1,0,1,1,0,23,11,0,91,64,1,2,2,2,0,0,1
9114,STU07947,30,69,1,0,1,1,0,25,0,1,76,88,1,1,0,0,0,0,1
9115,STU07948,30,69,1,0,1,1,0,25,1,0,70,72,0,1,1,1,1,0,0
9116,STU07949,17,60,1,1,1,1,1,25,3,1,51,81,0,2,1,1,1,0,0
9117,STU07950,17,60,1,1,1,1,1,18,1,0,93,62,1,2,2,2,0,0,1
9118,STU07951,17,60,1,1,1,1,1,26,4,1,69,68,0,2,2,2,0,0,1
9122,STU07952,25,95,1,0,1,1,1,25,10,1,92,43,1,1,3,3,0,1,0
9123,STU07953,25,95,1,0,1,1,1,28,0,1,65,43,1,1,3,3,0,1,0
9124,STU07954,25,95,1,0,1,1,1,20,19,0,98,95,1,2,0,0,0,0,0
9125,STU07955,25,95,1,1,2,0,1,25,10,1,92,43,1,1,3,3,0,1,0
9126,STU07956,25,95,1,1,2,0,1,28,0,1,65,43,1,1,3,3,0,1,0
9127,STU07957,25,95,1,1,2,0,1,20,19,0,98,95,1,2,0,0,0,0,0
9128,STU07958,25,95,0,1,1,1,1,25,10,1,92,43,1,1,3,3,0,1,0
9129,STU07959,25,95,0,1,1,1,1,28,0,1,65,43,1,1,3,3,0,1,0
9130,STU07960,25,95,0,1,1,1,1,20,19,0,98,95,1,2,0,0,0,0,0
9131,STU07961,25,95,2,0,1,1,1,25,10,1,92,43,1,1,3,3,0,1,0
9132,STU07962,25,95,2,0,1,1,1,28,0,1,65,43,1,1,3,3,0,1,0
9133,STU07963,25,95,2,0,1,1,1,20,19,0,98,95,1,2,0,0,0,0,0
9134,STU07964,25,95,2,1,1,1,1,25,10,1,92,43,1,1,3,3,0,1,0
9135,STU07965,25,95,2,1,1,1,1,28,0,1,65,43,1,1,3,3,0,1,0
9136,STU07966,25,95,2,1,1,1,1,20,19,0,98,95,1,2,0,0,0,0,0
9137,STU07967,25,95,1,1,0,1,1,25,10,1,92,43,1,1,3,3,0,1,0
9138,STU07968,25,95,1,1,0,1,1,28,0,1,65,43,1,1,3,3,0,1,0
9139,STU07969,25,95,1,1,0,1,1,20,19,0,98,95,1,2,0,0,0,0,0
9140,STU07970,27,90,1,1,1,1,0,27,16,1,74,85,0,0,0,0,1,0,0
9141,STU07971,27,90,2,0,1,1,0,27,16,1,74,85,0,0,0,0,1,0,0
9142,STU07972,27,90,1,0,1,1,0,27,16,1,74,85,0,0,0,0,1,0,0
9143,STU07973,15,60,0,1,2,1,1,22,12,0,85,70,1,1,1,1,1,0,0
9144,STU07974,15,60,0,1,2,1,1,29,11,1,95,97,1,2,0,0,0,0,1
9145,STU07975,15,60,0,1,2,1,1,18,8,0,70,46,0,1,3,3,0,0,1
9146,STU07976,15,60,0,1,2,1,1,27,0,1,57,58,0,2,2,2,0,0,0
9147,STU07977,15,60,2,0,0,1,1,22,12,0,85,70,1,1,1,1,1,0,0
9148,STU07978,15,60,2,0,0,1,1,29,11,1,95,97,1,2,0,0,0,0,1
9149,STU07979,15,60,2,0,0,1,1,18,8,0,70,46,0,1,3,3,0,0,1
9150,STU07980,15,60,2,0,0,1,1,27,0,1,57,58,0,2,2,2,0,0,0
9151,STU07981,15,60,1,1,0,1,1,22,12,0,85,70,1,1,1,1,1,0,0
9152,STU07982,15,60,1,1,0,1,1,29,11,1,95,97,1,2,0,0,0,0,1
9153,STU07983,15,60,1,1,0,1,1,18,8,0,70,46,0,1,3,3,0,0,1
9154,STU07984,15,60,1,1,0,1,1,27,0,1,57,58,0,2,2,2,0,0,0
9155,STU07985,15,60,0,0,1,1,1,22,12,0,85,70,1,1,1,1,1,0,0
9156,STU07986,15,60,0,0,1,1,1,29,11,1,95,97,1,2,0,0,0,0,1
9157,STU07987,15,60,0,0,1,1,1,18,8,0,70,46,0,1,3,3,0,0,1
9158,STU07988,15,60,0,0,1,1,1,27,0,1,57,58,0,2,2,2,0,0,0
9159,STU07989,15,60,1,0,2,1,1,22,12,0,85,70,1,1,1,1,1,0,0
9160,STU07990,15,60,1,0,2,1,1,29,11,1,95,97,1,2,0,0,0,0,1
9161,STU07991,15,60,1,0,2,1,1,18,8,0,70,46,0,1,3,3,0,0,1
9162,STU07992,15,60,1,0,2,1,1,27,0,1,57,58,0,2,2,2,0,0,0
9163,STU07993,19,72,2,0,1,1,1,29,1,1,50,53,1,1,3,3,0,0,0
9164,STU07994,19,72,2,0,1,1,1,25,3,1,90,47,1,1,3,3,0,0,1
9165,STU07995,19,72,1,1,0,1,1,29,1,1,50,53,1,1,3,3,0,0,0
9166,STU07996,19,72,1,1,0,1,1,25,3,1,90,47,1,1,3,3,0,0,1
9167,STU07997,19,72,0,0,1,1,1,29,1,1,50,53,1,1,3,3,0,0,0
9168,STU07998,19,72,0,0,1,1,1,25,3,1,90,47,1,1,3,3,0,0,1
9169,STU07999,19,72,1,1,2,1,1,29,1,1,50,53,1,1,3,3,0,0,0
9170,STU08000,19,72,1,1,2,1,1,25,3,1,90,47,1,1,3,3,0,0,1
9171,STU08001,25,70,1,1,2,1,1,18,7,0,81,61,1,2,2,2,1,0,0
9172,STU08002,25,70,1,0,1,1,1,18,7,0,81,61,1,2,2,2,1,0,0
9174,STU08003,25,70,2,1,1,1,1,18,7,0,81,61,1,2,2,2,1,0,0
9175,STU08004,25,70,1,1,1,1,1,18,7,0,81,61,1,2,2,2,1,0,0
9176,STU08005,25,70,2,0,2,1,1,18,7,0,81,61,1,2,2,2,1,0,0
9178,STU08006,25,70,1,1,0,1,1,18,7,0,81,61,1,2,2,2,1,0,0
9181,STU08007,24,67,2,1,0,1,0,18,11,1,82,97,0,1,0,0,1,0,0
9182,STU08008,24,67,1,1,0,1,0,18,11,1,82,97,0,1,0,0,1,0,0
9183,STU08009,24,67,1,0,1,1,0,18,11,1,82,97,0,1,0,0,1,0,0
9184,STU08010,24,67,2,1,1,1,0,18,11,1,82,97,0,1,0,0,1,0,0
9185,STU08011,24,67,2,0,2,1,0,18,11,1,82,97,0,1,0,0,1,0,0
9186,STU08012,24,67,1,0,0,1,0,18,11,1,82,97,0,1,0,0,1,0,0
9187,STU08013,24,67,1,1,1,1,0,18,11,1,82,97,0,1,0,0,1,0,0
9188,STU08014,24,67,0,0,1,1,0,18,11,1,82,97,0,1,0,0,1,0,0
9189,STU08015,11,87,1,1,1,1,0,28,18,0,58,65,1,2,2,2,0,1,0
9190,STU08016,11,87,1,1,1,1,0,29,12,1,56,89,1,0,0,0,0,0,1
9191,STU08017,11,87,1,1,1,1,0,28,10,1,79,89,0,0,0,0,0,0,0
9192,STU08018,11,87,1,0,2,1,0,28,18,0,58,65,1,2,2,2,0,1,0
9193,STU08019,11,87,1,0,2,1,0,29,12,1,56,89,1,0,0,0,0,0,1
9194,STU08020,11,87,1,0,2,1,0,28,10,1,79,89,0,0,0,0,0,0,0
9195,STU08021,17,69,1,1,0,1,1,19,2,0,84,75,1,2,1,1,0,0,1
9196,STU08022,17,69,2,1,1,1,1,19,2,0,84,75,1,2,1,1,0,0,1
9199,STU08023,17,69,1,1,2,1,1,19,2,0,84,75,1,2,1,1,0,0,1
9200,STU08024,25,84,1,1,0,1,0,24,17,0,88,51,1,1,3,3,0,0,1
9201,STU08025,25,84,1,1,1,1,0,24,17,0,88,51,1,1,3,3,0,0,1
9202,STU08026,10,89,2,1,1,1,0,18,9,1,74,81,1,2,1,1,1,0,0
9203,STU08027,15,65,1,0,0,1,0,25,15,0,96,90,1,0,0,0,1,0,0
9204,STU08028,15,65,1,0,0,1,0,25,16,1,65,90,0,2,0,0,0,0,0
9205,STU08029,15,65,1,0,0,1,0,21,1,1,86,62,0,1,2,2,0,0,1
9206,STU08030,15,65,2,1,1,1,0,25,15,0,96,90,1,0,0,0,1,0,0
9207,STU08031,15,65,2,1,1,1,0,25,16,1,65,90,0,2,0,0,0,0,0
9208,STU08032,15,65,2,1,1,1,0,21,1,1,86,62,0,1,2,2,0,0,1
9209,STU08033,15,65,1,0,1,1,0,25,15,0,96,90,1,0,0,0,1,0,0
9210,STU08034,15,65,1,0,1,1,0,25,16,1,65,90,0,2,0,0,0,0,0
9211,STU08035,15,65,1,0,1,1,0,21,1,1,86,62,0,1,2,2,0,0,1
9215,STU08036,15,65,0,1,1,0,0,25,15,0,96,90,1,0,0,0,1,0,0
9216,STU08037,15,65,0,1,1,0,0,25,16,1,65,90,0,2,0,0,0,0,0
9217,STU08038,15,65,0,1,1,0,0,21,1,1,86,62,0,1,2,2,0,0,1
9221,STU08039,15,65,1,1,1,1,0,25,15,0,96,90,1,0,0,0,1,0,0
9222,STU08040,15,65,1,1,1,1,0,25,16,1,65,90,0,2,0,0,0,0,0
9223,STU08041,15,65,1,1,1,1,0,21,1,1,86,62,0,1,2,2,0,0,1
9224,STU08042,15,65,2,1,0,1,0,25,15,0,96,90,1,0,0,0,1,0,0
9225,STU08043,15,65,2,1,0,1,0,25,16,1,65,90,0,2,0,0,0,0,0
9226,STU08044,15,65,2,1,0,1,0,21,1,1,86,62,0,1,2,2,0,0,1
9227,STU08045,15,65,0,1,1,1,0,25,15,0,96,90,1,0,0,0,1,0,0
9228,STU08046,15,65,0,1,1,1,0,25,16,1,65,90,0,2,0,0,0,0,0
9229,STU08047,15,65,0,1,1,1,0,21,1,1,86,62,0,1,2,2,0,0,1
9230,STU08048,21,63,1,0,0,1,0,29,20,0,97,87,1,2,0,0,1,0,0
9231,STU08049,21,63,1,0,0,1,0,25,3,0,81,51,1,2,3,3,0,0,1
9232,STU08050,21,63,1,0,0,1,0,26,1,0,91,63,1,2,2,2,0,0,1
9233,STU08051,21,63,1,0,0,1,0,25,9,1,54,83,1,2,1,1,0,1,0
9234,STU08052,21,63,0,0,1,1,0,29,20,0,97,87,1,2,0,0,1,0,0
9235,STU08053,21,63,0,0,1,1,0,25,3,0,81,51,1,2,3,3,0,0,1
9236,STU08054,21,63,0,0,1,1,0,26,1,0,91,63,1,2,2,2,0,0,1
9237,STU08055,21,63,0,0,1,1,0,25,9,1,54,83,1,2,1,1,0,1,0
9238,STU08056,21,63,0,1,0,1,0,29,20,0,97,87,1,2,0,0,1,0,0
9239,STU08057,21,63,0,1,0,1,0,25,3,0,81,51,1,2,3,3,0,0,1
9240,STU08058,21,63,0,1,0,1,0,26,1,0,91,63,1,2,2,2,0,0,1
9241,STU08059,21,63,0,1,0,1,0,25,9,1,54,83,1,2,1,1,0,1,0
9242,STU08060,21,63,1,1,1,1,0,29,20,0,97,87,1,2,0,0,1,0,0
9243,STU08061,21,63,1,1,1,1,0,25,3,0,81,51,1,2,3,3,0,0,1
9244,STU08062,21,63,1,1,1,1,0,26,1,0,91,63,1,2,2,2,0,0,1
9245,STU08063,21,63,1,1,1,1,0,25,9,1,54,83,1,2,1,1,0,1,0
9246,STU08064,21,63,1,0,1,1,0,29,20,0,97,87,1,2,0,0,1,0,0
9247,STU08065,21,63,1,0,1,1,0,25,3,0,81,51,1,2,3,3,0,0,1
9248,STU08066,21,63,1,0,1,1,0,26,1,0,91,63,1,2,2,2,0,0,1
9249,STU08067,21,63,1,0,1,1,0,25,9,1,54,83,1,2,1,1,0,1,0
9250,STU08068,27,99,1,1,1,1,1,29,17,0,59,85,1,2,0,0,1,0,0
9251,STU08069,27,99,1,0,0,1,1,29,17,0,59,85,1,2,0,0,1,0,0
9253,STU08070,27,99,1,0,2,1,1,29,17,0,59,85,1,2,0,0,1,0,0
9255,STU08071,27,99,0,1,0,1,1,29,17,0,59,85,1,2,0,0,1,0,0
9256,STU08072,20,62,0,0,2,1,0,21,1,1,64,99,0,0,0,0,1,0,0
9257,STU08073,20,62,0,1,2,0,0,21,1,1,64,99,0,0,0,0,1,0,0
9258,STU08074,20,62,1,1,1,1,0,21,1,1,64,99,0,0,0,0,1,0,0
9259,STU08075,20,62,1,1,1,0,0,21,1,1,64,99,0,0,0,0,1,0,0
9260,STU08076,20,62,1,0,2,1,0,21,1,1,64,99,0,0,0,0,1,0,0
9261,STU08077,21,79,0,1,2,1,0,21,4,0,73,81,1,2,1,1,1,0,0
9262,STU08078,21,79,0,1,2,1,0,25,17,1,51,62,0,2,2,2,0,0,1
9263,STU08079,21,79,0,1,2,1,0,26,5,1,62,54,1,1,3,3,1,0,0
9264,STU08080,21,79,2,1,1,1,0,21,4,0,73,81,1,2,1,1,1,0,0
9265,STU08081,21,79,2,1,1,1,0,25,17,1,51,62,0,2,2,2,0,0,1
9266,STU08082,21,79,2,1,1,1,0,26,5,1,62,54,1,1,3,3,1,0,0
9270,STU08083,21,79,0,0,0,1,0,21,4,0,73,81,1,2,1,1,1,0,0
9271,STU08084,21,79,0,0,0,1,0,25,17,1,51,62,0,2,2,2,0,0,1
9272,STU08085,21,79,0,0,0,1,0,26,5,1,62,54,1,1,3,3,1,0,0
9273,STU08086,21,79,0,1,0,1,0,21,4,0,73,81,1,2,1,1,1,0,0
9274,STU08087,21,79,0,1,0,1,0,25,17,1,51,62,0,2,2,2,0,0,1
9275,STU08088,21,79,0,1,0,1,0,26,5,1,62,54,1,1,3,3,1,0,0
9276,STU08089,21,79,0,0,1,1,0,21,4,0,73,81,1,2,1,1,1,0,0
9277,STU08090,21,79,0,0,1,1,0,25,17,1,51,62,0,2,2,2,0,0,1
9278,STU08091,21,79,0,0,1,1,0,26,5,1,62,54,1,1,3,3,1,0,0
9279,STU08092,21,79,2,0,0,1,0,21,4,0,73,81,1,2,1,1,1,0,0
9280,STU08093,21,79,2,0,0,1,0,25,17,1,51,62,0,2,2,2,0,0,1
9281,STU08094,21,79,2,0,0,1,0,26,5,1,62,54,1,1,3,3,1,0,0
9282,STU08095,21,79,1,1,2,1,0,21,4,0,73,81,1,2,1,1,1,0,0
9283,STU08096,21,79,1,1,2,1,0,25,17,1,51,62,0,2,2,2,0,0,1
9284,STU08097,21,79,1,1,2,1,0,26,5,1,62,54,1,1,3,3,1,0,0
9285,STU08098,18,93,2,1,1,1,1,28,12,0,74,73,1,2,1,1,0,0,1
9286,STU08099,18,93,2,1,1,1,1,23,20,1,68,100,1,0,0,0,1,0,0
9287,STU08100,18,93,2,1,1,1,1,27,12,0,96,70,1,2,1,1,0,0,1
9288,STU08101,18,93,2,1,1,1,1,27,20,0,91,94,1,2,0,0,0,0,0
9289,STU08102,18,93,0,1,1,1,1,28,12,0,74,73,1,2,1,1,0,0,1
9290,STU08103,18,93,0,1,1,1,1,23,20,1,68,100,1,0,0,0,1,0,0
9291,STU08104,18,93,0,1,1,1,1,27,12,0,96,70,1,2,1,1,0,0,1
9292,STU08105,18,93,0,1,1,1,1,27,20,0,91,94,1,2,0,0,0,0,0
9293,STU08106,18,93,1,1,1,1,1,28,12,0,74,73,1,2,1,1,0,0,1
9294,STU08107,18,93,1,1,1,1,1,23,20,1,68,100,1,0,0,0,1,0,0
9295,STU08108,18,93,1,1,1,1,1,27,12,0,96,70,1,2,1,1,0,0,1
9296,STU08109,18,93,1,1,1,1,1,27,20,0,91,94,1,2,0,0,0,0,0
9305,STU08110,21,85,1,0,2,1,1,23,11,0,98,81,1,2,1,1,1,0,0
9306,STU08111,21,85,1,0,2,1,1,22,14,0,81,62,1,2,2,2,0,1,0
9307,STU08112,21,85,1,1,1,1,1,23,11,0,98,81,1,2,1,1,1,0,0
9308,STU08113,21,85,1,1,1,1,1,22,14,0,81,62,1,2,2,2,0,1,0
9309,STU08114,21,85,2,1,1,1,1,23,11,0,98,81,1,2,1,1,1,0,0
9310,STU08115,21,85,2,1,1,1,1,22,14,0,81,62,1,2,2,2,0,1,0
9311,STU08116,21,85,1,0,0,1,1,23,11,0,98,81,1,2,1,1,1,0,0
9312,STU08117,21,85,1,0,0,1,1,22,14,0,81,62,1,2,2,2,0,1,0
9313,STU08118,21,85,0,0,1,1,1,23,11,0,98,81,1,2,1,1,1,0,0
9314,STU08119,21,85,0,0,1,1,1,22,14,0,81,62,1,2,2,2,0,1,0
9317,STU08120,21,85,0,1,1,1,1,23,11,0,98,81,1,2,1,1,1,0,0
9318,STU08121,21,85,0,1,1,1,1,22,14,0,81,62,1,2,2,2,0,1,0
9319,STU08122,14,74,2,0,2,1,1,23,18,1,77,56,0,0,2,2,0,0,1
9320,STU08123,14,74,1,1,2,1,1,23,18,1,77,56,0,0,2,2,0,0,1
9321,STU08124,14,74,1,1,2,0,1,23,18,1,77,56,0,0,2,2,0,0,1
9322,STU08125,14,74,1,1,1,1,1,23,18,1,77,56,0,0,2,2,0,0,1
9323,STU08126,14,74,2,1,0,1,1,23,18,1,77,56,0,0,2,2,0,0,1
9324,STU08127,14,74,1,0,1,1,1,23,18,1,77,56,0,0,2,2,0,0,1
9325,STU08128,23,72,1,1,0,1,1,25,17,0,89,61,0,2,2,2,0,1,0
9326,STU08129,23,72,1,1,0,1,1,19,20,1,50,94,1,2,0,0,0,1,0
9327,STU08130,23,72,1,1,0,1,1,21,7,1,66,46,1,0,3,3,0,0,0
9328,STU08131,23,72,1,1,0,1,1,25,17,0,53,46,0,1,3,3,0,0,0
9329,STU08132,23,72,2,1,1,1,1,25,17,0,89,61,0,2,2,2,0,1,0
9330,STU08133,23,72,2,1,1,1,1,19,20,1,50,94,1,2,0,0,0,1,0
9331,STU08134,23,72,2,1,1,1,1,21,7,1,66,46,1,0,3,3,0,0,0
9332,STU08135,23,72,2,1,1,1,1,25,17,0,53,46,0,1,3,3,0,0,0
9333,STU08136,23,72,2,0,0,1,1,25,17,0,89,61,0,2,2,2,0,1,0
9334,STU08137,23,72,2,0,0,1,1,19,20,1,50,94,1,2,0,0,0,1,0
9335,STU08138,23,72,2,0,0,1,1,21,7,1,66,46,1,0,3,3,0,0,0
9336,STU08139,23,72,2,0,0,1,1,25,17,0,53,46,0,1,3,3,0,0,0
9337,STU08140,23,72,1,1,1,1,1,25,17,0,89,61,0,2,2,2,0,1,0
9338,STU08141,23,72,1,1,1,1,1,19,20,1,50,94,1,2,0,0,0,1,0
9339,STU08142,23,72,1,1,1,1,1,21,7,1,66,46,1,0,3,3,0,0,0
9340,STU08143,23,72,1,1,1,1,1,25,17,0,53,46,0,1,3,3,0,0,0
9341,STU08144,23,72,1,1,2,1,1,25,17,0,89,61,0,2,2,2,0,1,0
9342,STU08145,23,72,1,1,2,1,1,19,20,1,50,94,1,2,0,0,0,1,0
9343,STU08146,23,72,1,1,2,1,1,21,7,1,66,46,1,0,3,3,0,0,0
9344,STU08147,23,72,1,1,2,1,1,25,17,0,53,46,0,1,3,3,0,0,0
9345,STU08148,23,72,0,1,0,1,1,25,17,0,89,61,0,2,2,2,0,1,0
9346,STU08149,23,72,0,1,0,1,1,19,20,1,50,94,1,2,0,0,0,1,0
9347,STU08150,23,72,0,1,0,1,1,21,7,1,66,46,1,0,3,3,0,0,0
9348,STU08151,23,72,0,1,0,1,1,25,17,0,53,46,0,1,3,3,0,0,0
9349,STU08152,23,72,1,0,2,1,1,25,17,0,89,61,0,2,2,2,0,1,0
9350,STU08153,23,72,1,0,2,1,1,19,20,1,50,94,1,2,0,0,0,1,0
9351,STU08154,23,72,1,0,2,1,1,21,7,1,66,46,1,0,3,3,0,0,0
9352,STU08155,23,72,1,0,2,1,1,25,17,0,53,46,0,1,3,3,0,0,0
9357,STU08156,23,72,2,1,1,0,1,25,17,0,89,61,0,2,2,2,0,1,0
9358,STU08157,23,72,2,1,1,0,1,19,20,1,50,94,1,2,0,0,0,1,0
9359,STU08158,23,72,2,1,1,0,1,21,7,1,66,46,1,0,3,3,0,0,0
9360,STU08159,23,72,2,1,1,0,1,25,17,0,53,46,0,1,3,3,0,0,0
9365,STU08160,25,96,0,1,2,1,1,25,13,1,72,51,0,2,3,3,0,0,1
9366,STU08161,25,96,0,1,2,1,1,21,3,0,51,89,1,1,0,0,1,0,0
9367,STU08162,25,96,0,1,2,1,1,23,19,1,85,85,1,2,0,0,1,0,0
9368,STU08163,25,96,2,1,0,1,1,25,13,1,72,51,0,2,3,3,0,0,1
9369,STU08164,25,96,2,1,0,1,1,21,3,0,51,89,1,1,0,0,1,0,0
9370,STU08165,25,96,2,1,0,1,1,23,19,1,85,85,1,2,0,0,1,0,0
9371,STU08166,25,96,1,0,0,1,1,25,13,1,72,51,0,2,3,3,0,0,1
9372,STU08167,25,96,1,0,0,1,1,21,3,0,51,89,1,1,0,0,1,0,0
9373,STU08168,25,96,1,0,0,1,1,23,19,1,85,85,1,2,0,0,1,0,0
9374,STU08169,25,96,0,0,1,1,1,25,13,1,72,51,0,2,3,3,0,0,1
9375,STU08170,25,96,0,0,1,1,1,21,3,0,51,89,1,1,0,0,1,0,0
9376,STU08171,25,96,0,0,1,1,1,23,19,1,85,85,1,2,0,0,1,0,0
9380,STU08172,25,96,2,0,1,1,1,25,13,1,72,51,0,2,3,3,0,0,1
9381,STU08173,25,96,2,0,1,1,1,21,3,0,51,89,1,1,0,0,1,0,0
9382,STU08174,25,96,2,0,1,1,1,23,19,1,85,85,1,2,0,0,1,0,0
9383,STU08175,6,95,1,1,1,1,0,18,6,1,65,40,0,0,3,3,0,1,0
9384,STU08176,6,95,1,1,1,1,0,24,2,1,66,71,1,2,1,1,0,1,0
9385,STU08177,32,72,1,1,0,1,0,28,6,1,92,72,1,0,1,1,1,0,0
9386,STU08178,32,72,1,1,0,1,0,19,13,1,58,81,1,2,1,1,0,0,1
9387,STU08179,28,73,1,1,0,0,0,26,6,1,88,72,1,2,1,1,1,0,0
9388,STU08180,28,73,1,1,1,1,0,26,6,1,88,72,1,2,1,1,1,0,0
9390,STU08181,28,73,0,0,1,1,0,26,6,1,88,72,1,2,1,1,1,0,0
9391,STU08182,28,73,2,1,1,1,0,26,6,1,88,72,1,2,1,1,1,0,0
9393,STU08183,14,94,0,1,0,1,0,22,19,0,63,46,1,0,3,3,0,0,0
9394,STU08184,14,94,0,1,0,1,0,22,10,1,60,40,1,1,3,3,0,0,0
9395,STU08185,14,94,0,1,0,1,0,25,1,1,74,65,1,2,2,2,0,0,1
9396,STU08186,14,94,0,1,0,1,0,22,4,1,53,66,1,1,2,2,0,1,0
9397,STU08187,14,94,0,1,0,1,0,29,2,0,75,95,0,1,0,0,1,0,0
9398,STU08188,14,94,2,1,1,1,0,22,19,0,63,46,1,0,3,3,0,0,0
9399,STU08189,14,94,2,1,1,1,0,22,10,1,60,40,1,1,3,3,0,0,0
9400,STU08190,14,94,2,1,1,1,0,25,1,1,74,65,1,2,2,2,0,0,1
9401,STU08191,14,94,2,1,1,1,0,22,4,1,53,66,1,1,2,2,0,1,0
9402,STU08192,14,94,2,1,1,1,0,29,2,0,75,95,0,1,0,0,1,0,0
9403,STU08193,14,94,1,0,1,1,0,22,19,0,63,46,1,0,3,3,0,0,0
9404,STU08194,14,94,1,0,1,1,0,22,10,1,60,40,1,1,3,3,0,0,0
9405,STU08195,14,94,1,0,1,1,0,25,1,1,74,65,1,2,2,2,0,0,1
9406,STU08196,14,94,1,0,1,1,0,22,4,1,53,66,1,1,2,2,0,1,0
9407,STU08197,14,94,1,0,1,1,0,29,2,0,75,95,0,1,0,0,1,0,0
9413,STU08198,14,94,1,1,1,1,0,22,19,0,63,46,1,0,3,3,0,0,0
9414,STU08199,14,94,1,1,1,1,0,22,10,1,60,40,1,1,3,3,0,0,0
9415,STU08200,14,94,1,1,1,1,0,25,1,1,74,65,1,2,2,2,0,0,1
9416,STU08201,14,94,1,1,1,1,0,22,4,1,53,66,1,1,2,2,0,1,0
9417,STU08202,14,94,1,1,1,1,0,29,2,0,75,95,0,1,0,0,1,0,0
9418,STU08203,11,73,2,1,1,1,1,19,3,0,91,73,0,2,1,1,0,0,1
9419,STU08204,11,73,2,1,1,1,1,27,15,1,67,88,1,1,0,0,0,0,1
9420,STU08205,11,73,1,0,1,0,1,19,3,0,91,73,0,2,1,1,0,0,1
9421,STU08206,11,73,1,0,1,0,1,27,15,1,67,88,1,1,0,0,0,0,1
9422,STU08207,11,73,2,0,1,0,1,19,3,0,91,73,0,2,1,1,0,0,1
9423,STU08208,11,73,2,0,1,0,1,27,15,1,67,88,1,1,0,0,0,0,1
9424,STU08209,25,67,2,1,1,0,1,27,12,0,84,92,1,0,0,0,0,1,0
9425,STU08210,25,67,2,1,1,0,1,20,0,0,57,70,1,2,1,1,0,0,1
9426,STU08211,25,67,2,1,1,0,1,21,12,1,92,91,0,1,0,0,0,0,1
9427,STU08212,25,67,2,1,1,0,1,24,13,0,88,98,1,2,0,0,0,0,1
9428,STU08213,25,67,1,1,1,1,1,27,12,0,84,92,1,0,0,0,0,1,0
9429,STU08214,25,67,1,1,1,1,1,20,0,0,57,70,1,2,1,1,0,0,1
9430,STU08215,25,67,1,1,1,1,1,21,12,1,92,91,0,1,0,0,0,0,1
9431,STU08216,25,67,1,1,1,1,1,24,13,0,88,98,1,2,0,0,0,0,1
9432,STU08217,25,67,1,1,2,1,1,27,12,0,84,92,1,0,0,0,0,1,0
9433,STU08218,25,67,1,1,2,1,1,20,0,0,57,70,1,2,1,1,0,0,1
9434,STU08219,25,67,1,1,2,1,1,21,12,1,92,91,0,1,0,0,0,0,1
9435,STU08220,25,67,1,1,2,1,1,24,13,0,88,98,1,2,0,0,0,0,1
9436,STU08221,39,95,2,1,2,1,1,27,1,1,88,72,1,2,1,1,0,1,0
9437,STU08222,39,95,2,1,2,1,1,29,6,0,92,79,1,2,1,1,0,1,0
9438,STU08223,27,90,0,0,1,1,1,22,18,1,91,82,1,1,1,1,0,1,0
9439,STU08224,27,90,0,0,1,1,1,22,8,1,91,77,1,2,1,1,0,0,1
9440,STU08225,27,90,0,0,1,1,1,21,1,0,75,79,0,2,1,1,0,0,1
9441,STU08226,27,90,1,0,0,0,1,22,18,1,91,82,1,1,1,1,0,1,0
9442,STU08227,27,90,1,0,0,0,1,22,8,1,91,77,1,2,1,1,0,0,1
9443,STU08228,27,90,1,0,0,0,1,21,1,0,75,79,0,2,1,1,0,0,1
9444,STU08229,27,90,1,0,2,1,1,22,18,1,91,82,1,1,1,1,0,1,0
9445,STU08230,27,90,1,0,2,1,1,22,8,1,91,77,1,2,1,1,0,0,1
9446,STU08231,27,90,1,0,2,1,1,21,1,0,75,79,0,2,1,1,0,0,1
9447,STU08232,27,90,2,0,2,1,1,22,18,1,91,82,1,1,1,1,0,1,0
9448,STU08233,27,90,2,0,2,1,1,22,8,1,91,77,1,2,1,1,0,0,1
9449,STU08234,27,90,2,0,2,1,1,21,1,0,75,79,0,2,1,1,0,0,1
9450,STU08235,11,89,0,1,1,1,1,21,8,1,72,46,0,1,3,3,0,0,1
9451,STU08236,11,89,0,1,1,1,1,29,10,0,87,54,1,2,3,3,0,0,1
9452,STU08237,11,89,2,0,0,1,1,21,8,1,72,46,0,1,3,3,0,0,1
9453,STU08238,11,89,2,0,0,1,1,29,10,0,87,54,1,2,3,3,0,0,1
9454,STU08239,26,97,0,0,2,1,0,20,19,1,90,66,0,0,2,2,1,0,0
9455,STU08240,26,97,0,0,2,1,0,24,13,1,75,74,1,0,1,1,0,1,0
9456,STU08241,26,97,0,0,2,1,0,26,16,0,96,77,1,1,1,1,0,1,0
9457,STU08242,26,97,0,1,1,1,0,20,19,1,90,66,0,0,2,2,1,0,0
9458,STU08243,26,97,0,1,1,1,0,24,13,1,75,74,1,0,1,1,0,1,0
9459,STU08244,26,97,0,1,1,1,0,26,16,0,96,77,1,1,1,1,0,1,0
9460,STU08245,17,60,2,1,2,1,0,22,15,1,52,85,1,2,0,0,0,0,0
9461,STU08246,17,60,2,1,2,1,0,18,15,1,74,62,1,1,2,2,0,0,1
9462,STU08247,17,60,2,1,2,1,0,26,4,0,65,97,1,2,0,0,1,0,0
9463,STU08248,17,60,0,0,1,1,0,22,15,1,52,85,1,2,0,0,0,0,0
9464,STU08249,17,60,0,0,1,1,0,18,15,1,74,62,1,1,2,2,0,0,1
9465,STU08250,17,60,0,0,1,1,0,26,4,0,65,97,1,2,0,0,1,0,0
9466,STU08251,17,60,0,1,1,1,0,22,15,1,52,85,1,2,0,0,0,0,0
9467,STU08252,17,60,0,1,1,1,0,18,15,1,74,62,1,1,2,2,0,0,1
9468,STU08253,17,60,0,1,1,1,0,26,4,0,65,97,1,2,0,0,1,0,0
9469,STU08254,28,70,2,1,1,1,1,28,11,1,56,92,0,1,0,0,0,1,0
9470,STU08255,28,70,2,1,1,1,1,20,5,1,80,40,1,2,3,3,0,0,1
9471,STU08256,28,70,0,1,2,1,1,28,11,1,56,92,0,1,0,0,0,1,0
9472,STU08257,28,70,0,1,2,1,1,20,5,1,80,40,1,2,3,3,0,0,1
9473,STU08258,28,70,1,1,0,1,1,28,11,1,56,92,0,1,0,0,0,1,0
9474,STU08259,28,70,1,1,0,1,1,20,5,1,80,40,1,2,3,3,0,0,1
9477,STU08260,28,70,1,1,1,1,1,28,11,1,56,92,0,1,0,0,0,1,0
9478,STU08261,28,70,1,1,1,1,1,20,5,1,80,40,1,2,3,3,0,0,1
9479,STU08262,20,64,1,1,1,1,1,24,20,1,87,55,1,0,2,2,0,0,1
9480,STU08263,20,64,0,1,0,1,1,24,20,1,87,55,1,0,2,2,0,0,1
9481,STU08264,20,64,1,1,2,1,1,24,20,1,87,55,1,0,2,2,0,0,1
9482,STU08265,20,64,0,1,2,1,1,24,20,1,87,55,1,0,2,2,0,0,1
9483,STU08266,20,64,0,0,1,1,1,24,20,1,87,55,1,0,2,2,0,0,1
9484,STU08267,16,96,1,0,2,1,1,19,9,0,59,51,1,2,3,3,0,0,0
9485,STU08268,16,96,1,0,2,1,1,29,7,0,64,74,0,1,1,1,0,0,0
9486,STU08269,16,96,1,1,1,1,1,19,9,0,59,51,1,2,3,3,0,0,0
9487,STU08270,16,96,1,1,1,1,1,29,7,0,64,74,0,1,1,1,0,0,0
9490,STU08271,16,96,1,1,2,1,1,19,9,0,59,51,1,2,3,3,0,0,0
9491,STU08272,16,96,1,1,2,1,1,29,7,0,64,74,0,1,1,1,0,0,0
9492,STU08273,16,96,1,0,1,1,1,19,9,0,59,51,1,2,3,3,0,0,0
9493,STU08274,16,96,1,0,1,1,1,29,7,0,64,74,0,1,1,1,0,0,0
9494,STU08275,26,60,2,1,0,1,1,28,19,1,69,84,1,2,1,1,0,0,1
9495,STU08276,14,96,2,1,2,1,1,27,1,0,88,75,1,1,1,1,1,0,0
9496,STU08277,14,96,2,1,2,1,1,27,16,1,55,86,1,0,0,0,0,1,0
9497,STU08278,14,96,0,0,1,1,1,27,1,0,88,75,1,1,1,1,1,0,0
9498,STU08279,14,96,0,0,1,1,1,27,16,1,55,86,1,0,0,0,0,1,0
9499,STU08280,23,96,1,1,0,1,1,21,14,1,89,70,1,0,1,1,0,0,1
9500,STU08281,23,96,1,0,1,1,1,21,14,1,89,70,1,0,1,1,0,0,1
9501,STU08282,23,96,2,1,1,1,1,21,14,1,89,70,1,0,1,1,0,0,1
9502,STU08283,23,96,2,0,1,1,1,21,14,1,89,70,1,0,1,1,0,0,1
9503,STU08284,32,86,1,1,1,0,1,22,11,1,60,69,1,1,2,2,0,0,1
9504,STU08285,32,86,1,1,1,0,1,23,9,0,70,75,1,2,1,1,1,0,0
9505,STU08286,32,86,1,1,0,1,1,22,11,1,60,69,1,1,2,2,0,0,1
9506,STU08287,32,86,1,1,0,1,1,23,9,0,70,75,1,2,1,1,1,0,0
9507,STU08288,14,87,1,0,1,1,0,27,18,1,72,85,1,1,0,0,0,0,0
9508,STU08289,14,87,1,0,1,1,0,27,11,1,73,58,0,0,2,2,1,0,0
9509,STU08290,23,74,0,1,0,1,0,18,3,0,56,69,1,2,2,2,0,0,0
9510,STU08291,23,74,0,1,0,1,0,27,17,0,66,90,0,2,0,0,0,0,1
9511,STU08292,23,74,0,1,0,1,0,24,13,1,53,55,0,2,2,2,0,0,1
9512,STU08293,23,74,1,0,1,1,0,18,3,0,56,69,1,2,2,2,0,0,0
9513,STU08294,23,74,1,0,1,1,0,27,17,0,66,90,0,2,0,0,0,0,1
9514,STU08295,23,74,1,0,1,1,0,24,13,1,53,55,0,2,2,2,0,0,1
9515,STU08296,23,74,2,0,1,1,0,18,3,0,56,69,1,2,2,2,0,0,0
9516,STU08297,23,74,2,0,1,1,0,27,17,0,66,90,0,2,0,0,0,0,1
9517,STU08298,23,74,2,0,1,1,0,24,13,1,53,55,0,2,2,2,0,0,1
9518,STU08299,23,74,2,1,1,1,0,18,3,0,56,69,1,2,2,2,0,0,0
9519,STU08300,23,74,2,1,1,1,0,27,17,0,66,90,0,2,0,0,0,0,1
9520,STU08301,23,74,2,1,1,1,0,24,13,1,53,55,0,2,2,2,0,0,1
9521,STU08302,19,96,1,0,2,1,1,25,11,0,64,96,1,1,0,0,1,0,0
9522,STU08303,19,96,0,1,2,1,1,25,11,0,64,96,1,1,0,0,1,0,0
9523,STU08304,19,96,1,0,1,1,1,25,11,0,64,96,1,1,0,0,1,0,0
9525,STU08305,19,96,2,1,1,1,1,25,11,0,64,96,1,1,0,0,1,0,0
9526,STU08306,19,96,0,1,1,0,1,25,11,0,64,96,1,1,0,0,1,0,0
9528,STU08307,19,96,1,1,1,1,1,25,11,0,64,96,1,1,0,0,1,0,0
9529,STU08308,19,96,1,1,2,1,1,25,11,0,64,96,1,1,0,0,1,0,0
9530,STU08309,26,72,1,0,2,1,1,29,11,1,75,97,1,2,0,0,1,0,0
9531,STU08310,26,72,1,0,2,1,1,28,18,1,77,65,0,1,2,2,1,0,0
9532,STU08311,26,72,1,1,1,1,1,29,11,1,75,97,1,2,0,0,1,0,0
9533,STU08312,26,72,1,1,1,1,1,28,18,1,77,65,0,1,2,2,1,0,0
9534,STU08313,26,72,2,0,1,1,1,29,11,1,75,97,1,2,0,0,1,0,0
9535,STU08314,26,72,2,0,1,1,1,28,18,1,77,65,0,1,2,2,1,0,0
9536,STU08315,26,72,1,0,1,0,1,29,11,1,75,97,1,2,0,0,1,0,0
9537,STU08316,26,72,1,0,1,0,1,28,18,1,77,65,0,1,2,2,1,0,0
9538,STU08317,36,64,1,1,1,1,0,24,11,1,87,99,1,1,0,0,0,0,0
9539,STU08318,36,64,1,1,1,1,0,26,9,1,56,61,1,2,2,2,0,0,1
9540,STU08319,36,64,1,1,1,1,0,26,18,1,63,95,0,0,0,0,0,0,1
9541,STU08320,36,64,1,1,1,1,0,23,3,1,70,92,0,2,0,0,0,1,0
9542,STU08321,22,66,2,0,1,1,1,21,13,1,86,40,1,0,3,3,1,0,0
9543,STU08322,22,66,2,0,1,1,1,20,1,1,84,59,1,2,2,2,1,0,0
9544,STU08323,22,66,1,0,2,1,1,21,13,1,86,40,1,0,3,3,1,0,0
9545,STU08324,22,66,1,0,2,1,1,20,1,1,84,59,1,2,2,2,1,0,0
9546,STU08325,22,66,0,1,1,1,1,21,13,1,86,40,1,0,3,3,1,0,0
9547,STU08326,22,66,0,1,1,1,1,20,1,1,84,59,1,2,2,2,1,0,0
9548,STU08327,22,91,2,1,0,1,1,19,0,1,60,94,1,1,0,0,1,0,0
9549,STU08328,22,91,1,1,1,1,1,19,0,1,60,94,1,1,0,0,1,0,0
9550,STU08329,22,91,2,0,1,1,1,19,0,1,60,94,1,1,0,0,1,0,0
9551,STU08330,22,91,2,1,1,1,1,19,0,1,60,94,1,1,0,0,1,0,0
9553,STU08331,22,91,0,0,1,1,1,19,0,1,60,94,1,1,0,0,1,0,0
9554,STU08332,18,85,1,0,0,1,1,19,20,1,65,79,1,0,1,1,0,0,1
9555,STU08333,18,85,1,0,0,1,1,21,13,1,85,71,1,1,1,1,0,1,0
9556,STU08334,18,85,0,1,2,1,1,19,20,1,65,79,1,0,1,1,0,0,1
9557,STU08335,18,85,0,1,2,1,1,21,13,1,85,71,1,1,1,1,0,1,0
9558,STU08336,18,85,2,0,1,1,1,19,20,1,65,79,1,0,1,1,0,0,1
9559,STU08337,18,85,2,0,1,1,1,21,13,1,85,71,1,1,1,1,0,1,0
9560,STU08338,18,85,1,1,1,1,1,19,20,1,65,79,1,0,1,1,0,0,1
9561,STU08339,18,85,1,1,1,1,1,21,13,1,85,71,1,1,1,1,0,1,0
9562,STU08340,18,85,1,0,1,1,1,19,20,1,65,79,1,0,1,1,0,0,1
9563,STU08341,18,85,1,0,1,1,1,21,13,1,85,71,1,1,1,1,0,1,0
9564,STU08342,18,85,1,1,0,1,1,19,20,1,65,79,1,0,1,1,0,0,1
9565,STU08343,18,85,1,1,0,1,1,21,13,1,85,71,1,1,1,1,0,1,0
9568,STU08344,21,69,1,0,2,1,0,18,17,1,81,72,1,1,1,1,0,1,0
9569,STU08345,21,69,1,1,1,1,0,18,17,1,81,72,1,1,1,1,0,1,0
9570,STU08346,28,92,2,0,2,1,1,28,17,1,55,56,0,0,2,2,0,1,0
9571,STU08347,28,92,2,0,2,1,1,19,9,1,76,56,1,2,2,2,0,1,0
9572,STU08348,28,92,2,0,2,1,1,27,8,1,70,57,1,1,2,2,1,0,0
9573,STU08349,28,92,2,0,2,1,1,29,16,1,56,46,1,2,3,3,0,0,1
9574,STU08350,7,96,2,0,1,1,1,23,19,1,93,71,1,2,1,1,0,0,1
9575,STU08351,7,96,2,0,1,1,1,28,1,0,73,40,0,1,3,3,0,1,0
9576,STU08352,7,96,0,0,1,1,1,23,19,1,93,71,1,2,1,1,0,0,1
9577,STU08353,7,96,0,0,1,1,1,28,1,0,73,40,0,1,3,3,0,1,0
9578,STU08354,16,76,1,1,0,1,0,21,16,1,65,65,0,0,2,2,0,1,0
9579,STU08355,16,76,1,1,0,1,0,20,19,0,52,43,0,1,3,3,0,1,0
9580,STU08356,16,76,1,1,0,1,0,25,3,1,68,66,1,2,2,2,1,0,0
9581,STU08357,16,76,1,0,0,1,0,21,16,1,65,65,0,0,2,2,0,1,0
9582,STU08358,16,76,1,0,0,1,0,20,19,0,52,43,0,1,3,3,0,1,0
9583,STU08359,16,76,1,0,0,1,0,25,3,1,68,66,1,2,2,2,1,0,0
9587,STU08360,16,76,2,1,2,1,0,21,16,1,65,65,0,0,2,2,0,1,0
9588,STU08361,16,76,2,1,2,1,0,20,19,0,52,43,0,1,3,3,0,1,0
9589,STU08362,16,76,2,1,2,1,0,25,3,1,68,66,1,2,2,2,1,0,0
9590,STU08363,16,76,1,1,1,1,0,21,16,1,65,65,0,0,2,2,0,1,0
9591,STU08364,16,76,1,1,1,1,0,20,19,0,52,43,0,1,3,3,0,1,0
9592,STU08365,16,76,1,1,1,1,0,25,3,1,68,66,1,2,2,2,1,0,0
9593,STU08366,16,76,1,0,1,1,0,21,16,1,65,65,0,0,2,2,0,1,0
9594,STU08367,16,76,1,0,1,1,0,20,19,0,52,43,0,1,3,3,0,1,0
9595,STU08368,16,76,1,0,1,1,0,25,3,1,68,66,1,2,2,2,1,0,0
9596,STU08369,28,81,1,1,0,1,1,24,16,1,94,78,0,0,1,1,0,0,1
9597,STU08370,28,81,1,1,0,1,1,20,11,1,93,45,1,1,3,3,1,0,0
9598,STU08371,28,81,1,1,2,1,1,24,16,1,94,78,0,0,1,1,0,0,1
9599,STU08372,28,81,1,1,2,1,1,20,11,1,93,45,1,1,3,3,1,0,0
9600,STU08373,28,81,1,1,1,1,1,24,16,1,94,78,0,0,1,1,0,0,1
9601,STU08374,28,81,1,1,1,1,1,20,11,1,93,45,1,1,3,3,1,0,0
9602,STU08375,28,81,0,1,1,1,1,24,16,1,94,78,0,0,1,1,0,0,1
9603,STU08376,28,81,0,1,1,1,1,20,11,1,93,45,1,1,3,3,1,0,0
9604,STU08377,28,81,2,1,2,1,1,24,16,1,94,78,0,0,1,1,0,0,1
9605,STU08378,28,81,2,1,2,1,1,20,11,1,93,45,1,1,3,3,1,0,0
9606,STU08379,28,81,2,0,1,1,1,24,16,1,94,78,0,0,1,1,0,0,1
9607,STU08380,28,81,2,0,1,1,1,20,11,1,93,45,1,1,3,3,1,0,0
9608,STU08381,14,78,2,1,0,1,0,28,4,0,82,70,1,1,1,1,0,0,1
9609,STU08382,14,78,1,1,1,1,0,28,4,0,82,70,1,1,1,1,0,0,1
9610,STU08383,14,78,1,1,2,1,0,28,4,0,82,70,1,1,1,1,0,0,1
9611,STU08384,14,78,2,1,1,1,0,28,4,0,82,70,1,1,1,1,0,0,1
9612,STU08385,14,78,1,0,0,1,0,28,4,0,82,70,1,1,1,1,0,0,1
9613,STU08386,25,81,1,1,0,1,1,19,5,1,70,41,1,2,3,3,1,0,0
9614,STU08387,25,81,1,1,0,1,1,25,10,1,86,76,1,2,1,1,0,1,0
9615,STU08388,25,81,1,1,0,1,1,21,3,1,50,47,1,1,3,3,0,1,0
9616,STU08389,25,81,1,1,0,1,1,25,1,1,76,96,0,1,0,0,0,0,1
9617,STU08390,25,81,1,1,0,1,1,23,14,1,77,88,1,2,0,0,0,0,0
9618,STU08391,25,81,0,1,0,1,1,19,5,1,70,41,1,2,3,3,1,0,0
9619,STU08392,25,81,0,1,0,1,1,25,10,1,86,76,1,2,1,1,0,1,0
9620,STU08393,25,81,0,1,0,1,1,21,3,1,50,47,1,1,3,3,0,1,0
9621,STU08394,25,81,0,1,0,1,1,25,1,1,76,96,0,1,0,0,0,0,1
9622,STU08395,25,81,0,1,0,1,1,23,14,1,77,88,1,2,0,0,0,0,0
9623,STU08396,25,81,1,0,1,1,1,19,5,1,70,41,1,2,3,3,1,0,0
9624,STU08397,25,81,1,0,1,1,1,25,10,1,86,76,1,2,1,1,0,1,0
9625,STU08398,25,81,1,0,1,1,1,21,3,1,50,47,1,1,3,3,0,1,0
9626,STU08399,25,81,1,0,1,1,1,25,1,1,76,96,0,1,0,0,0,0,1
9627,STU08400,25,81,1,0,1,1,1,23,14,1,77,88,1,2,0,0,0,0,0
9628,STU08401,25,81,0,1,1,1,1,19,5,1,70,41,1,2,3,3,1,0,0
9629,STU08402,25,81,0,1,1,1,1,25,10,1,86,76,1,2,1,1,0,1,0
9630,STU08403,25,81,0,1,1,1,1,21,3,1,50,47,1,1,3,3,0,1,0
9631,STU08404,25,81,0,1,1,1,1,25,1,1,76,96,0,1,0,0,0,0,1
9632,STU08405,25,81,0,1,1,1,1,23,14,1,77,88,1,2,0,0,0,0,0
9633,STU08406,19,70,1,1,2,0,0,20,9,1,90,47,1,0,3,3,1,0,0
9634,STU08407,19,70,1,1,1,1,0,20,9,1,90,47,1,0,3,3,1,0,0
9635,STU08408,19,70,2,0,1,1,0,20,9,1,90,47,1,0,3,3,1,0,0
9637,STU08409,18,62,0,1,1,1,0,26,16,1,70,55,1,1,2,2,0,0,0
9638,STU08410,18,62,0,1,1,1,0,19,18,0,65,70,1,2,1,1,0,0,1
9639,STU08411,18,62,0,1,1,1,0,18,20,0,63,97,1,2,0,0,0,0,0
9640,STU08412,18,62,0,1,1,1,0,28,12,0,86,65,1,2,2,2,1,0,0
9641,STU08413,18,62,1,1,1,1,0,26,16,1,70,55,1,1,2,2,0,0,0
9642,STU08414,18,62,1,1,1,1,0,19,18,0,65,70,1,2,1,1,0,0,1
9643,STU08415,18,62,1,1,1,1,0,18,20,0,63,97,1,2,0,0,0,0,0
9644,STU08416,18,62,1,1,1,1,0,28,12,0,86,65,1,2,2,2,1,0,0
9645,STU08417,18,62,2,1,1,1,0,26,16,1,70,55,1,1,2,2,0,0,0
9646,STU08418,18,62,2,1,1,1,0,19,18,0,65,70,1,2,1,1,0,0,1
9647,STU08419,18,62,2,1,1,1,0,18,20,0,63,97,1,2,0,0,0,0,0
9648,STU08420,18,62,2,1,1,1,0,28,12,0,86,65,1,2,2,2,1,0,0
9649,STU08421,18,86,1,1,1,1,0,27,0,0,65,65,0,0,2,2,0,1,0
9650,STU08422,18,86,1,1,1,1,0,19,12,1,83,96,0,2,0,0,0,0,0
9651,STU08423,18,86,0,1,0,1,0,27,0,0,65,65,0,0,2,2,0,1,0
9652,STU08424,18,86,0,1,0,1,0,19,12,1,83,96,0,2,0,0,0,0,0
9653,STU08425,27,87,1,1,0,1,0,29,8,0,100,90,0,2,0,0,0,0,1
9654,STU08426,27,87,1,1,0,1,0,25,10,0,91,79,1,1,1,1,1,0,0
9655,STU08427,27,87,1,1,0,1,0,24,8,1,87,42,1,0,3,3,0,0,0
9656,STU08428,27,87,1,0,1,1,0,29,8,0,100,90,0,2,0,0,0,0,1
9657,STU08429,27,87,1,0,1,1,0,25,10,0,91,79,1,1,1,1,1,0,0
9658,STU08430,27,87,1,0,1,1,0,24,8,1,87,42,1,0,3,3,0,0,0
9659,STU08431,13,99,1,0,0,1,0,24,3,1,64,45,0,2,3,3,1,0,0
9660,STU08432,13,99,1,1,0,1,0,24,3,1,64,45,0,2,3,3,1,0,0
9661,STU08433,13,99,0,0,1,1,0,24,3,1,64,45,0,2,3,3,1,0,0
9662,STU08434,27,71,0,0,1,1,1,23,10,1,52,92,0,0,0,0,0,0,1
9663,STU08435,27,71,1,1,1,1,1,23,10,1,52,92,0,0,0,0,0,0,1
9664,STU08436,27,71,2,1,1,1,1,23,10,1,52,92,0,0,0,0,0,0,1
9665,STU08437,24,84,1,1,1,1,1,29,15,0,70,76,1,2,1,1,0,1,0
9666,STU08438,24,84,1,1,1,1,1,29,7,1,53,79,1,0,1,1,0,1,0
9671,STU08439,24,84,2,0,1,1,1,29,15,0,70,76,1,2,1,1,0,1,0
9672,STU08440,24,84,2,0,1,1,1,29,7,1,53,79,1,0,1,1,0,1,0
9673,STU08441,24,84,1,0,1,1,1,29,15,0,70,76,1,2,1,1,0,1,0
9674,STU08442,24,84,1,0,1,1,1,29,7,1,53,79,1,0,1,1,0,1,0
9675,STU08443,16,77,1,1,2,1,0,26,6,1,97,65,0,2,2,2,0,1,0
9676,STU08444,16,77,1,1,2,1,0,20,7,1,57,56,1,0,2,2,0,0,1
9677,STU08445,16,77,1,1,2,1,0,27,18,1,60,90,0,1,0,0,0,0,0
9678,STU08446,16,77,2,1,0,1,0,26,6,1,97,65,0,2,2,2,0,1,0
9679,STU08447,16,77,2,1,0,1,0,20,7,1,57,56,1,0,2,2,0,0,1
9680,STU08448,16,77,2,1,0,1,0,27,18,1,60,90,0,1,0,0,0,0,0
9681,STU08449,16,77,2,1,1,1,0,26,6,1,97,65,0,2,2,2,0,1,0
9682,STU08450,16,77,2,1,1,1,0,20,7,1,57,56,1,0,2,2,0,0,1
9683,STU08451,16,77,2,1,1,1,0,27,18,1,60,90,0,1,0,0,0,0,0
9684,STU08452,16,77,0,1,0,1,0,26,6,1,97,65,0,2,2,2,0,1,0
9685,STU08453,16,77,0,1,0,1,0,20,7,1,57,56,1,0,2,2,0,0,1
9686,STU08454,16,77,0,1,0,1,0,27,18,1,60,90,0,1,0,0,0,0,0
9687,STU08455,16,77,0,0,1,1,0,26,6,1,97,65,0,2,2,2,0,1,0
9688,STU08456,16,77,0,0,1,1,0,20,7,1,57,56,1,0,2,2,0,0,1
9689,STU08457,16,77,0,0,1,1,0,27,18,1,60,90,0,1,0,0,0,0,0
9690,STU08458,22,69,1,0,0,1,1,26,4,1,61,77,0,0,1,1,0,1,0
9691,STU08459,22,69,1,0,0,1,1,28,6,0,80,41,0,2,3,3,0,1,0
9692,STU08460,22,69,1,1,0,1,1,26,4,1,61,77,0,0,1,1,0,1,0
9693,STU08461,22,69,1,1,0,1,1,28,6,0,80,41,0,2,3,3,0,1,0
9694,STU08462,22,69,1,0,1,1,1,26,4,1,61,77,0,0,1,1,0,1,0
9695,STU08463,22,69,1,0,1,1,1,28,6,0,80,41,0,2,3,3,0,1,0
9696,STU08464,22,69,1,1,1,1,1,26,4,1,61,77,0,0,1,1,0,1,0
9697,STU08465,22,69,1,1,1,1,1,28,6,0,80,41,0,2,3,3,0,1,0
9698,STU08466,27,94,0,0,1,1,0,23,0,0,99,41,1,1,3,3,0,0,1
9699,STU08467,27,94,0,0,1,1,0,27,4,0,84,73,1,2,1,1,0,1,0
9700,STU08468,27,94,0,0,1,1,0,27,16,0,72,100,1,0,0,0,1,0,0
9701,STU08469,27,94,0,0,1,1,0,29,19,1,100,70,0,2,1,1,0,0,0
9702,STU08470,27,94,0,0,1,1,0,24,17,1,56,79,1,0,1,1,0,1,0
9703,STU08471,27,94,0,0,1,1,0,18,1,0,81,76,0,2,1,1,0,0,0
9704,STU08472,27,94,1,1,1,1,0,23,0,0,99,41,1,1,3,3,0,0,1
9705,STU08473,27,94,1,1,1,1,0,27,4,0,84,73,1,2,1,1,0,1,0
9706,STU08474,27,94,1,1,1,1,0,27,16,0,72,100,1,0,0,0,1,0,0
9707,STU08475,27,94,1,1,1,1,0,29,19,1,100,70,0,2,1,1,0,0,0
9708,STU08476,27,94,1,1,1,1,0,24,17,1,56,79,1,0,1,1,0,1,0
9709,STU08477,27,94,1,1,1,1,0,18,1,0,81,76,0,2,1,1,0,0,0
9710,STU08478,27,94,2,1,0,1,0,23,0,0,99,41,1,1,3,3,0,0,1
9711,STU08479,27,94,2,1,0,1,0,27,4,0,84,73,1,2,1,1,0,1,0
9712,STU08480,27,94,2,1,0,1,0,27,16,0,72,100,1,0,0,0,1,0,0
9713,STU08481,27,94,2,1,0,1,0,29,19,1,100,70,0,2,1,1,0,0,0
9714,STU08482,27,94,2,1,0,1,0,24,17,1,56,79,1,0,1,1,0,1,0
9715,STU08483,27,94,2,1,0,1,0,18,1,0,81,76,0,2,1,1,0,0,0
9716,STU08484,27,94,2,0,2,1,0,23,0,0,99,41,1,1,3,3,0,0,1
9717,STU08485,27,94,2,0,2,1,0,27,4,0,84,73,1,2,1,1,0,1,0
9718,STU08486,27,94,2,0,2,1,0,27,16,0,72,100,1,0,0,0,1,0,0
9719,STU08487,27,94,2,0,2,1,0,29,19,1,100,70,0,2,1,1,0,0,0
9720,STU08488,27,94,2,0,2,1,0,24,17,1,56,79,1,0,1,1,0,1,0
9721,STU08489,27,94,2,0,2,1,0,18,1,0,81,76,0,2,1,1,0,0,0
9728,STU08490,31,89,1,0,1,1,0,29,4,0,89,97,0,2,0,0,0,0,0
9729,STU08491,31,89,1,0,1,1,0,27,20,0,91,97,1,1,0,0,1,0,0
9730,STU08492,31,89,1,0,1,1,0,25,4,1,54,67,0,1,2,2,1,0,0
9731,STU08493,31,89,1,1,1,1,0,29,4,0,89,97,0,2,0,0,0,0,0
9732,STU08494,31,89,1,1,1,1,0,27,20,0,91,97,1,1,0,0,1,0,0
9733,STU08495,31,89,1,1,1,1,0,25,4,1,54,67,0,1,2,2,1,0,0
9734,STU08496,27,99,2,0,1,1,0,26,5,0,76,73,0,1,1,1,1,0,0
9735,STU08497,27,99,2,0,1,1,0,26,16,1,82,84,1,2,1,1,1,0,0
9736,STU08498,7,99,1,1,1,1,1,24,15,0,76,62,1,2,2,2,1,0,0
9737,STU08499,7,99,1,1,1,1,1,25,9,0,61,77,1,2,1,1,0,0,0
9738,STU08500,7,99,1,1,1,1,1,18,5,0,71,100,1,0,0,0,0,0,1
9739,STU08501,25,74,0,1,0,1,0,29,13,0,83,77,0,0,1,1,0,0,1
9740,STU08502,25,74,0,1,0,1,0,22,11,1,76,96,0,1,0,0,0,0,1
9741,STU08503,25,74,0,1,0,1,0,23,1,0,94,74,1,0,1,1,0,0,1
9742,STU08504,25,74,2,1,2,1,0,29,13,0,83,77,0,0,1,1,0,0,1
9743,STU08505,25,74,2,1,2,1,0,22,11,1,76,96,0,1,0,0,0,0,1
9744,STU08506,25,74,2,1,2,1,0,23,1,0,94,74,1,0,1,1,0,0,1
9745,STU08507,25,74,1,1,1,1,0,29,13,0,83,77,0,0,1,1,0,0,1
9746,STU08508,25,74,1,1,1,1,0,22,11,1,76,96,0,1,0,0,0,0,1
9747,STU08509,25,74,1,1,1,1,0,23,1,0,94,74,1,0,1,1,0,0,1
9748,STU08510,18,61,0,1,0,1,1,20,4,1,88,46,1,1,3,3,0,0,1
9749,STU08511,18,61,0,0,0,1,1,20,4,1,88,46,1,1,3,3,0,0,1
9750,STU08512,18,61,1,1,1,1,1,20,4,1,88,46,1,1,3,3,0,0,1
9753,STU08513,27,67,0,0,0,1,0,22,8,1,92,55,0,0,2,2,0,0,0
9754,STU08514,27,67,0,0,0,1,0,29,10,0,80,40,1,0,3,3,0,1,0
9755,STU08515,27,67,0,0,0,1,0,22,11,1,92,69,1,0,2,2,0,0,0
9756,STU08516,27,67,2,1,2,1,0,22,8,1,92,55,0,0,2,2,0,0,0
9757,STU08517,27,67,2,1,2,1,0,29,10,0,80,40,1,0,3,3,0,1,0
9758,STU08518,27,67,2,1,2,1,0,22,11,1,92,69,1,0,2,2,0,0,0
9759,STU08519,27,67,1,1,1,1,0,22,8,1,92,55,0,0,2,2,0,0,0
9760,STU08520,27,67,1,1,1,1,0,29,10,0,80,40,1,0,3,3,0,1,0
9761,STU08521,27,67,1,1,1,1,0,22,11,1,92,69,1,0,2,2,0,0,0
9762,STU08522,31,90,2,0,0,1,1,27,8,1,92,66,1,2,2,2,0,0,1
9763,STU08523,19,61,1,0,0,1,1,21,13,0,59,85,1,2,0,0,0,0,1
9764,STU08524,19,61,1,0,0,1,1,29,11,1,54,100,1,1,0,0,0,0,1
9765,STU08525,19,61,2,1,0,1,1,21,13,0,59,85,1,2,0,0,0,0,1
9766,STU08526,19,61,2,1,0,1,1,29,11,1,54,100,1,1,0,0,0,0,1
9767,STU08527,19,61,2,1,2,1,1,21,13,0,59,85,1,2,0,0,0,0,1
9768,STU08528,19,61,2,1,2,1,1,29,11,1,54,100,1,1,0,0,0,0,1
9771,STU08529,19,61,1,0,1,1,1,21,13,0,59,85,1,2,0,0,0,0,1
9772,STU08530,19,61,1,0,1,1,1,29,11,1,54,100,1,1,0,0,0,0,1
9775,STU08531,19,61,2,0,0,1,1,21,13,0,59,85,1,2,0,0,0,0,1
9776,STU08532,19,61,2,0,0,1,1,29,11,1,54,100,1,1,0,0,0,0,1
9779,STU08533,18,70,1,1,0,1,0,29,8,1,53,55,1,2,2,2,0,0,1
9780,STU08534,18,70,1,1,0,1,0,27,16,1,81,88,1,2,0,0,0,0,1
9781,STU08535,18,70,0,0,1,1,0,29,8,1,53,55,1,2,2,2,0,0,1
9782,STU08536,18,70,0,0,1,1,0,27,16,1,81,88,1,2,0,0,0,0,1
9783,STU08537,18,70,1,0,1,1,0,29,8,1,53,55,1,2,2,2,0,0,1
9784,STU08538,18,70,1,0,1,1,0,27,16,1,81,88,1,2,0,0,0,0,1
9787,STU08539,18,89,1,0,0,1,1,19,16,0,54,54,0,1,3,3,0,0,0
9788,STU08540,18,89,0,0,2,1,1,19,16,0,54,54,0,1,3,3,0,0,0
9789,STU08541,18,89,2,1,0,1,1,19,16,0,54,54,0,1,3,3,0,0,0
9790,STU08542,18,89,1,0,1,1,1,19,16,0,54,54,0,1,3,3,0,0,0
9792,STU08543,10,93,1,0,1,1,1,26,1,0,73,45,1,2,3,3,0,0,1
9793,STU08544,10,93,1,0,1,1,1,26,17,1,82,66,1,0,2,2,0,0,1
9794,STU08545,26,84,2,1,1,1,0,20,12,0,79,75,1,0,1,1,0,0,0
9795,STU08546,26,84,2,1,1,1,0,22,17,1,63,49,1,2,3,3,0,0,1
9796,STU08547,26,84,2,1,1,1,0,26,1,0,75,94,1,2,0,0,0,1,0
9797,STU08548,26,84,1,1,1,0,0,20,12,0,79,75,1,0,1,1,0,0,0
9798,STU08549,26,84,1,1,1,0,0,22,17,1,63,49,1,2,3,3,0,0,1
9799,STU08550,26,84,1,1,1,0,0,26,1,0,75,94,1,2,0,0,0,1,0
9803,STU08551,30,87,1,0,1,1,1,18,11,1,66,56,1,2,2,2,0,0,0
9804,STU08552,30,87,2,1,0,1,1,18,11,1,66,56,1,2,2,2,0,0,0
9805,STU08553,30,87,1,1,2,1,1,18,11,1,66,56,1,2,2,2,0,0,0
9806,STU08554,30,87,1,0,0,1,1,18,11,1,66,56,1,2,2,2,0,0,0
9807,STU08555,30,87,1,1,0,1,1,18,11,1,66,56,1,2,2,2,0,0,0
9809,STU08556,19,100,0,0,2,1,1,19,8,0,84,44,0,2,3,3,0,0,1
9810,STU08557,19,100,0,1,2,1,1,19,8,0,84,44,0,2,3,3,0,0,1
9811,STU08558,19,100,2,1,1,1,1,19,8,0,84,44,0,2,3,3,0,0,1
9812,STU08559,19,100,2,1,2,1,1,19,8,0,84,44,0,2,3,3,0,0,1
9813,STU08560,19,100,0,1,0,1,1,19,8,0,84,44,0,2,3,3,0,0,1
9814,STU08561,19,69,2,1,1,0,0,24,3,1,78,63,1,2,2,2,0,1,0
9815,STU08562,19,69,2,1,1,0,0,19,4,0,79,100,1,2,0,0,0,1,0
9816,STU08563,19,69,0,0,1,1,0,24,3,1,78,63,1,2,2,2,0,1,0
9817,STU08564,19,69,0,0,1,1,0,19,4,0,79,100,1,2,0,0,0,1,0
9818,STU08565,19,69,0,1,1,1,0,24,3,1,78,63,1,2,2,2,0,1,0
9819,STU08566,19,69,0,1,1,1,0,19,4,0,79,100,1,2,0,0,0,1,0
9820,STU08567,19,69,1,1,0,1,0,24,3,1,78,63,1,2,2,2,0,1,0
9821,STU08568,19,69,1,1,0,1,0,19,4,0,79,100,1,2,0,0,0,1,0
9822,STU08569,19,69,1,1,1,1,0,24,3,1,78,63,1,2,2,2,0,1,0
9823,STU08570,19,69,1,1,1,1,0,19,4,0,79,100,1,2,0,0,0,1,0
9824,STU08571,19,69,2,1,0,1,0,24,3,1,78,63,1,2,2,2,0,1,0
9825,STU08572,19,69,2,1,0,1,0,19,4,0,79,100,1,2,0,0,0,1,0
9826,STU08573,27,78,0,1,1,1,1,25,17,0,82,84,0,1,1,1,0,0,0
9827,STU08574,27,78,0,1,1,1,1,29,19,1,88,43,1,2,3,3,0,0,0
9828,STU08575,27,78,0,1,1,1,1,23,5,1,65,55,1,1,2,2,0,0,1
9829,STU08576,27,78,1,0,1,1,1,25,17,0,82,84,0,1,1,1,0,0,0
9830,STU08577,27,78,1,0,1,1,1,29,19,1,88,43,1,2,3,3,0,0,0
9831,STU08578,27,78,1,0,1,1,1,23,5,1,65,55,1,1,2,2,0,0,1
9832,STU08579,27,78,1,1,2,1,1,25,17,0,82,84,0,1,1,1,0,0,0
9833,STU08580,27,78,1,1,2,1,1,29,19,1,88,43,1,2,3,3,0,0,0
9834,STU08581,27,78,1,1,2,1,1,23,5,1,65,55,1,1,2,2,0,0,1
9835,STU08582,27,78,1,0,0,1,1,25,17,0,82,84,0,1,1,1,0,0,0
9836,STU08583,27,78,1,0,0,1,1,29,19,1,88,43,1,2,3,3,0,0,0
9837,STU08584,27,78,1,0,0,1,1,23,5,1,65,55,1,1,2,2,0,0,1
9838,STU08585,27,78,2,0,1,1,1,25,17,0,82,84,0,1,1,1,0,0,0
9839,STU08586,27,78,2,0,1,1,1,29,19,1,88,43,1,2,3,3,0,0,0
9840,STU08587,27,78,2,0,1,1,1,23,5,1,65,55,1,1,2,2,0,0,1
9841,STU08588,27,78,1,1,0,1,1,25,17,0,82,84,0,1,1,1,0,0,0
9842,STU08589,27,78,1,1,0,1,1,29,19,1,88,43,1,2,3,3,0,0,0
9843,STU08590,27,78,1,1,0,1,1,23,5,1,65,55,1,1,2,2,0,0,1
9844,STU08591,14,62,1,1,1,1,0,26,19,0,53,48,1,1,3,3,0,0,1
9845,STU08592,14,62,1,1,1,1,0,23,5,0,92,91,1,2,0,0,0,0,0
9846,STU08593,14,62,2,1,1,1,0,26,19,0,53,48,1,1,3,3,0,0,1
9847,STU08594,14,62,2,1,1,1,0,23,5,0,92,91,1,2,0,0,0,0,0
9848,STU08595,14,62,2,1,0,1,0,26,19,0,53,48,1,1,3,3,0,0,1
9849,STU08596,14,62,2,1,0,1,0,23,5,0,92,91,1,2,0,0,0,0,0
9850,STU08597,21,61,1,0,1,1,0,28,13,1,52,70,0,1,1,1,0,0,0
9851,STU08598,21,61,1,0,1,1,0,27,14,0,76,80,1,0,1,1,1,0,0
9852,STU08599,21,61,1,1,0,1,0,28,13,1,52,70,0,1,1,1,0,0,0
9853,STU08600,21,61,1,1,0,1,0,27,14,0,76,80,1,0,1,1,1,0,0
9854,STU08601,21,61,1,1,2,0,0,28,13,1,52,70,0,1,1,1,0,0,0
9855,STU08602,21,61,1,1,2,0,0,27,14,0,76,80,1,0,1,1,1,0,0
9856,STU08603,23,86,1,0,1,1,1,19,10,1,64,79,1,1,1,1,0,1,0
9857,STU08604,23,86,1,1,1,1,1,19,10,1,64,79,1,1,1,1,0,1,0
9858,STU08605,26,82,2,0,1,0,0,29,4,0,67,78,0,1,1,1,0,1,0
9859,STU08606,26,82,2,0,1,0,0,18,0,0,50,46,1,0,3,3,1,0,0
9860,STU08607,26,82,0,1,2,1,0,29,4,0,67,78,0,1,1,1,0,1,0
9861,STU08608,26,82,0,1,2,1,0,18,0,0,50,46,1,0,3,3,1,0,0
9862,STU08609,26,82,0,0,1,1,0,29,4,0,67,78,0,1,1,1,0,1,0
9863,STU08610,26,82,0,0,1,1,0,18,0,0,50,46,1,0,3,3,1,0,0
9864,STU08611,24,79,2,1,1,1,0,27,12,1,71,74,1,2,1,1,0,0,0
9865,STU08612,24,79,2,1,1,1,0,22,8,1,92,69,1,2,2,2,0,0,1
9866,STU08613,24,79,2,1,1,1,0,21,12,1,71,74,1,1,1,1,0,1,0
9867,STU08614,24,79,0,0,0,1,0,27,12,1,71,74,1,2,1,1,0,0,0
9868,STU08615,24,79,0,0,0,1,0,22,8,1,92,69,1,2,2,2,0,0,1
9869,STU08616,24,79,0,0,0,1,0,21,12,1,71,74,1,1,1,1,0,1,0
9870,STU08617,9,76,1,1,1,1,0,25,19,1,99,68,1,2,2,2,0,0,1
9871,STU08618,9,76,1,1,1,1,0,29,0,0,81,52,1,1,3,3,0,0,1
9872,STU08619,9,76,1,1,1,1,0,25,7,0,52,47,0,2,3,3,0,0,1
9873,STU08620,23,85,2,0,2,0,0,29,8,1,57,89,0,1,0,0,1,0,0
9874,STU08621,23,85,2,0,2,0,0,24,13,0,71,69,1,1,2,2,1,0,0
9875,STU08622,23,85,2,1,2,1,0,29,8,1,57,89,0,1,0,0,1,0,0
9876,STU08623,23,85,2,1,2,1,0,24,13,0,71,69,1,1,2,2,1,0,0
9877,STU08624,23,85,1,1,0,1,0,29,8,1,57,89,0,1,0,0,1,0,0
9878,STU08625,23,85,1,1,0,1,0,24,13,0,71,69,1,1,2,2,1,0,0
9879,STU08626,23,85,0,1,2,1,0,29,8,1,57,89,0,1,0,0,1,0,0
9880,STU08627,23,85,0,1,2,1,0,24,13,0,71,69,1,1,2,2,1,0,0
9881,STU08628,23,85,1,1,2,1,0,29,8,1,57,89,0,1,0,0,1,0,0
9882,STU08629,23,85,1,1,2,1,0,24,13,0,71,69,1,1,2,2,1,0,0
9883,STU08630,23,85,0,0,0,1,0,29,8,1,57,89,0,1,0,0,1,0,0
9884,STU08631,23,85,0,0,0,1,0,24,13,0,71,69,1,1,2,2,1,0,0
9885,STU08632,30,94,1,0,1,1,0,18,9,0,87,80,1,2,1,1,0,0,0
9886,STU08633,30,94,1,0,1,1,0,29,20,1,93,61,0,1,2,2,1,0,0
9887,STU08634,30,94,1,1,0,1,0,18,9,0,87,80,1,2,1,1,0,0,0
9888,STU08635,30,94,1,1,0,1,0,29,20,1,93,61,0,1,2,2,1,0,0
9889,STU08636,30,94,0,0,0,0,0,18,9,0,87,80,1,2,1,1,0,0,0
9890,STU08637,30,94,0,0,0,0,0,29,20,1,93,61,0,1,2,2,1,0,0
9891,STU08638,28,76,1,1,1,1,1,19,12,1,99,97,1,0,0,0,0,0,0
9892,STU08639,28,76,1,1,1,1,1,20,0,0,85,68,1,2,2,2,0,1,0
9893,STU08640,28,76,1,1,2,1,1,19,12,1,99,97,1,0,0,0,0,0,0
9894,STU08641,28,76,1,1,2,1,1,20,0,0,85,68,1,2,2,2,0,1,0
9895,STU08642,28,76,1,0,1,1,1,19,12,1,99,97,1,0,0,0,0,0,0
9896,STU08643,28,76,1,0,1,1,1,20,0,0,85,68,1,2,2,2,0,1,0
9897,STU08644,28,76,2,1,2,1,1,19,12,1,99,97,1,0,0,0,0,0,0
9898,STU08645,28,76,2,1,2,1,1,20,0,0,85,68,1,2,2,2,0,1,0
9901,STU08646,28,76,0,0,2,1,1,19,12,1,99,97,1,0,0,0,0,0,0
9902,STU08647,28,76,0,0,2,1,1,20,0,0,85,68,1,2,2,2,0,1,0
9903,STU08648,30,96,1,1,1,1,0,23,4,1,69,74,0,1,1,1,1,0,0
9904,STU08649,30,96,1,1,1,1,0,18,5,0,60,45,0,2,3,3,1,0,0
9905,STU08650,30,96,1,1,1,1,0,27,7,1,61,88,1,2,0,0,0,1,0
9906,STU08651,33,69,2,1,1,1,1,24,18,1,59,62,0,1,2,2,0,0,0
9907,STU08652,33,69,2,1,1,1,1,27,10,0,85,45,0,2,3,3,0,0,1
9908,STU08653,16,97,1,0,1,1,0,18,14,1,60,93,1,1,0,0,1,0,0
9909,STU08654,16,97,1,0,1,1,0,24,5,1,53,74,0,1,1,1,1,0,0
9910,STU08655,16,97,1,0,1,1,0,24,11,1,97,61,1,2,2,2,0,0,0
9911,STU08656,16,97,1,0,0,0,0,18,14,1,60,93,1,1,0,0,1,0,0
9912,STU08657,16,97,1,0,0,0,0,24,5,1,53,74,0,1,1,1,1,0,0
9913,STU08658,16,97,1,0,0,0,0,24,11,1,97,61,1,2,2,2,0,0,0
9914,STU08659,12,65,1,0,1,1,0,21,10,1,54,80,0,1,1,1,0,0,1
9915,STU08660,12,65,1,0,1,1,0,27,6,0,67,54,1,1,3,3,0,0,1
9916,STU08661,12,65,2,1,1,1,0,21,10,1,54,80,0,1,1,1,0,0,1
9917,STU08662,12,65,2,1,1,1,0,27,6,0,67,54,1,1,3,3,0,0,1
9918,STU08663,12,65,1,1,1,1,0,21,10,1,54,80,0,1,1,1,0,0,1
9919,STU08664,12,65,1,1,1,1,0,27,6,0,67,54,1,1,3,3,0,0,1
9920,STU08665,12,65,0,1,1,1,0,21,10,1,54,80,0,1,1,1,0,0,1
9921,STU08666,12,65,0,1,1,1,0,27,6,0,67,54,1,1,3,3,0,0,1
9922,STU08667,16,78,0,1,2,1,0,19,7,1,91,93,1,0,0,0,1,0,0
9923,STU08668,16,78,0,1,2,1,0,20,5,1,56,50,1,2,3,3,0,0,1
9924,STU08669,16,78,2,0,0,1,0,19,7,1,91,93,1,0,0,0,1,0,0
9925,STU08670,16,78,2,0,0,1,0,20,5,1,56,50,1,2,3,3,0,0,1
9926,STU08671,16,78,2,0,1,1,0,19,7,1,91,93,1,0,0,0,1,0,0
9927,STU08672,16,78,2,0,1,1,0,20,5,1,56,50,1,2,3,3,0,0,1
9928,STU08673,16,78,1,0,2,1,0,19,7,1,91,93,1,0,0,0,1,0,0
9929,STU08674,16,78,1,0,2,1,0,20,5,1,56,50,1,2,3,3,0,0,1
9930,STU08675,16,78,1,1,1,1,0,19,7,1,91,93,1,0,0,0,1,0,0
9931,STU08676,16,78,1,1,1,1,0,20,5,1,56,50,1,2,3,3,0,0,1
9932,STU08677,12,81,2,1,0,1,0,21,12,1,67,88,1,0,0,0,0,0,0
9933,STU08678,12,81,2,0,0,1,0,21,12,1,67,88,1,0,0,0,0,0,0
9934,STU08679,9,87,1,0,1,1,0,24,11,0,88,95,0,2,0,0,1,0,0
9935,STU08680,9,87,1,0,1,1,0,26,16,0,86,41,1,1,3,3,0,1,0
9936,STU08681,9,87,1,0,1,1,0,27,14,0,87,92,1,1,0,0,1,0,0
9937,STU08682,9,87,1,0,1,1,0,28,19,1,79,65,1,1,2,2,0,0,0
9938,STU08683,9,87,1,0,1,1,0,23,17,0,56,83,1,2,1,1,1,0,0
9944,STU08684,9,87,1,1,1,1,0,24,11,0,88,95,0,2,0,0,1,0,0
9945,STU08685,9,87,1,1,1,1,0,26,16,0,86,41,1,1,3,3,0,1,0
9946,STU08686,9,87,1,1,1,1,0,27,14,0,87,92,1,1,0,0,1,0,0
9947,STU08687,9,87,1,1,1,1,0,28,19,1,79,65,1,1,2,2,0,0,0
9948,STU08688,9,87,1,1,1,1,0,23,17,0,56,83,1,2,1,1,1,0,0
9949,STU08689,21,86,2,0,1,1,1,24,7,0,96,42,1,2,3,3,0,1,0
9950,STU08690,21,86,2,0,1,1,1,24,19,1,93,62,1,1,2,2,1,0,0
9951,STU08691,21,86,2,0,1,1,1,28,6,1,59,64,1,2,2,2,0,0,1
9952,STU08692,21,86,2,0,1,1,1,27,18,0,97,78,1,0,1,1,0,1,0
9953,STU08693,21,86,1,1,2,1,1,24,7,0,96,42,1,2,3,3,0,1,0
9954,STU08694,21,86,1,1,2,1,1,24,19,1,93,62,1,1,2,2,1,0,0
9955,STU08695,21,86,1,1,2,1,1,28,6,1,59,64,1,2,2,2,0,0,1
9956,STU08696,21,86,1,1,2,1,1,27,18,0,97,78,1,0,1,1,0,1,0
9957,STU08697,21,86,1,0,1,1,1,24,7,0,96,42,1,2,3,3,0,1,0
9958,STU08698,21,86,1,0,1,1,1,24,19,1,93,62,1,1,2,2,1,0,0
9959,STU08699,21,86,1,0,1,1,1,28,6,1,59,64,1,2,2,2,0,0,1
9960,STU08700,21,86,1,0,1,1,1,27,18,0,97,78,1,0,1,1,0,1,0
9961,STU08701,21,86,0,1,2,1,1,24,7,0,96,42,1,2,3,3,0,1,0
9962,STU08702,21,86,0,1,2,1,1,24,19,1,93,62,1,1,2,2,1,0,0
9963,STU08703,21,86,0,1,2,1,1,28,6,1,59,64,1,2,2,2,0,0,1
9964,STU08704,21,86,0,1,2,1,1,27,18,0,97,78,1,0,1,1,0,1,0
9965,STU08705,18,94,1,1,1,1,0,27,4,0,72,43,1,0,3,3,0,1,0
9966,STU08706,18,94,1,1,1,1,0,20,8,1,87,58,1,2,2,2,0,1,0
9967,STU08707,18,94,0,1,1,1,0,27,4,0,72,43,1,0,3,3,0,1,0
9968,STU08708,18,94,0,1,1,1,0,20,8,1,87,58,1,2,2,2,0,1,0
9971,STU08709,18,94,2,1,1,1,0,27,4,0,72,43,1,0,3,3,0,1,0
9972,STU08710,18,94,2,1,1,1,0,20,8,1,87,58,1,2,2,2,0,1,0
9973,STU08711,18,94,0,1,0,1,0,27,4,0,72,43,1,0,3,3,0,1,0
9974,STU08712,18,94,0,1,0,1,0,20,8,1,87,58,1,2,2,2,0,1,0
9975,STU08713,18,94,0,0,2,1,0,27,4,0,72,43,1,0,3,3,0,1,0
9976,STU08714,18,94,0,0,2,1,0,20,8,1,87,58,1,2,2,2,0,1,0
9981,STU08715,18,94,1,1,1,0,0,27,4,0,72,43,1,0,3,3,0,1,0
9982,STU08716,18,94,1,1,1,0,0,20,8,1,87,58,1,2,2,2,0,1,0
9985,STU08717,31,85,1,0,1,1,1,18,18,1,59,79,1,2,1,1,0,0,0
9986,STU08718,31,85,1,0,1,1,1,27,6,0,90,70,1,2,1,1,0,0,0
9987,STU08719,31,85,1,0,1,1,1,24,17,0,83,99,1,1,0,0,0,0,0
9988,STU08720,31,85,1,0,1,1,1,21,10,1,82,41,1,0,3,3,0,0,1
9989,STU08721,16,61,1,1,0,1,0,23,11,1,51,65,0,2,2,2,1,0,0
9990,STU08722,16,61,1,1,0,1,0,24,1,0,91,50,1,2,3,3,0,0,1
9991,STU08723,16,61,1,0,0,1,0,23,11,1,51,65,0,2,2,2,1,0,0
9992,STU08724,16,61,1,0,0,1,0,24,1,0,91,50,1,2,3,3,0,0,1
9993,STU08725,16,61,2,1,1,1,0,23,11,1,51,65,0,2,2,2,1,0,0
9994,STU08726,16,61,2,1,1,1,0,24,1,0,91,50,1,2,3,3,0,0,1
9995,STU08727,16,61,1,1,1,1,0,23,11,1,51,65,0,2,2,2,1,0,0
9996,STU08728,16,61,1,1,1,1,0,24,1,0,91,50,1,2,3,3,0,0,1
9999,STU08729,16,61,0,0,1,1,0,23,11,1,51,65,0,2,2,2,1,0,0
10000,STU08730,16,61,0,0,1,1,0,24,1,0,91,50,1,2,3,3,0,0,1
10001,STU08731,11,96,2,0,2,1,1,22,11,0,50,74,1,2,1,1,1,0,0
10002,STU08732,11,96,2,0,2,1,1,27,1,0,100,82,1,1,1,1,0,0,1
10003,STU08733,11,96,2,0,2,1,1,18,3,0,88,98,1,2,0,0,1,0,0
10004,STU08734,11,96,2,0,2,1,1,27,1,0,53,67,1,0,2,2,0,1,0
10005,STU08735,11,96,2,0,2,1,1,27,13,0,81,44,0,1,3,3,0,1,0
10006,STU08736,11,96,2,0,1,1,1,22,11,0,50,74,1,2,1,1,1,0,0
10007,STU08737,11,96,2,0,1,1,1,27,1,0,100,82,1,1,1,1,0,0,1
10008,STU08738,11,96,2,0,1,1,1,18,3,0,88,98,1,2,0,0,1,0,0
10009,STU08739,11,96,2,0,1,1,1,27,1,0,53,67,1,0,2,2,0,1,0
10010,STU08740,11,96,2,0,1,1,1,27,13,0,81,44,0,1,3,3,0,1,0
10011,STU08741,9,69,1,1,2,1,0,28,5,0,83,64,1,2,2,2,0,0,0
10012,STU08742,9,69,1,1,2,1,0,21,18,0,58,64,1,2,2,2,0,0,1
10013,STU08743,10,97,2,0,2,1,0,24,20,1,63,42,1,1,3,3,0,0,1
10014,STU08744,10,97,2,0,2,1,0,24,16,1,66,75,1,0,1,1,1,0,0
10015,STU08745,10,97,1,0,1,1,0,24,20,1,63,42,1,1,3,3,0,0,1
10016,STU08746,10,97,1,0,1,1,0,24,16,1,66,75,1,0,1,1,1,0,0
10017,STU08747,30,72,0,0,1,1,1,20,13,1,78,50,1,0,3,3,0,1,0
10018,STU08748,30,72,1,0,1,1,1,20,13,1,78,50,1,0,3,3,0,1,0
10019,STU08749,7,92,1,0,2,1,1,18,3,1,58,91,1,2,0,0,0,1,0
10020,STU08750,19,65,2,1,0,1,0,18,5,1,75,60,0,2,2,2,0,1,0
10021,STU08751,19,65,2,1,1,1,0,18,5,1,75,60,0,2,2,2,0,1,0
10022,STU08752,19,65,2,1,1,0,0,18,5,1,75,60,0,2,2,2,0,1,0
10023,STU08753,19,65,1,0,0,1,0,18,5,1,75,60,0,2,2,2,0,1,0
10024,STU08754,19,65,0,1,2,1,0,18,5,1,75,60,0,2,2,2,0,1,0
10025,STU08755,19,65,2,0,0,1,0,18,5,1,75,60,0,2,2,2,0,1,0
10027,STU08756,19,65,2,0,1,1,0,18,5,1,75,60,0,2,2,2,0,1,0
10028,STU08757,24,87,1,0,2,1,1,24,9,1,77,87,1,0,0,0,0,1,0
10029,STU08758,24,87,1,0,2,1,1,27,10,0,98,47,0,2,3,3,1,0,0
10030,STU08759,24,87,1,0,2,1,1,25,16,1,74,40,1,2,3,3,1,0,0
10031,STU08760,26,99,1,0,2,1,1,20,3,1,73,40,1,2,3,3,1,0,0
10032,STU08761,26,99,1,0,2,1,1,25,15,1,50,95,1,2,0,0,0,0,0
10033,STU08762,26,99,1,1,1,1,1,20,3,1,73,40,1,2,3,3,1,0,0
10034,STU08763,26,99,1,1,1,1,1,25,15,1,50,95,1,2,0,0,0,0,0
10035,STU08764,26,99,2,1,1,1,1,20,3,1,73,40,1,2,3,3,1,0,0
10036,STU08765,26,99,2,1,1,1,1,25,15,1,50,95,1,2,0,0,0,0,0
10037,STU08766,21,92,1,0,1,1,0,28,2,0,72,61,1,1,2,2,0,0,1
10038,STU08767,21,92,1,0,1,1,0,25,12,1,73,72,1,1,1,1,1,0,0
10039,STU08768,21,92,1,0,1,1,0,28,11,0,89,68,1,2,2,2,0,1,0
10040,STU08769,21,92,1,0,1,1,0,20,12,0,79,48,1,1,3,3,0,0,1
10041,STU08770,21,92,2,1,1,1,0,28,2,0,72,61,1,1,2,2,0,0,1
10042,STU08771,21,92,2,1,1,1,0,25,12,1,73,72,1,1,1,1,1,0,0
10043,STU08772,21,92,2,1,1,1,0,28,11,0,89,68,1,2,2,2,0,1,0
10044,STU08773,21,92,2,1,1,1,0,20,12,0,79,48,1,1,3,3,0,0,1
10045,STU08774,21,92,0,0,1,1,0,28,2,0,72,61,1,1,2,2,0,0,1
10046,STU08775,21,92,0,0,1,1,0,25,12,1,73,72,1,1,1,1,1,0,0
10047,STU08776,21,92,0,0,1,1,0,28,11,0,89,68,1,2,2,2,0,1,0
10048,STU08777,21,92,0,0,1,1,0,20,12,0,79,48,1,1,3,3,0,0,1
10049,STU08778,20,68,1,1,1,1,1,29,0,1,75,54,1,2,3,3,1,0,0
10050,STU08779,20,68,2,1,2,1,1,29,0,1,75,54,1,2,3,3,1,0,0
10051,STU08780,20,68,0,0,0,1,1,29,0,1,75,54,1,2,3,3,1,0,0
10052,STU08781,20,68,0,0,1,1,1,29,0,1,75,54,1,2,3,3,1,0,0
10053,STU08782,9,73,0,1,1,0,1,21,15,1,85,89,1,1,0,0,1,0,0
10054,STU08783,9,73,0,1,1,0,1,18,5,1,90,64,1,2,2,2,1,0,0
10055,STU08784,9,73,0,1,1,0,1,25,5,0,65,56,0,0,2,2,0,0,1
10056,STU08785,9,73,1,1,0,1,1,21,15,1,85,89,1,1,0,0,1,0,0
10057,STU08786,9,73,1,1,0,1,1,18,5,1,90,64,1,2,2,2,1,0,0
10058,STU08787,9,73,1,1,0,1,1,25,5,0,65,56,0,0,2,2,0,0,1
10059,STU08788,28,91,1,1,1,0,0,28,11,0,50,52,1,0,3,3,0,0,1
10060,STU08789,28,91,1,1,1,0,0,19,7,0,73,94,1,1,0,0,0,0,0
10061,STU08790,15,73,1,0,2,1,0,27,8,0,72,76,0,2,1,1,0,1,0
10062,STU08791,15,73,1,0,2,1,0,20,17,1,80,61,1,2,2,2,0,1,0
10063,STU08792,15,73,2,0,1,1,0,27,8,0,72,76,0,2,1,1,0,1,0
10064,STU08793,15,73,2,0,1,1,0,20,17,1,80,61,1,2,2,2,0,1,0
10065,STU08794,15,73,1,0,1,1,0,27,8,0,72,76,0,2,1,1,0,1,0
10066,STU08795,15,73,1,0,1,1,0,20,17,1,80,61,1,2,2,2,0,1,0
10067,STU08796,15,73,1,1,2,1,0,27,8,0,72,76,0,2,1,1,0,1,0
10068,STU08797,15,73,1,1,2,1,0,20,17,1,80,61,1,2,2,2,0,1,0
10069,STU08798,13,79,0,1,2,1,1,21,5,1,69,61,1,1,2,2,0,0,1
10070,STU08799,13,79,2,0,1,1,1,21,5,1,69,61,1,1,2,2,0,0,1
10072,STU08800,13,79,1,0,1,0,1,21,5,1,69,61,1,1,2,2,0,0,1
10073,STU08801,26,73,1,1,0,1,0,28,19,1,80,77,1,2,1,1,1,0,0
10074,STU08802,26,73,1,1,0,1,0,24,15,1,99,50,0,1,3,3,0,0,0
10075,STU08803,26,73,1,0,2,1,0,28,19,1,80,77,1,2,1,1,1,0,0
10076,STU08804,26,73,1,0,2,1,0,24,15,1,99,50,0,1,3,3,0,0,0
10077,STU08805,28,66,2,0,1,1,0,21,7,0,83,81,1,0,1,1,0,1,0
10078,STU08806,28,66,2,0,1,1,0,21,7,0,100,68,1,0,2,2,0,0,1
10079,STU08807,28,66,0,1,1,1,0,21,7,0,83,81,1,0,1,1,0,1,0
10080,STU08808,28,66,0,1,1,1,0,21,7,0,100,68,1,0,2,2,0,0,1
10081,STU08809,25,62,1,0,1,1,1,22,5,0,75,56,1,0,2,2,0,1,0
10082,STU08810,25,62,1,0,1,1,1,24,5,1,51,77,1,2,1,1,0,0,0
10083,STU08811,25,62,1,0,1,1,1,18,11,1,89,63,1,0,2,2,0,0,1
10084,STU08812,25,62,1,1,0,1,1,22,5,0,75,56,1,0,2,2,0,1,0
10085,STU08813,25,62,1,1,0,1,1,24,5,1,51,77,1,2,1,1,0,0,0
10086,STU08814,25,62,1,1,0,1,1,18,11,1,89,63,1,0,2,2,0,0,1
10087,STU08815,13,95,1,1,1,1,0,24,14,0,62,78,0,2,1,1,0,0,1
10088,STU08816,13,95,1,1,1,1,0,27,7,1,59,83,1,2,1,1,0,1,0
10089,STU08817,13,95,1,1,1,1,0,28,9,0,78,97,0,0,0,0,0,0,1
10090,STU08818,13,95,2,1,1,1,0,24,14,0,62,78,0,2,1,1,0,0,1
10091,STU08819,13,95,2,1,1,1,0,27,7,1,59,83,1,2,1,1,0,1,0
10092,STU08820,13,95,2,1,1,1,0,28,9,0,78,97,0,0,0,0,0,0,1
10093,STU08821,13,95,2,1,0,1,0,24,14,0,62,78,0,2,1,1,0,0,1
10094,STU08822,13,95,2,1,0,1,0,27,7,1,59,83,1,2,1,1,0,1,0
10095,STU08823,13,95,2,1,0,1,0,28,9,0,78,97,0,0,0,0,0,0,1
10096,STU08824,19,87,2,0,0,1,1,20,3,1,80,91,1,0,0,0,0,0,0
10097,STU08825,19,87,2,0,0,1,1,18,2,1,67,98,0,1,0,0,1,0,0
10098,STU08826,19,87,2,0,2,1,1,20,3,1,80,91,1,0,0,0,0,0,0
10099,STU08827,19,87,2,0,2,1,1,18,2,1,67,98,0,1,0,0,1,0,0
10100,STU08828,19,87,2,1,1,1,1,20,3,1,80,91,1,0,0,0,0,0,0
10101,STU08829,19,87,2,1,1,1,1,18,2,1,67,98,0,1,0,0,1,0,0
10102,STU08830,19,87,1,0,2,1,1,20,3,1,80,91,1,0,0,0,0,0,0
10103,STU08831,19,87,1,0,2,1,1,18,2,1,67,98,0,1,0,0,1,0,0
10104,STU08832,18,87,0,1,2,1,0,19,8,1,91,69,0,1,2,2,0,0,1
10105,STU08833,18,87,1,1,0,1,0,19,8,1,91,69,0,1,2,2,0,0,1
10106,STU08834,25,98,1,1,1,1,0,18,12,0,89,98,0,0,0,0,0,0,1
10107,STU08835,25,98,2,1,1,1,0,18,12,0,89,98,0,0,0,0,0,0,1
10108,STU08836,25,98,0,1,1,1,0,18,12,0,89,98,0,0,0,0,0,0,1
10109,STU08837,28,93,2,1,1,1,0,24,0,1,60,50,1,2,3,3,0,0,0
10110,STU08838,28,93,2,1,1,1,0,26,0,0,58,62,1,1,2,2,1,0,0
10111,STU08839,17,79,1,1,0,1,0,26,3,1,74,45,1,2,3,3,1,0,0
10112,STU08840,17,79,1,1,0,1,0,20,6,0,93,81,0,0,1,1,0,0,0
10113,STU08841,17,79,1,1,0,1,0,29,17,0,71,43,1,2,3,3,0,0,1
10114,STU08842,17,79,1,1,0,1,0,25,0,1,83,41,0,1,3,3,0,0,0
10115,STU08843,17,79,1,0,0,1,0,26,3,1,74,45,1,2,3,3,1,0,0
10116,STU08844,17,79,1,0,0,1,0,20,6,0,93,81,0,0,1,1,0,0,0
10117,STU08845,17,79,1,0,0,1,0,29,17,0,71,43,1,2,3,3,0,0,1
10118,STU08846,17,79,1,0,0,1,0,25,0,1,83,41,0,1,3,3,0,0,0
10119,STU08847,17,79,2,0,1,1,0,26,3,1,74,45,1,2,3,3,1,0,0
10120,STU08848,17,79,2,0,1,1,0,20,6,0,93,81,0,0,1,1,0,0,0
10121,STU08849,17,79,2,0,1,1,0,29,17,0,71,43,1,2,3,3,0,0,1
10122,STU08850,17,79,2,0,1,1,0,25,0,1,83,41,0,1,3,3,0,0,0
10123,STU08851,17,79,2,0,0,1,0,26,3,1,74,45,1,2,3,3,1,0,0
10124,STU08852,17,79,2,0,0,1,0,20,6,0,93,81,0,0,1,1,0,0,0
10125,STU08853,17,79,2,0,0,1,0,29,17,0,71,43,1,2,3,3,0,0,1
10126,STU08854,17,79,2,0,0,1,0,25,0,1,83,41,0,1,3,3,0,0,0
10127,STU08855,17,79,0,1,0,1,0,26,3,1,74,45,1,2,3,3,1,0,0
10128,STU08856,17,79,0,1,0,1,0,20,6,0,93,81,0,0,1,1,0,0,0
10129,STU08857,17,79,0,1,0,1,0,29,17,0,71,43,1,2,3,3,0,0,1
10130,STU08858,17,79,0,1,0,1,0,25,0,1,83,41,0,1,3,3,0,0,0
10131,STU08859,17,79,2,1,1,1,0,26,3,1,74,45,1,2,3,3,1,0,0
10132,STU08860,17,79,2,1,1,1,0,20,6,0,93,81,0,0,1,1,0,0,0
10133,STU08861,17,79,2,1,1,1,0,29,17,0,71,43,1,2,3,3,0,0,1
10134,STU08862,17,79,2,1,1,1,0,25,0,1,83,41,0,1,3,3,0,0,0
10135,STU08863,10,72,0,0,1,1,0,21,6,1,56,79,1,2,1,1,1,0,0
10136,STU08864,10,72,0,0,1,1,0,29,0,1,97,58,1,2,2,2,0,0,0
10137,STU08865,10,72,0,0,1,1,0,18,2,1,85,87,1,0,0,0,0,0,1
10138,STU08866,10,72,0,0,1,1,0,21,9,1,80,41,0,2,3,3,0,0,0
10139,STU08867,10,72,0,0,1,1,0,21,11,0,96,85,1,0,0,0,1,0,0
10140,STU08868,30,77,0,1,1,1,1,23,18,0,68,80,1,2,1,1,1,0,0
10141,STU08869,30,77,0,1,1,1,1,21,9,1,90,68,1,0,2,2,0,0,1
10142,STU08870,30,77,0,1,1,1,1,23,8,0,79,89,1,2,0,0,0,0,1
10149,STU08871,16,64,1,1,2,1,1,23,2,1,69,67,1,2,2,2,0,0,1
10150,STU08872,16,64,1,1,2,1,1,25,9,1,72,91,0,1,0,0,0,0,0
10151,STU08873,16,64,1,1,2,1,1,29,17,0,98,84,1,2,1,1,1,0,0
10152,STU08874,16,64,1,1,2,1,1,29,18,1,56,62,1,1,2,2,0,1,0
10153,STU08875,16,64,1,1,2,1,1,24,8,1,51,82,1,0,1,1,0,0,0
10154,STU08876,16,64,1,1,2,1,1,29,13,0,61,56,1,2,2,2,0,0,0
10155,STU08877,16,64,0,0,1,1,1,23,2,1,69,67,1,2,2,2,0,0,1
10156,STU08878,16,64,0,0,1,1,1,25,9,1,72,91,0,1,0,0,0,0,0
10157,STU08879,16,64,0,0,1,1,1,29,17,0,98,84,1,2,1,1,1,0,0
10158,STU08880,16,64,0,0,1,1,1,29,18,1,56,62,1,1,2,2,0,1,0
10159,STU08881,16,64,0,0,1,1,1,24,8,1,51,82,1,0,1,1,0,0,0
10160,STU08882,16,64,0,0,1,1,1,29,13,0,61,56,1,2,2,2,0,0,0
10161,STU08883,16,64,1,0,1,1,1,23,2,1,69,67,1,2,2,2,0,0,1
10162,STU08884,16,64,1,0,1,1,1,25,9,1,72,91,0,1,0,0,0,0,0
10163,STU08885,16,64,1,0,1,1,1,29,17,0,98,84,1,2,1,1,1,0,0
10164,STU08886,16,64,1,0,1,1,1,29,18,1,56,62,1,1,2,2,0,1,0
10165,STU08887,16,64,1,0,1,1,1,24,8,1,51,82,1,0,1,1,0,0,0
10166,STU08888,16,64,1,0,1,1,1,29,13,0,61,56,1,2,2,2,0,0,0
10167,STU08889,16,64,2,1,1,1,1,23,2,1,69,67,1,2,2,2,0,0,1
10168,STU08890,16,64,2,1,1,1,1,25,9,1,72,91,0,1,0,0,0,0,0
10169,STU08891,16,64,2,1,1,1,1,29,17,0,98,84,1,2,1,1,1,0,0
10170,STU08892,16,64,2,1,1,1,1,29,18,1,56,62,1,1,2,2,0,1,0
10171,STU08893,16,64,2,1,1,1,1,24,8,1,51,82,1,0,1,1,0,0,0
10172,STU08894,16,64,2,1,1,1,1,29,13,0,61,56,1,2,2,2,0,0,0
10173,STU08895,20,97,2,1,0,1,0,28,3,1,67,44,1,2,3,3,1,0,0
10174,STU08896,20,97,2,1,0,1,0,19,9,0,54,73,1,1,1,1,0,0,0
10175,STU08897,20,97,2,1,1,1,0,28,3,1,67,44,1,2,3,3,1,0,0
10176,STU08898,20,97,2,1,1,1,0,19,9,0,54,73,1,1,1,1,0,0,0
10177,STU08899,20,97,0,1,0,1,0,28,3,1,67,44,1,2,3,3,1,0,0
10178,STU08900,20,97,0,1,0,1,0,19,9,0,54,73,1,1,1,1,0,0,0
10179,STU08901,20,97,2,0,0,1,0,28,3,1,67,44,1,2,3,3,1,0,0
10180,STU08902,20,97,2,0,0,1,0,19,9,0,54,73,1,1,1,1,0,0,0
10181,STU08903,20,97,1,1,0,1,0,28,3,1,67,44,1,2,3,3,1,0,0
10182,STU08904,20,97,1,1,0,1,0,19,9,0,54,73,1,1,1,1,0,0,0
10183,STU08905,20,97,1,1,2,1,0,28,3,1,67,44,1,2,3,3,1,0,0
10184,STU08906,20,97,1,1,2,1,0,19,9,0,54,73,1,1,1,1,0,0,0
10185,STU08907,15,85,1,1,2,1,0,22,13,1,50,44,1,2,3,3,0,0,0
10186,STU08908,15,85,1,1,2,1,0,21,7,1,91,50,1,2,3,3,0,0,0
10187,STU08909,15,85,1,1,2,1,0,24,9,1,95,87,0,2,0,0,0,0,1
10188,STU08910,23,76,1,0,0,0,1,22,14,0,91,90,0,1,0,0,0,1,0
10189,STU08911,23,76,1,1,1,1,1,22,14,0,91,90,0,1,0,0,0,1,0
10191,STU08912,23,76,2,1,0,1,1,22,14,0,91,90,0,1,0,0,0,1,0
10192,STU08913,23,76,2,1,1,1,1,22,14,0,91,90,0,1,0,0,0,1,0
10193,STU08914,23,76,2,0,1,1,1,22,14,0,91,90,0,1,0,0,0,1,0
10194,STU08915,23,76,1,0,2,1,1,22,14,0,91,90,0,1,0,0,0,1,0
10196,STU08916,23,76,1,0,1,1,1,22,14,0,91,90,0,1,0,0,0,1,0
10197,STU08917,19,93,2,0,1,1,0,26,20,0,52,89,0,0,0,0,0,0,1
10198,STU08918,19,93,2,0,1,1,0,21,18,1,57,98,1,1,0,0,0,0,1
10199,STU08919,19,93,2,0,1,1,0,19,7,1,67,46,1,2,3,3,1,0,0
10200,STU08920,19,93,1,1,1,1,0,26,20,0,52,89,0,0,0,0,0,0,1
10201,STU08921,19,93,1,1,1,1,0,21,18,1,57,98,1,1,0,0,0,0,1
10202,STU08922,19,93,1,1,1,1,0,19,7,1,67,46,1,2,3,3,1,0,0
10203,STU08923,19,93,2,1,0,1,0,26,20,0,52,89,0,0,0,0,0,0,1
10204,STU08924,19,93,2,1,0,1,0,21,18,1,57,98,1,1,0,0,0,0,1
10205,STU08925,19,93,2,1,0,1,0,19,7,1,67,46,1,2,3,3,1,0,0
10206,STU08926,19,93,0,1,1,1,0,26,20,0,52,89,0,0,0,0,0,0,1
10207,STU08927,19,93,0,1,1,1,0,21,18,1,57,98,1,1,0,0,0,0,1
10208,STU08928,19,93,0,1,1,1,0,19,7,1,67,46,1,2,3,3,1,0,0
10212,STU08929,19,93,2,0,0,1,0,26,20,0,52,89,0,0,0,0,0,0,1
10213,STU08930,19,93,2,0,0,1,0,21,18,1,57,98,1,1,0,0,0,0,1
10214,STU08931,19,93,2,0,0,1,0,19,7,1,67,46,1,2,3,3,1,0,0
10215,STU08932,30,64,1,0,0,1,0,21,18,1,73,81,1,1,1,1,0,0,1
10217,STU08933,30,64,1,0,1,1,0,21,18,1,73,81,1,1,1,1,0,0,1
10218,STU08934,18,60,1,1,1,1,0,25,14,1,83,68,0,1,2,2,0,0,0
10219,STU08935,18,60,1,1,1,1,0,28,8,1,56,54,0,0,3,3,0,1,0
10220,STU08936,18,60,1,1,1,1,0,18,5,0,58,46,1,0,3,3,0,0,0
10221,STU08937,18,60,1,1,1,1,0,19,15,0,81,100,1,1,0,0,0,1,0
10222,STU08938,23,99,1,0,1,1,1,23,17,1,63,74,0,2,1,1,0,0,0
10223,STU08939,23,99,1,0,1,1,1,18,10,1,55,93,1,0,0,0,0,0,1
10224,STU08940,23,99,1,1,0,1,1,23,17,1,63,74,0,2,1,1,0,0,0
10225,STU08941,23,99,1,1,0,1,1,18,10,1,55,93,1,0,0,0,0,0,1
10226,STU08942,23,99,0,1,2,1,1,23,17,1,63,74,0,2,1,1,0,0,0
10227,STU08943,23,99,0,1,2,1,1,18,10,1,55,93,1,0,0,0,0,0,1
10228,STU08944,23,99,1,1,1,1,1,23,17,1,63,74,0,2,1,1,0,0,0
10229,STU08945,23,99,1,1,1,1,1,18,10,1,55,93,1,0,0,0,0,0,1
10230,STU08946,23,99,2,0,1,0,1,23,17,1,63,74,0,2,1,1,0,0,0
10231,STU08947,23,99,2,0,1,0,1,18,10,1,55,93,1,0,0,0,0,0,1
10232,STU08948,23,99,0,0,1,1,1,23,17,1,63,74,0,2,1,1,0,0,0
10233,STU08949,23,99,0,0,1,1,1,18,10,1,55,93,1,0,0,0,0,0,1
10234,STU08950,11,95,1,0,2,1,1,21,19,1,74,41,1,0,3,3,0,0,1
10235,STU08951,11,95,1,0,2,1,1,29,16,1,68,58,1,2,2,2,1,0,0
10236,STU08952,11,95,1,1,2,1,1,21,19,1,74,41,1,0,3,3,0,0,1
10237,STU08953,11,95,1,1,2,1,1,29,16,1,68,58,1,2,2,2,1,0,0
10238,STU08954,11,95,1,1,0,1,1,21,19,1,74,41,1,0,3,3,0,0,1
10239,STU08955,11,95,1,1,0,1,1,29,16,1,68,58,1,2,2,2,1,0,0
10240,STU08956,13,74,0,1,2,1,0,27,11,1,97,61,1,2,2,2,0,0,1
10241,STU08957,13,74,2,1,0,1,0,27,11,1,97,61,1,2,2,2,0,0,1
10242,STU08958,30,96,2,1,1,0,1,26,20,0,93,85,1,1,0,0,0,1,0
10243,STU08959,30,96,2,1,1,0,1,23,3,0,100,75,1,2,1,1,1,0,0
10244,STU08960,30,96,2,1,1,0,1,29,17,1,97,54,1,0,3,3,0,1,0
10245,STU08961,30,96,2,1,1,0,1,29,7,0,75,44,0,1,3,3,0,1,0
10246,STU08962,30,96,2,1,1,0,1,26,18,1,96,84,0,2,1,1,0,1,0
10247,STU08963,30,96,2,1,1,0,1,19,16,1,67,60,0,2,2,2,0,0,1
10248,STU08964,30,96,0,1,2,0,1,26,20,0,93,85,1,1,0,0,0,1,0
10249,STU08965,30,96,0,1,2,0,1,23,3,0,100,75,1,2,1,1,1,0,0
10250,STU08966,30,96,0,1,2,0,1,29,17,1,97,54,1,0,3,3,0,1,0
10251,STU08967,30,96,0,1,2,0,1,29,7,0,75,44,0,1,3,3,0,1,0
10252,STU08968,30,96,0,1,2,0,1,26,18,1,96,84,0,2,1,1,0,1,0
10253,STU08969,30,96,0,1,2,0,1,19,16,1,67,60,0,2,2,2,0,0,1
10254,STU08970,33,93,2,1,0,1,0,23,4,1,54,63,1,2,2,2,0,1,0
10255,STU08971,33,93,2,1,0,1,0,29,16,0,90,99,1,2,0,0,0,0,0
10256,STU08972,33,93,2,1,0,1,0,27,5,1,70,44,1,1,3,3,0,0,1
10257,STU08973,33,93,2,1,0,1,0,20,1,0,52,67,1,2,2,2,0,1,0
10258,STU08974,33,93,1,1,2,1,0,23,4,1,54,63,1,2,2,2,0,1,0
10259,STU08975,33,93,1,1,2,1,0,29,16,0,90,99,1,2,0,0,0,0,0
10260,STU08976,33,93,1,1,2,1,0,27,5,1,70,44,1,1,3,3,0,0,1
10261,STU08977,33,93,1,1,2,1,0,20,1,0,52,67,1,2,2,2,0,1,0
10262,STU08978,33,93,1,0,1,1,0,23,4,1,54,63,1,2,2,2,0,1,0
10263,STU08979,33,93,1,0,1,1,0,29,16,0,90,99,1,2,0,0,0,0,0
10264,STU08980,33,93,1,0,1,1,0,27,5,1,70,44,1,1,3,3,0,0,1
10265,STU08981,33,93,1,0,1,1,0,20,1,0,52,67,1,2,2,2,0,1,0
10266,STU08982,17,89,1,1,2,1,0,26,14,0,56,97,1,2,0,0,0,1,0
10267,STU08983,17,89,0,1,1,0,0,26,14,0,56,97,1,2,0,0,0,1,0
10268,STU08984,17,89,1,0,1,1,0,26,14,0,56,97,1,2,0,0,0,1,0
10270,STU08985,17,89,1,1,1,1,0,26,14,0,56,97,1,2,0,0,0,1,0
10271,STU08986,16,69,1,1,1,1,1,18,16,1,62,64,1,2,2,2,0,1,0
10272,STU08987,16,69,1,1,1,1,1,20,12,1,80,56,1,2,2,2,0,0,0
10273,STU08988,16,69,2,1,1,1,1,18,16,1,62,64,1,2,2,2,0,1,0
10274,STU08989,16,69,2,1,1,1,1,20,12,1,80,56,1,2,2,2,0,0,0
10277,STU08990,16,69,1,0,0,1,1,18,16,1,62,64,1,2,2,2,0,1,0
10278,STU08991,16,69,1,0,0,1,1,20,12,1,80,56,1,2,2,2,0,0,0
10279,STU08992,8,99,2,1,2,1,1,23,2,0,71,66,1,0,2,2,1,0,0
10280,STU08993,8,99,2,1,2,1,1,18,13,0,53,54,1,2,3,3,0,1,0
10281,STU08994,8,99,2,1,2,1,1,22,6,0,59,52,1,2,3,3,0,0,0
10282,STU08995,8,99,2,1,2,1,1,27,13,0,82,44,1,2,3,3,0,0,1
10283,STU08996,21,62,2,0,1,1,0,28,13,0,97,94,1,1,0,0,0,1,0
10284,STU08997,21,62,1,0,0,1,0,28,13,0,97,94,1,1,0,0,0,1,0
10285,STU08998,21,62,0,1,1,1,0,28,13,0,97,94,1,1,0,0,0,1,0
10286,STU08999,21,62,0,1,0,1,0,28,13,0,97,94,1,1,0,0,0,1,0
10287,STU09000,21,62,0,0,1,1,0,28,13,0,97,94,1,1,0,0,0,1,0
10288,STU09001,21,62,1,1,1,1,0,28,13,0,97,94,1,1,0,0,0,1,0
10289,STU09002,21,62,2,1,0,0,0,28,13,0,97,94,1,1,0,0,0,1,0
10290,STU09003,21,62,1,0,1,1,0,28,13,0,97,94,1,1,0,0,0,1,0
10291,STU09004,27,88,0,0,2,1,0,29,18,1,90,46,1,2,3,3,0,0,1
10292,STU09005,27,88,0,0,2,1,0,21,20,1,86,88,1,2,0,0,0,0,0
10293,STU09006,27,88,1,1,1,1,0,29,18,1,90,46,1,2,3,3,0,0,1
10294,STU09007,27,88,1,1,1,1,0,21,20,1,86,88,1,2,0,0,0,0,0
10295,STU09008,27,88,2,1,1,1,0,29,18,1,90,46,1,2,3,3,0,0,1
10296,STU09009,27,88,2,1,1,1,0,21,20,1,86,88,1,2,0,0,0,0,0
10297,STU09010,27,88,2,0,1,1,0,29,18,1,90,46,1,2,3,3,0,0,1
10298,STU09011,27,88,2,0,1,1,0,21,20,1,86,88,1,2,0,0,0,0,0
10299,STU09012,13,82,1,0,2,1,1,22,8,1,79,87,1,2,0,0,0,0,1
10300,STU09013,13,82,2,0,0,1,1,22,8,1,79,87,1,2,0,0,0,0,1
10302,STU09014,23,70,2,1,2,1,1,18,0,0,89,81,1,2,1,1,0,1,0
10303,STU09015,23,70,2,1,2,1,1,22,6,1,55,52,1,0,3,3,0,0,1
10304,STU09016,23,70,2,1,2,1,1,26,3,1,54,40,0,2,3,3,0,0,1
10305,STU09017,23,70,1,1,1,1,1,18,0,0,89,81,1,2,1,1,0,1,0
10306,STU09018,23,70,1,1,1,1,1,22,6,1,55,52,1,0,3,3,0,0,1
10307,STU09019,23,70,1,1,1,1,1,26,3,1,54,40,0,2,3,3,0,0,1
10308,STU09020,19,61,1,0,1,1,0,28,10,0,74,43,1,2,3,3,1,0,0
10309,STU09021,19,61,1,0,1,1,0,21,17,1,71,42,1,1,3,3,0,1,0
10310,STU09022,19,61,0,0,1,1,0,28,10,0,74,43,1,2,3,3,1,0,0
10311,STU09023,19,61,0,0,1,1,0,21,17,1,71,42,1,1,3,3,0,1,0
10312,STU09024,19,61,2,1,2,1,0,28,10,0,74,43,1,2,3,3,1,0,0
10313,STU09025,19,61,2,1,2,1,0,21,17,1,71,42,1,1,3,3,0,1,0
10314,STU09026,19,61,0,1,0,0,0,28,10,0,74,43,1,2,3,3,1,0,0
10315,STU09027,19,61,0,1,0,0,0,21,17,1,71,42,1,1,3,3,0,1,0
10316,STU09028,19,61,1,1,0,0,0,28,10,0,74,43,1,2,3,3,1,0,0
10317,STU09029,19,61,1,1,0,0,0,21,17,1,71,42,1,1,3,3,0,1,0
10318,STU09030,19,61,1,0,0,1,0,28,10,0,74,43,1,2,3,3,1,0,0
10319,STU09031,19,61,1,0,0,1,0,21,17,1,71,42,1,1,3,3,0,1,0
10320,STU09032,36,68,1,1,2,1,1,26,6,1,67,88,1,0,0,0,1,0,0
10321,STU09033,36,68,1,1,2,1,1,21,0,0,77,61,0,0,2,2,1,0,0
10322,STU09034,36,68,1,1,2,1,1,21,6,1,67,61,1,2,2,2,0,1,0
10323,STU09035,36,68,1,1,2,1,1,21,5,1,100,63,1,1,2,2,1,0,0
10324,STU09036,11,70,2,0,2,1,1,19,4,0,58,92,1,2,0,0,0,1,0
10325,STU09037,11,70,2,0,2,1,1,18,14,1,84,64,1,2,2,2,0,0,1
10326,STU09038,11,70,2,0,2,1,1,18,6,0,52,93,0,1,0,0,0,0,0
10327,STU09039,22,88,1,1,0,1,1,20,17,1,50,45,1,2,3,3,0,0,1
10328,STU09040,22,88,1,1,0,1,1,18,5,0,100,92,1,2,0,0,0,0,1
10329,STU09041,22,88,1,1,0,1,1,27,8,1,75,46,0,0,3,3,0,0,0
10330,STU09042,22,88,1,1,0,1,1,21,1,0,70,50,1,1,3,3,0,1,0
10331,STU09043,22,88,1,0,1,0,1,20,17,1,50,45,1,2,3,3,0,0,1
10332,STU09044,22,88,1,0,1,0,1,18,5,0,100,92,1,2,0,0,0,0,1
10333,STU09045,22,88,1,0,1,0,1,27,8,1,75,46,0,0,3,3,0,0,0
10334,STU09046,22,88,1,0,1,0,1,21,1,0,70,50,1,1,3,3,0,1,0
10335,STU09047,22,88,1,1,1,1,1,20,17,1,50,45,1,2,3,3,0,0,1
10336,STU09048,22,88,1,1,1,1,1,18,5,0,100,92,1,2,0,0,0,0,1
10337,STU09049,22,88,1,1,1,1,1,27,8,1,75,46,0,0,3,3,0,0,0
10338,STU09050,22,88,1,1,1,1,1,21,1,0,70,50,1,1,3,3,0,1,0
10339,STU09051,22,88,2,1,1,1,1,20,17,1,50,45,1,2,3,3,0,0,1
10340,STU09052,22,88,2,1,1,1,1,18,5,0,100,92,1,2,0,0,0,0,1
10341,STU09053,22,88,2,1,1,1,1,27,8,1,75,46,0,0,3,3,0,0,0
10342,STU09054,22,88,2,1,1,1,1,21,1,0,70,50,1,1,3,3,0,1,0
10351,STU09055,22,88,1,0,0,1,1,20,17,1,50,45,1,2,3,3,0,0,1
10352,STU09056,22,88,1,0,0,1,1,18,5,0,100,92,1,2,0,0,0,0,1
10353,STU09057,22,88,1,0,0,1,1,27,8,1,75,46,0,0,3,3,0,0,0
10354,STU09058,22,88,1,0,0,1,1,21,1,0,70,50,1,1,3,3,0,1,0
10355,STU09059,22,88,0,1,0,1,1,20,17,1,50,45,1,2,3,3,0,0,1
10356,STU09060,22,88,0,1,0,1,1,18,5,0,100,92,1,2,0,0,0,0,1
10357,STU09061,22,88,0,1,0,1,1,27,8,1,75,46,0,0,3,3,0,0,0
10358,STU09062,22,88,0,1,0,1,1,21,1,0,70,50,1,1,3,3,0,1,0
10359,STU09063,18,83,0,0,1,1,0,22,18,0,92,99,0,2,0,0,0,0,1
10360,STU09064,18,83,0,0,1,1,0,28,14,1,55,43,1,2,3,3,1,0,0
10361,STU09065,18,83,0,0,1,1,0,19,4,1,73,48,0,2,3,3,0,0,1
10362,STU09066,18,83,2,1,0,0,0,22,18,0,92,99,0,2,0,0,0,0,1
10363,STU09067,18,83,2,1,0,0,0,28,14,1,55,43,1,2,3,3,1,0,0
10364,STU09068,18,83,2,1,0,0,0,19,4,1,73,48,0,2,3,3,0,0,1
10365,STU09069,18,83,1,0,1,1,0,22,18,0,92,99,0,2,0,0,0,0,1
10366,STU09070,18,83,1,0,1,1,0,28,14,1,55,43,1,2,3,3,1,0,0
10367,STU09071,18,83,1,0,1,1,0,19,4,1,73,48,0,2,3,3,0,0,1
10368,STU09072,18,83,2,0,0,1,0,22,18,0,92,99,0,2,0,0,0,0,1
10369,STU09073,18,83,2,0,0,1,0,28,14,1,55,43,1,2,3,3,1,0,0
10370,STU09074,18,83,2,0,0,1,0,19,4,1,73,48,0,2,3,3,0,0,1
10371,STU09075,20,77,0,0,1,1,1,27,10,0,91,59,1,2,2,2,0,0,0
10372,STU09076,20,77,0,0,1,1,1,24,4,0,75,55,1,1,2,2,0,1,0
10373,STU09077,20,77,0,0,1,1,1,24,9,0,84,100,1,2,0,0,1,0,0
10374,STU09078,20,77,1,0,1,1,1,27,10,0,91,59,1,2,2,2,0,0,0
10375,STU09079,20,77,1,0,1,1,1,24,4,0,75,55,1,1,2,2,0,1,0
10376,STU09080,20,77,1,0,1,1,1,24,9,0,84,100,1,2,0,0,1,0,0
10377,STU09081,20,77,2,1,2,1,1,27,10,0,91,59,1,2,2,2,0,0,0
10378,STU09082,20,77,2,1,2,1,1,24,4,0,75,55,1,1,2,2,0,1,0
10379,STU09083,20,77,2,1,2,1,1,24,9,0,84,100,1,2,0,0,1,0,0
10380,STU09084,20,77,0,1,2,1,1,27,10,0,91,59,1,2,2,2,0,0,0
10381,STU09085,20,77,0,1,2,1,1,24,4,0,75,55,1,1,2,2,0,1,0
10382,STU09086,20,77,0,1,2,1,1,24,9,0,84,100,1,2,0,0,1,0,0
10383,STU09087,20,77,2,0,1,1,1,27,10,0,91,59,1,2,2,2,0,0,0
10384,STU09088,20,77,2,0,1,1,1,24,4,0,75,55,1,1,2,2,0,1,0
10385,STU09089,20,77,2,0,1,1,1,24,9,0,84,100,1,2,0,0,1,0,0
10386,STU09090,20,94,1,1,1,1,0,20,8,0,54,44,1,0,3,3,0,1,0
10387,STU09091,20,94,1,1,0,1,0,20,8,0,54,44,1,0,3,3,0,1,0
10388,STU09092,20,94,2,1,0,1,0,20,8,0,54,44,1,0,3,3,0,1,0
10389,STU09093,20,94,1,1,2,1,0,20,8,0,54,44,1,0,3,3,0,1,0
10390,STU09094,20,94,1,0,1,1,0,20,8,0,54,44,1,0,3,3,0,1,0
10391,STU09095,20,94,1,0,0,1,0,20,8,0,54,44,1,0,3,3,0,1,0
10392,STU09096,20,94,1,0,2,1,0,20,8,0,54,44,1,0,3,3,0,1,0
10393,STU09097,20,94,2,1,2,1,0,20,8,0,54,44,1,0,3,3,0,1,0
10396,STU09098,9,65,2,1,1,1,0,27,17,0,55,56,1,2,2,2,0,1,0
10397,STU09099,9,65,2,1,1,1,0,24,5,1,60,81,1,1,1,1,0,1,0
10398,STU09100,9,65,2,1,1,1,0,19,9,1,56,61,0,2,2,2,0,0,0
10399,STU09101,9,65,2,1,1,1,0,19,12,0,91,57,1,2,2,2,0,0,1
10400,STU09102,9,65,2,1,1,1,0,23,16,0,63,43,1,2,3,3,0,0,0
10401,STU09103,9,65,2,1,1,1,0,27,0,1,61,64,0,0,2,2,0,0,1
10402,STU09104,9,65,2,1,1,1,0,23,2,1,54,99,0,1,0,0,0,1,0
10403,STU09105,28,77,1,1,0,1,0,29,0,1,97,49,0,1,3,3,0,1,0
10404,STU09106,28,77,2,1,0,1,0,29,0,1,97,49,0,1,3,3,0,1,0
10405,STU09107,28,77,1,0,2,1,0,29,0,1,97,49,0,1,3,3,0,1,0
10406,STU09108,39,97,2,1,1,1,0,26,15,0,56,65,1,2,2,2,0,0,1
10407,STU09109,39,97,2,1,1,1,0,28,2,1,93,42,1,2,3,3,0,0,1
10408,STU09110,39,97,2,1,1,1,0,27,1,1,50,42,1,0,3,3,0,0,1
10409,STU09111,39,97,2,1,1,1,0,29,7,1,78,79,1,2,1,1,0,0,0
10410,STU09112,39,97,2,1,1,1,0,22,15,1,55,65,1,2,2,2,0,1,0
10411,STU09113,26,81,2,1,1,1,1,29,4,0,58,41,1,2,3,3,0,0,1
10412,STU09114,26,81,2,1,1,1,1,21,7,0,68,50,1,2,3,3,0,0,0
10413,STU09115,26,81,2,1,1,1,1,29,13,1,82,56,1,1,2,2,0,0,1
10414,STU09116,26,81,1,0,0,1,1,29,4,0,58,41,1,2,3,3,0,0,1
10415,STU09117,26,81,1,0,0,1,1,21,7,0,68,50,1,2,3,3,0,0,0
10416,STU09118,26,81,1,0,0,1,1,29,13,1,82,56,1,1,2,2,0,0,1
10417,STU09119,22,88,1,1,1,1,0,19,6,0,81,43,1,2,3,3,0,1,0
10418,STU09120,22,88,1,1,1,1,0,25,8,0,64,45,1,0,3,3,0,1,0
10419,STU09121,22,88,1,1,1,1,0,24,17,1,84,93,0,2,0,0,1,0,0
10420,STU09122,22,88,0,1,1,1,0,19,6,0,81,43,1,2,3,3,0,1,0
10421,STU09123,22,88,0,1,1,1,0,25,8,0,64,45,1,0,3,3,0,1,0
10422,STU09124,22,88,0,1,1,1,0,24,17,1,84,93,0,2,0,0,1,0,0
10423,STU09125,24,93,1,1,1,0,0,19,19,1,59,63,1,2,2,2,0,0,0
10424,STU09126,24,93,1,1,1,0,0,23,4,0,67,73,1,2,1,1,0,0,1
10425,STU09127,24,93,2,0,1,1,0,19,19,1,59,63,1,2,2,2,0,0,0
10426,STU09128,24,93,2,0,1,1,0,23,4,0,67,73,1,2,1,1,0,0,1
10427,STU09129,24,93,1,1,2,1,0,19,19,1,59,63,1,2,2,2,0,0,0
10428,STU09130,24,93,1,1,2,1,0,23,4,0,67,73,1,2,1,1,0,0,1
10429,STU09131,24,93,1,1,0,1,0,19,19,1,59,63,1,2,2,2,0,0,0
10430,STU09132,24,93,1,1,0,1,0,23,4,0,67,73,1,2,1,1,0,0,1
10431,STU09133,24,93,0,1,1,1,0,19,19,1,59,63,1,2,2,2,0,0,0
10432,STU09134,24,93,0,1,1,1,0,23,4,0,67,73,1,2,1,1,0,0,1
10433,STU09135,24,93,2,0,0,1,0,19,19,1,59,63,1,2,2,2,0,0,0
10434,STU09136,24,93,2,0,0,1,0,23,4,0,67,73,1,2,1,1,0,0,1
10435,STU09137,24,93,2,1,1,1,0,19,19,1,59,63,1,2,2,2,0,0,0
10436,STU09138,24,93,2,1,1,1,0,23,4,0,67,73,1,2,1,1,0,0,1
10437,STU09139,24,93,2,1,0,1,0,19,19,1,59,63,1,2,2,2,0,0,0
10438,STU09140,24,93,2,1,0,1,0,23,4,0,67,73,1,2,1,1,0,0,1
10439,STU09141,27,85,2,0,0,1,1,20,9,1,93,45,1,0,3,3,0,1,0
10440,STU09142,27,85,2,0,0,1,1,21,10,1,99,44,1,2,3,3,1,0,0
10441,STU09143,27,85,1,1,1,1,1,20,9,1,93,45,1,0,3,3,0,1,0
10442,STU09144,27,85,1,1,1,1,1,21,10,1,99,44,1,2,3,3,1,0,0
10443,STU09145,20,60,1,1,0,1,0,28,2,1,97,55,1,2,2,2,0,1,0
10444,STU09146,20,60,1,1,0,1,0,24,17,1,81,57,0,2,2,2,0,0,0
10445,STU09147,20,60,1,1,0,1,0,29,0,0,78,47,1,2,3,3,0,0,1
10446,STU09148,20,60,1,1,0,1,0,28,15,1,82,62,1,2,2,2,1,0,0
10447,STU09149,20,60,1,1,0,1,0,21,0,1,85,53,1,1,3,3,0,0,1
10448,STU09150,20,60,1,1,0,1,0,19,15,1,76,89,1,1,0,0,0,0,0
10449,STU09151,20,60,1,1,1,1,0,28,2,1,97,55,1,2,2,2,0,1,0
10450,STU09152,20,60,1,1,1,1,0,24,17,1,81,57,0,2,2,2,0,0,0
10451,STU09153,20,60,1,1,1,1,0,29,0,0,78,47,1,2,3,3,0,0,1
10452,STU09154,20,60,1,1,1,1,0,28,15,1,82,62,1,2,2,2,1,0,0
10453,STU09155,20,60,1,1,1,1,0,21,0,1,85,53,1,1,3,3,0,0,1
10454,STU09156,20,60,1,1,1,1,0,19,15,1,76,89,1,1,0,0,0,0,0
10455,STU09157,20,60,0,1,1,1,0,28,2,1,97,55,1,2,2,2,0,1,0
10456,STU09158,20,60,0,1,1,1,0,24,17,1,81,57,0,2,2,2,0,0,0
10457,STU09159,20,60,0,1,1,1,0,29,0,0,78,47,1,2,3,3,0,0,1
10458,STU09160,20,60,0,1,1,1,0,28,15,1,82,62,1,2,2,2,1,0,0
10459,STU09161,20,60,0,1,1,1,0,21,0,1,85,53,1,1,3,3,0,0,1
10460,STU09162,20,60,0,1,1,1,0,19,15,1,76,89,1,1,0,0,0,0,0
10461,STU09163,25,79,1,1,1,1,0,19,1,1,87,43,1,2,3,3,0,0,0
10462,STU09164,25,79,1,1,1,1,0,18,15,1,50,59,0,1,2,2,0,1,0
10463,STU09165,25,79,1,1,1,1,0,27,8,1,74,99,0,2,0,0,0,1,0
10464,STU09166,25,79,1,1,1,1,0,29,15,1,100,91,0,1,0,0,0,0,1
10465,STU09167,25,79,1,1,1,1,0,19,2,1,57,73,0,1,1,1,0,0,1
10471,STU09168,25,88,1,1,1,1,0,19,5,1,95,73,1,2,1,1,1,0,0
10472,STU09169,25,88,1,1,1,1,0,29,2,1,100,85,1,2,0,0,0,1,0
10473,STU09170,25,88,0,1,0,1,0,19,5,1,95,73,1,2,1,1,1,0,0
10474,STU09171,25,88,0,1,0,1,0,29,2,1,100,85,1,2,0,0,0,1,0
10475,STU09172,25,88,2,0,1,1,0,19,5,1,95,73,1,2,1,1,1,0,0
10476,STU09173,25,88,2,0,1,1,0,29,2,1,100,85,1,2,0,0,0,1,0
10477,STU09174,25,88,2,1,1,1,0,19,5,1,95,73,1,2,1,1,1,0,0
10478,STU09175,25,88,2,1,1,1,0,29,2,1,100,85,1,2,0,0,0,1,0
10479,STU09176,25,88,1,1,0,1,0,19,5,1,95,73,1,2,1,1,1,0,0
10480,STU09177,25,88,1,1,0,1,0,29,2,1,100,85,1,2,0,0,0,1,0
10481,STU09178,27,70,1,0,2,1,0,22,9,1,69,62,0,1,2,2,0,1,0
10482,STU09179,27,70,1,0,2,1,0,23,6,1,62,66,0,0,2,2,0,0,0
10483,STU09180,27,70,1,0,0,1,0,22,9,1,69,62,0,1,2,2,0,1,0
10484,STU09181,27,70,1,0,0,1,0,23,6,1,62,66,0,0,2,2,0,0,0
10485,STU09182,24,94,0,0,1,1,1,26,6,0,87,81,1,1,1,1,0,0,1
10486,STU09183,24,94,0,0,1,1,1,25,8,1,90,40,1,1,3,3,0,1,0
10487,STU09184,24,94,1,0,1,1,1,26,6,0,87,81,1,1,1,1,0,0,1
10488,STU09185,24,94,1,0,1,1,1,25,8,1,90,40,1,1,3,3,0,1,0
10489,STU09186,24,94,1,0,0,1,1,26,6,0,87,81,1,1,1,1,0,0,1
10490,STU09187,24,94,1,0,0,1,1,25,8,1,90,40,1,1,3,3,0,1,0
10491,STU09188,22,96,2,1,0,1,1,19,20,1,68,72,1,1,1,1,0,0,0
10492,STU09189,22,96,2,1,0,1,1,20,2,0,67,41,1,2,3,3,0,0,0
10493,STU09190,22,96,0,0,2,1,1,19,20,1,68,72,1,1,1,1,0,0,0
10494,STU09191,22,96,0,0,2,1,1,20,2,0,67,41,1,2,3,3,0,0,0
10495,STU09192,22,96,2,1,2,1,1,19,20,1,68,72,1,1,1,1,0,0,0
10496,STU09193,22,96,2,1,2,1,1,20,2,0,67,41,1,2,3,3,0,0,0
10497,STU09194,22,96,2,0,1,0,1,19,20,1,68,72,1,1,1,1,0,0,0
10498,STU09195,22,96,2,0,1,0,1,20,2,0,67,41,1,2,3,3,0,0,0
10499,STU09196,15,99,1,1,1,1,1,27,2,1,89,81,1,2,1,1,0,0,0
10500,STU09197,15,99,1,1,1,1,1,29,10,1,61,48,1,1,3,3,0,0,0
10501,STU09198,15,99,1,1,1,1,1,21,13,1,62,61,0,0,2,2,1,0,0
10502,STU09199,15,99,2,1,2,1,1,27,2,1,89,81,1,2,1,1,0,0,0
10503,STU09200,15,99,2,1,2,1,1,29,10,1,61,48,1,1,3,3,0,0,0
10504,STU09201,15,99,2,1,2,1,1,21,13,1,62,61,0,0,2,2,1,0,0
10505,STU09202,15,99,2,1,2,0,1,27,2,1,89,81,1,2,1,1,0,0,0
10506,STU09203,15,99,2,1,2,0,1,29,10,1,61,48,1,1,3,3,0,0,0
10507,STU09204,15,99,2,1,2,0,1,21,13,1,62,61,0,0,2,2,1,0,0
10508,STU09205,15,99,1,1,0,1,1,27,2,1,89,81,1,2,1,1,0,0,0
10509,STU09206,15,99,1,1,0,1,1,29,10,1,61,48,1,1,3,3,0,0,0
10510,STU09207,15,99,1,1,0,1,1,21,13,1,62,61,0,0,2,2,1,0,0
10514,STU09208,15,99,1,0,0,1,1,27,2,1,89,81,1,2,1,1,0,0,0
10515,STU09209,15,99,1,0,0,1,1,29,10,1,61,48,1,1,3,3,0,0,0
10516,STU09210,15,99,1,0,0,1,1,21,13,1,62,61,0,0,2,2,1,0,0
10517,STU09211,19,82,1,0,1,1,0,26,7,0,72,83,1,1,1,1,1,0,0
10518,STU09212,19,82,1,0,1,1,0,19,1,1,78,69,1,1,2,2,0,0,0
10519,STU09213,19,82,1,0,1,1,0,18,3,0,78,76,1,1,1,1,0,1,0
10520,STU09214,19,82,1,1,2,1,0,26,7,0,72,83,1,1,1,1,1,0,0
10521,STU09215,19,82,1,1,2,1,0,19,1,1,78,69,1,1,2,2,0,0,0
10522,STU09216,19,82,1,1,2,1,0,18,3,0,78,76,1,1,1,1,0,1,0
10523,STU09217,19,82,1,0,0,1,0,26,7,0,72,83,1,1,1,1,1,0,0
10524,STU09218,19,82,1,0,0,1,0,19,1,1,78,69,1,1,2,2,0,0,0
10525,STU09219,19,82,1,0,0,1,0,18,3,0,78,76,1,1,1,1,0,1,0
10526,STU09220,19,82,0,0,1,1,0,26,7,0,72,83,1,1,1,1,1,0,0
10527,STU09221,19,82,0,0,1,1,0,19,1,1,78,69,1,1,2,2,0,0,0
10528,STU09222,19,82,0,0,1,1,0,18,3,0,78,76,1,1,1,1,0,1,0
10529,STU09223,19,82,1,1,0,1,0,26,7,0,72,83,1,1,1,1,1,0,0
10530,STU09224,19,82,1,1,0,1,0,19,1,1,78,69,1,1,2,2,0,0,0
10531,STU09225,19,82,1,1,0,1,0,18,3,0,78,76,1,1,1,1,0,1,0
10532,STU09226,19,82,2,0,1,1,0,26,7,0,72,83,1,1,1,1,1,0,0
10533,STU09227,19,82,2,0,1,1,0,19,1,1,78,69,1,1,2,2,0,0,0
10534,STU09228,19,82,2,0,1,1,0,18,3,0,78,76,1,1,1,1,0,1,0
10535,STU09229,9,62,2,1,0,1,0,28,0,1,55,74,1,1,1,1,1,0,0
10536,STU09230,9,62,2,1,0,1,0,18,7,0,79,67,1,2,2,2,0,0,0
10537,STU09231,10,67,1,0,1,0,1,24,17,0,96,98,0,2,0,0,0,0,0
10538,STU09232,10,67,1,0,1,0,1,24,9,1,78,73,0,2,1,1,0,0,0
10539,STU09233,10,67,1,1,1,1,1,24,17,0,96,98,0,2,0,0,0,0,0
10540,STU09234,10,67,1,1,1,1,1,24,9,1,78,73,0,2,1,1,0,0,0
10541,STU09235,15,66,1,0,1,1,0,26,5,1,92,63,1,0,2,2,0,0,0
10542,STU09236,15,66,1,0,1,1,0,27,19,1,74,48,1,2,3,3,0,0,0
10543,STU09237,15,66,1,0,1,1,0,18,0,0,73,55,0,2,2,2,0,0,0
10544,STU09238,15,66,2,1,2,1,0,26,5,1,92,63,1,0,2,2,0,0,0
10545,STU09239,15,66,2,1,2,1,0,27,19,1,74,48,1,2,3,3,0,0,0
10546,STU09240,15,66,2,1,2,1,0,18,0,0,73,55,0,2,2,2,0,0,0
10547,STU09241,15,66,1,0,0,1,0,26,5,1,92,63,1,0,2,2,0,0,0
10548,STU09242,15,66,1,0,0,1,0,27,19,1,74,48,1,2,3,3,0,0,0
10549,STU09243,15,66,1,0,0,1,0,18,0,0,73,55,0,2,2,2,0,0,0
10550,STU09244,25,99,0,0,0,1,0,27,18,1,54,76,0,1,1,1,1,0,0
10551,STU09245,25,99,0,0,0,1,0,19,0,1,61,74,1,1,1,1,0,1,0
10552,STU09246,25,99,0,0,0,1,0,25,9,0,55,93,1,0,0,0,0,1,0
10553,STU09247,25,99,0,0,0,1,0,27,7,0,87,90,1,2,0,0,0,1,0
10554,STU09248,25,99,2,0,0,0,0,27,18,1,54,76,0,1,1,1,1,0,0
10555,STU09249,25,99,2,0,0,0,0,19,0,1,61,74,1,1,1,1,0,1,0
10556,STU09250,25,99,2,0,0,0,0,25,9,0,55,93,1,0,0,0,0,1,0
10557,STU09251,25,99,2,0,0,0,0,27,7,0,87,90,1,2,0,0,0,1,0
10558,STU09252,25,99,1,1,1,1,0,27,18,1,54,76,0,1,1,1,1,0,0
10559,STU09253,25,99,1,1,1,1,0,19,0,1,61,74,1,1,1,1,0,1,0
10560,STU09254,25,99,1,1,1,1,0,25,9,0,55,93,1,0,0,0,0,1,0
10561,STU09255,25,99,1,1,1,1,0,27,7,0,87,90,1,2,0,0,0,1,0
10562,STU09256,25,99,1,0,1,1,0,27,18,1,54,76,0,1,1,1,1,0,0
10563,STU09257,25,99,1,0,1,1,0,19,0,1,61,74,1,1,1,1,0,1,0
10564,STU09258,25,99,1,0,1,1,0,25,9,0,55,93,1,0,0,0,0,1,0
10565,STU09259,25,99,1,0,1,1,0,27,7,0,87,90,1,2,0,0,0,1,0
10570,STU09260,8,84,2,0,1,1,1,24,12,0,60,100,0,1,0,0,0,0,1
10571,STU09261,8,84,2,0,1,1,1,27,19,0,80,85,1,1,0,0,1,0,0
10572,STU09262,8,84,2,0,1,1,1,28,4,1,97,97,0,0,0,0,1,0,0
10573,STU09263,8,84,2,0,1,1,1,25,9,0,68,43,1,2,3,3,0,0,1
10574,STU09264,8,84,0,1,0,1,1,24,12,0,60,100,0,1,0,0,0,0,1
10575,STU09265,8,84,0,1,0,1,1,27,19,0,80,85,1,1,0,0,1,0,0
10576,STU09266,8,84,0,1,0,1,1,28,4,1,97,97,0,0,0,0,1,0,0
10577,STU09267,8,84,0,1,0,1,1,25,9,0,68,43,1,2,3,3,0,0,1
10578,STU09268,13,66,1,1,1,1,1,19,16,0,96,87,1,2,0,0,1,0,0
10579,STU09269,13,66,1,1,1,1,1,29,10,1,95,67,1,1,2,2,1,0,0
10580,STU09270,13,66,1,1,1,1,1,23,0,0,60,54,1,0,3,3,0,1,0
10584,STU09271,13,66,1,1,0,1,1,19,16,0,96,87,1,2,0,0,1,0,0
10585,STU09272,13,66,1,1,0,1,1,29,10,1,95,67,1,1,2,2,1,0,0
10586,STU09273,13,66,1,1,0,1,1,23,0,0,60,54,1,0,3,3,0,1,0
10590,STU09274,13,66,2,0,0,1,1,19,16,0,96,87,1,2,0,0,1,0,0
10591,STU09275,13,66,2,0,0,1,1,29,10,1,95,67,1,1,2,2,1,0,0
10592,STU09276,13,66,2,0,0,1,1,23,0,0,60,54,1,0,3,3,0,1,0
10593,STU09277,22,91,1,1,0,1,0,23,17,1,68,52,0,1,3,3,1,0,0
10594,STU09278,22,91,1,1,0,1,0,20,11,0,64,98,1,1,0,0,0,0,0
10595,STU09279,22,91,0,1,1,1,0,23,17,1,68,52,0,1,3,3,1,0,0
10596,STU09280,22,91,0,1,1,1,0,20,11,0,64,98,1,1,0,0,0,0,0
10597,STU09281,22,91,1,1,1,0,0,23,17,1,68,52,0,1,3,3,1,0,0
10598,STU09282,22,91,1,1,1,0,0,20,11,0,64,98,1,1,0,0,0,0,0
10599,STU09283,22,91,1,0,0,1,0,23,17,1,68,52,0,1,3,3,1,0,0
10600,STU09284,22,91,1,0,0,1,0,20,11,0,64,98,1,1,0,0,0,0,0
10601,STU09285,22,91,1,1,2,1,0,23,17,1,68,52,0,1,3,3,1,0,0
10602,STU09286,22,91,1,1,2,1,0,20,11,0,64,98,1,1,0,0,0,0,0
10603,STU09287,22,91,1,0,1,1,0,23,17,1,68,52,0,1,3,3,1,0,0
10604,STU09288,22,91,1,0,1,1,0,20,11,0,64,98,1,1,0,0,0,0,0
10605,STU09289,28,69,2,0,0,1,0,25,18,0,77,62,1,1,2,2,0,1,0
10606,STU09290,28,69,1,0,1,1,0,25,18,0,77,62,1,1,2,2,0,1,0
10607,STU09291,28,69,1,0,2,1,0,25,18,0,77,62,1,1,2,2,0,1,0
10608,STU09292,31,88,0,0,1,1,1,21,15,0,74,67,1,2,2,2,0,0,1
10609,STU09293,31,88,0,0,1,1,1,26,4,0,100,53,1,0,3,3,1,0,0
10610,STU09294,31,88,0,0,1,1,1,25,6,1,88,98,1,1,0,0,0,1,0
10611,STU09295,31,88,1,1,0,1,1,21,15,0,74,67,1,2,2,2,0,0,1
10612,STU09296,31,88,1,1,0,1,1,26,4,0,100,53,1,0,3,3,1,0,0
10613,STU09297,31,88,1,1,0,1,1,25,6,1,88,98,1,1,0,0,0,1,0
10614,STU09298,31,88,2,0,1,1,1,21,15,0,74,67,1,2,2,2,0,0,1
10615,STU09299,31,88,2,0,1,1,1,26,4,0,100,53,1,0,3,3,1,0,0
10616,STU09300,31,88,2,0,1,1,1,25,6,1,88,98,1,1,0,0,0,1,0
10617,STU09301,23,73,2,0,1,1,1,19,17,0,86,44,0,1,3,3,0,0,0
10618,STU09302,23,73,2,0,1,1,1,24,15,0,57,75,1,2,1,1,0,1,0
10619,STU09303,23,73,2,0,1,1,1,28,14,1,94,98,1,1,0,0,1,0,0
10620,STU09304,23,73,2,0,1,1,1,19,12,0,79,51,1,1,3,3,1,0,0
10621,STU09305,23,73,1,0,1,1,1,19,17,0,86,44,0,1,3,3,0,0,0
10622,STU09306,23,73,1,0,1,1,1,24,15,0,57,75,1,2,1,1,0,1,0
10623,STU09307,23,73,1,0,1,1,1,28,14,1,94,98,1,1,0,0,1,0,0
10624,STU09308,23,73,1,0,1,1,1,19,12,0,79,51,1,1,3,3,1,0,0
10633,STU09309,37,94,1,1,2,1,1,20,6,0,61,91,1,2,0,0,1,0,0
10634,STU09310,12,71,1,1,1,1,1,20,8,0,67,65,1,2,2,2,1,0,0
10635,STU09311,12,71,1,1,1,1,1,18,18,0,56,67,0,1,2,2,0,0,0
10636,STU09312,12,71,1,1,1,1,1,19,4,1,75,56,0,2,2,2,0,0,0
10637,STU09313,12,71,0,0,1,1,1,20,8,0,67,65,1,2,2,2,1,0,0
10638,STU09314,12,71,0,0,1,1,1,18,18,0,56,67,0,1,2,2,0,0,0
10639,STU09315,12,71,0,0,1,1,1,19,4,1,75,56,0,2,2,2,0,0,0
10640,STU09316,12,71,1,0,1,1,1,20,8,0,67,65,1,2,2,2,1,0,0
10641,STU09317,12,71,1,0,1,1,1,18,18,0,56,67,0,1,2,2,0,0,0
10642,STU09318,12,71,1,0,1,1,1,19,4,1,75,56,0,2,2,2,0,0,0
10643,STU09319,17,76,0,0,0,1,1,24,5,1,53,47,0,0,3,3,0,0,1
10644,STU09320,17,76,2,1,0,1,1,24,5,1,53,47,0,0,3,3,0,0,1
10645,STU09321,17,76,2,0,1,1,1,24,5,1,53,47,0,0,3,3,0,0,1
10646,STU09322,17,76,1,0,0,0,1,24,5,1,53,47,0,0,3,3,0,0,1
10647,STU09323,17,76,1,0,1,1,1,24,5,1,53,47,0,0,3,3,0,0,1
10648,STU09324,21,100,1,0,1,1,1,19,1,0,83,87,1,1,0,0,1,0,0
10649,STU09325,21,100,1,0,1,1,1,23,1,1,97,89,0,2,0,0,0,0,0
10650,STU09326,21,100,1,0,0,1,1,19,1,0,83,87,1,1,0,0,1,0,0
10651,STU09327,21,100,1,0,0,1,1,23,1,1,97,89,0,2,0,0,0,0,0
10654,STU09328,25,89,2,0,0,1,0,23,18,1,77,78,1,2,1,1,0,0,1
10655,STU09329,25,89,2,0,0,1,0,27,9,0,61,92,0,1,0,0,1,0,0
10656,STU09330,25,89,2,0,0,1,0,25,14,1,63,59,1,1,2,2,1,0,0
10657,STU09331,25,89,0,1,1,1,0,23,18,1,77,78,1,2,1,1,0,0,1
10658,STU09332,25,89,0,1,1,1,0,27,9,0,61,92,0,1,0,0,1,0,0
10659,STU09333,25,89,0,1,1,1,0,25,14,1,63,59,1,1,2,2,1,0,0
10660,STU09334,22,93,1,0,1,1,0,23,7,1,51,51,1,0,3,3,0,0,1
10661,STU09335,22,93,1,0,1,1,0,20,12,1,73,77,1,2,1,1,1,0,0
10662,STU09336,22,93,1,0,1,1,0,19,4,1,93,51,1,1,3,3,0,1,0
10663,STU09337,22,93,1,0,1,1,0,24,17,1,60,50,1,1,3,3,0,0,1
10664,STU09338,22,93,1,0,1,1,0,18,13,1,89,89,0,2,0,0,0,1,0
10665,STU09339,22,93,1,1,1,1,0,23,7,1,51,51,1,0,3,3,0,0,1
10666,STU09340,22,93,1,1,1,1,0,20,12,1,73,77,1,2,1,1,1,0,0
10667,STU09341,22,93,1,1,1,1,0,19,4,1,93,51,1,1,3,3,0,1,0
10668,STU09342,22,93,1,1,1,1,0,24,17,1,60,50,1,1,3,3,0,0,1
10669,STU09343,22,93,1,1,1,1,0,18,13,1,89,89,0,2,0,0,0,1,0
10675,STU09344,22,93,2,0,0,1,0,23,7,1,51,51,1,0,3,3,0,0,1
10676,STU09345,22,93,2,0,0,1,0,20,12,1,73,77,1,2,1,1,1,0,0
10677,STU09346,22,93,2,0,0,1,0,19,4,1,93,51,1,1,3,3,0,1,0
10678,STU09347,22,93,2,0,0,1,0,24,17,1,60,50,1,1,3,3,0,0,1
10679,STU09348,22,93,2,0,0,1,0,18,13,1,89,89,0,2,0,0,0,1,0
10685,STU09349,5,70,2,1,1,1,1,19,2,1,67,76,1,2,1,1,0,0,0
10686,STU09350,5,70,2,1,1,1,1,28,2,1,58,86,1,2,0,0,0,0,1
10687,STU09351,5,70,2,1,1,1,1,21,16,0,64,79,1,1,1,1,0,0,1
10688,STU09352,5,70,2,1,1,1,1,22,13,1,95,99,1,2,0,0,0,1,0
10689,STU09353,5,70,2,1,1,1,1,28,12,0,89,97,0,1,0,0,0,0,1
10690,STU09354,29,61,1,1,2,1,1,24,6,1,66,76,0,2,1,1,1,0,0
10691,STU09355,29,61,1,1,2,1,1,19,6,1,97,78,1,2,1,1,0,1,0
10692,STU09356,29,61,2,0,1,1,1,24,6,1,66,76,0,2,1,1,1,0,0
10693,STU09357,29,61,2,0,1,1,1,19,6,1,97,78,1,2,1,1,0,1,0
10694,STU09358,26,80,2,1,1,1,0,28,5,1,63,54,0,0,3,3,1,0,0
10695,STU09359,21,99,2,1,1,1,0,26,18,1,99,52,1,1,3,3,0,1,0
10696,STU09360,21,99,2,1,1,1,0,18,18,1,50,45,1,2,3,3,0,0,1
10697,STU09361,21,99,0,1,0,1,0,26,18,1,99,52,1,1,3,3,0,1,0
10698,STU09362,21,99,0,1,0,1,0,18,18,1,50,45,1,2,3,3,0,0,1
10699,STU09363,21,99,0,1,1,1,0,26,18,1,99,52,1,1,3,3,0,1,0
10700,STU09364,21,99,0,1,1,1,0,18,18,1,50,45,1,2,3,3,0,0,1
10701,STU09365,21,99,2,0,2,1,0,26,18,1,99,52,1,1,3,3,0,1,0
10702,STU09366,21,99,2,0,2,1,0,18,18,1,50,45,1,2,3,3,0,0,1
10703,STU09367,21,99,0,0,0,1,0,26,18,1,99,52,1,1,3,3,0,1,0
10704,STU09368,21,99,0,0,0,1,0,18,18,1,50,45,1,2,3,3,0,0,1
10705,STU09369,21,99,1,1,0,1,0,26,18,1,99,52,1,1,3,3,0,1,0
10706,STU09370,21,99,1,1,0,1,0,18,18,1,50,45,1,2,3,3,0,0,1
10707,STU09371,24,77,1,1,1,1,1,19,5,1,96,74,1,1,1,1,0,1,0
10708,STU09372,24,77,1,1,1,1,1,21,8,1,56,76,0,2,1,1,0,1,0
10711,STU09373,24,77,1,1,0,1,1,19,5,1,96,74,1,1,1,1,0,1,0
10712,STU09374,24,77,1,1,0,1,1,21,8,1,56,76,0,2,1,1,0,1,0
10713,STU09375,24,77,1,0,2,1,1,19,5,1,96,74,1,1,1,1,0,1,0
10714,STU09376,24,77,1,0,2,1,1,21,8,1,56,76,0,2,1,1,0,1,0
10715,STU09377,24,77,2,1,0,1,1,19,5,1,96,74,1,1,1,1,0,1,0
10716,STU09378,24,77,2,1,0,1,1,21,8,1,56,76,0,2,1,1,0,1,0
10719,STU09379,24,77,2,1,2,1,1,19,5,1,96,74,1,1,1,1,0,1,0
10720,STU09380,24,77,2,1,2,1,1,21,8,1,56,76,0,2,1,1,0,1,0
10721,STU09381,24,77,1,1,2,1,1,19,5,1,96,74,1,1,1,1,0,1,0
10722,STU09382,24,77,1,1,2,1,1,21,8,1,56,76,0,2,1,1,0,1,0
10725,STU09383,24,77,0,1,0,1,1,19,5,1,96,74,1,1,1,1,0,1,0
10726,STU09384,24,77,0,1,0,1,1,21,8,1,56,76,0,2,1,1,0,1,0
10727,STU09385,24,77,2,1,1,1,1,19,5,1,96,74,1,1,1,1,0,1,0
10728,STU09386,24,77,2,1,1,1,1,21,8,1,56,76,0,2,1,1,0,1,0
10729,STU09387,24,77,0,1,2,1,1,19,5,1,96,74,1,1,1,1,0,1,0
10730,STU09388,24,77,0,1,2,1,1,21,8,1,56,76,0,2,1,1,0,1,0
10731,STU09389,24,94,1,1,0,1,0,19,0,1,67,46,0,1,3,3,0,1,0
10732,STU09390,24,94,1,1,0,1,0,25,8,0,76,66,1,1,2,2,0,0,0
10733,STU09391,24,94,1,1,0,1,0,27,1,0,81,40,0,1,3,3,1,0,0
10734,STU09392,24,94,0,1,2,0,0,19,0,1,67,46,0,1,3,3,0,1,0
10735,STU09393,24,94,0,1,2,0,0,25,8,0,76,66,1,1,2,2,0,0,0
10736,STU09394,24,94,0,1,2,0,0,27,1,0,81,40,0,1,3,3,1,0,0
10737,STU09395,24,94,1,0,2,1,0,19,0,1,67,46,0,1,3,3,0,1,0
10738,STU09396,24,94,1,0,2,1,0,25,8,0,76,66,1,1,2,2,0,0,0
10739,STU09397,24,94,1,0,2,1,0,27,1,0,81,40,0,1,3,3,1,0,0
10740,STU09398,11,92,2,1,1,1,0,27,4,0,51,91,1,2,0,0,1,0,0
10741,STU09399,11,92,1,1,2,1,0,27,4,0,51,91,1,2,0,0,1,0,0
10742,STU09400,11,92,1,0,1,1,0,27,4,0,51,91,1,2,0,0,1,0,0
10743,STU09401,6,65,2,0,1,0,1,26,17,0,98,78,1,0,1,1,0,0,1
10744,STU09402,6,65,2,0,1,0,1,29,2,1,92,40,1,2,3,3,0,1,0
10745,STU09403,17,72,2,1,0,1,0,22,20,0,53,93,1,0,0,0,0,1,0
10746,STU09404,17,72,2,1,0,1,0,21,16,0,64,79,0,2,1,1,0,1,0
10747,STU09405,17,72,1,0,0,1,0,22,20,0,53,93,1,0,0,0,0,1,0
10748,STU09406,17,72,1,0,0,1,0,21,16,0,64,79,0,2,1,1,0,1,0
10751,STU09407,29,74,1,1,2,1,0,27,10,1,85,42,1,1,3,3,1,0,0
10752,STU09408,29,74,1,1,2,1,0,29,12,1,53,47,0,2,3,3,0,1,0
10753,STU09409,29,74,1,1,2,1,0,26,2,1,92,98,1,1,0,0,0,0,1
10754,STU09410,29,74,1,0,0,1,0,27,10,1,85,42,1,1,3,3,1,0,0
10755,STU09411,29,74,1,0,0,1,0,29,12,1,53,47,0,2,3,3,0,1,0
10756,STU09412,29,74,1,0,0,1,0,26,2,1,92,98,1,1,0,0,0,0,1
10757,STU09413,29,74,1,0,1,1,0,27,10,1,85,42,1,1,3,3,1,0,0
10758,STU09414,29,74,1,0,1,1,0,29,12,1,53,47,0,2,3,3,0,1,0
10759,STU09415,29,74,1,0,1,1,0,26,2,1,92,98,1,1,0,0,0,0,1
10760,STU09416,29,74,2,1,1,1,0,27,10,1,85,42,1,1,3,3,1,0,0
10761,STU09417,29,74,2,1,1,1,0,29,12,1,53,47,0,2,3,3,0,1,0
10762,STU09418,29,74,2,1,1,1,0,26,2,1,92,98,1,1,0,0,0,0,1
10763,STU09419,24,91,1,1,0,1,0,23,16,0,53,83,1,0,1,1,0,0,0
10764,STU09420,24,91,1,1,0,1,0,29,13,0,99,40,1,1,3,3,1,0,0
10765,STU09421,24,91,1,1,0,1,0,21,3,1,63,58,1,2,2,2,0,0,0
10766,STU09422,24,91,0,1,2,1,0,23,16,0,53,83,1,0,1,1,0,0,0
10767,STU09423,24,91,0,1,2,1,0,29,13,0,99,40,1,1,3,3,1,0,0
10768,STU09424,24,91,0,1,2,1,0,21,3,1,63,58,1,2,2,2,0,0,0
10769,STU09425,24,91,2,1,1,1,0,23,16,0,53,83,1,0,1,1,0,0,0
10770,STU09426,24,91,2,1,1,1,0,29,13,0,99,40,1,1,3,3,1,0,0
10771,STU09427,24,91,2,1,1,1,0,21,3,1,63,58,1,2,2,2,0,0,0
10772,STU09428,26,62,1,1,1,1,0,20,19,1,82,97,1,1,0,0,0,1,0
10773,STU09429,26,62,0,1,0,1,0,20,19,1,82,97,1,1,0,0,0,1,0
10774,STU09430,26,62,1,0,1,1,0,20,19,1,82,97,1,1,0,0,0,1,0
10775,STU09431,11,85,1,1,0,1,0,29,6,1,61,83,1,0,1,1,1,0,0
10776,STU09432,11,85,1,1,0,1,0,18,0,1,50,90,1,2,0,0,0,0,1
10777,STU09433,11,85,0,0,0,0,0,29,6,1,61,83,1,0,1,1,1,0,0
10778,STU09434,11,85,0,0,0,0,0,18,0,1,50,90,1,2,0,0,0,0,1
10779,STU09435,15,69,1,1,0,0,1,24,19,1,96,78,1,2,1,1,1,0,0
10780,STU09436,15,69,1,1,0,0,1,23,16,1,56,100,1,1,0,0,0,0,1
10781,STU09437,15,69,1,0,1,1,1,24,19,1,96,78,1,2,1,1,1,0,0
10782,STU09438,15,69,1,0,1,1,1,23,16,1,56,100,1,1,0,0,0,0,1
10783,STU09439,15,69,2,0,0,1,1,24,19,1,96,78,1,2,1,1,1,0,0
10784,STU09440,15,69,2,0,0,1,1,23,16,1,56,100,1,1,0,0,0,0,1
10785,STU09441,15,69,1,1,0,1,1,24,19,1,96,78,1,2,1,1,1,0,0
10786,STU09442,15,69,1,1,0,1,1,23,16,1,56,100,1,1,0,0,0,0,1
10787,STU09443,27,66,2,0,0,1,0,22,14,0,89,68,1,2,2,2,0,0,1
10788,STU09444,27,66,2,0,0,1,0,26,8,1,54,66,1,0,2,2,0,0,0
10789,STU09445,27,66,2,0,0,1,0,23,9,0,85,54,1,1,3,3,0,0,1
10790,STU09446,27,66,2,0,0,1,0,24,11,1,93,40,1,2,3,3,0,1,0
10791,STU09447,13,84,1,1,2,1,0,24,10,0,76,93,1,2,0,0,0,1,0
10792,STU09448,13,84,1,0,0,0,0,24,10,0,76,93,1,2,0,0,0,1,0
10794,STU09449,15,81,1,1,1,1,1,26,11,1,81,78,1,0,1,1,0,1,0
10795,STU09450,15,81,1,1,1,1,1,29,5,1,85,94,0,2,0,0,0,0,1
10796,STU09451,15,81,1,1,1,1,1,27,3,0,92,83,0,1,1,1,1,0,0
10797,STU09452,15,81,1,1,1,1,1,21,19,1,92,76,1,2,1,1,0,1,0
10798,STU09453,15,81,1,1,1,1,1,26,10,1,77,49,0,1,3,3,0,1,0
10799,STU09454,15,81,0,1,0,1,1,26,11,1,81,78,1,0,1,1,0,1,0
10800,STU09455,15,81,0,1,0,1,1,29,5,1,85,94,0,2,0,0,0,0,1
10801,STU09456,15,81,0,1,0,1,1,27,3,0,92,83,0,1,1,1,1,0,0
10802,STU09457,15,81,0,1,0,1,1,21,19,1,92,76,1,2,1,1,0,1,0
10803,STU09458,15,81,0,1,0,1,1,26,10,1,77,49,0,1,3,3,0,1,0
10809,STU09459,18,72,2,1,1,1,0,26,5,0,63,47,1,0,3,3,0,0,0
10810,STU09460,18,72,2,1,1,1,0,22,11,1,79,63,0,2,2,2,0,0,0
10811,STU09461,18,72,1,1,1,1,0,26,5,0,63,47,1,0,3,3,0,0,0
10812,STU09462,18,72,1,1,1,1,0,22,11,1,79,63,0,2,2,2,0,0,0
10813,STU09463,18,72,2,1,2,1,0,26,5,0,63,47,1,0,3,3,0,0,0
10814,STU09464,18,72,2,1,2,1,0,22,11,1,79,63,0,2,2,2,0,0,0
10817,STU09465,18,72,1,1,2,0,0,26,5,0,63,47,1,0,3,3,0,0,0
10818,STU09466,18,72,1,1,2,0,0,22,11,1,79,63,0,2,2,2,0,0,0
10819,STU09467,24,61,1,1,1,1,0,21,7,1,57,56,0,1,2,2,0,0,1
10820,STU09468,24,61,1,1,1,1,0,29,16,1,66,58,1,0,2,2,0,0,0
10821,STU09469,24,61,1,1,0,1,0,21,7,1,57,56,0,1,2,2,0,0,1
10822,STU09470,24,61,1,1,0,1,0,29,16,1,66,58,1,0,2,2,0,0,0
10823,STU09471,24,61,1,0,1,1,0,21,7,1,57,56,0,1,2,2,0,0,1
10824,STU09472,24,61,1,0,1,1,0,29,16,1,66,58,1,0,2,2,0,0,0
10825,STU09473,24,61,1,0,0,1,0,21,7,1,57,56,0,1,2,2,0,0,1
10826,STU09474,24,61,1,0,0,1,0,29,16,1,66,58,1,0,2,2,0,0,0
10827,STU09475,19,71,1,0,1,1,1,29,5,0,53,85,0,2,0,0,0,1,0
10828,STU09476,19,71,1,0,1,1,1,19,8,1,84,66,0,1,2,2,1,0,0
10829,STU09477,19,71,2,1,2,1,1,29,5,0,53,85,0,2,0,0,0,1,0
10830,STU09478,19,71,2,1,2,1,1,19,8,1,84,66,0,1,2,2,1,0,0
10831,STU09479,34,65,1,1,2,1,1,19,13,1,76,94,1,0,0,0,0,0,0
10832,STU09480,34,65,1,1,2,1,1,27,10,0,58,56,1,0,2,2,0,0,0
10833,STU09481,34,65,1,1,2,1,1,22,2,1,54,70,0,2,1,1,0,0,1
10834,STU09482,24,95,2,1,1,1,0,24,9,1,55,51,1,2,3,3,0,0,1
10835,STU09483,24,95,2,1,1,1,0,20,0,1,62,73,1,2,1,1,0,0,0
10836,STU09484,24,95,2,1,1,1,0,29,3,0,62,72,0,0,1,1,1,0,0
10837,STU09485,24,95,0,0,0,1,0,24,9,1,55,51,1,2,3,3,0,0,1
10838,STU09486,24,95,0,0,0,1,0,20,0,1,62,73,1,2,1,1,0,0,0
10839,STU09487,24,95,0,0,0,1,0,29,3,0,62,72,0,0,1,1,1,0,0
10840,STU09488,24,95,0,1,2,1,0,24,9,1,55,51,1,2,3,3,0,0,1
10841,STU09489,24,95,0,1,2,1,0,20,0,1,62,73,1,2,1,1,0,0,0
10842,STU09490,24,95,0,1,2,1,0,29,3,0,62,72,0,0,1,1,1,0,0
10843,STU09491,18,77,1,1,0,1,1,29,6,0,78,76,1,2,1,1,0,1,0
10844,STU09492,18,77,1,1,0,1,1,24,15,0,97,66,1,1,2,2,0,0,0
10847,STU09493,18,77,1,0,1,1,1,29,6,0,78,76,1,2,1,1,0,1,0
10848,STU09494,18,77,1,0,1,1,1,24,15,0,97,66,1,1,2,2,0,0,0
10849,STU09495,18,77,0,0,2,1,1,29,6,0,78,76,1,2,1,1,0,1,0
10850,STU09496,18,77,0,0,2,1,1,24,15,0,97,66,1,1,2,2,0,0,0
10851,STU09497,18,77,1,1,1,1,1,29,6,0,78,76,1,2,1,1,0,1,0
10852,STU09498,18,77,1,1,1,1,1,24,15,0,97,66,1,1,2,2,0,0,0
10853,STU09499,17,91,0,1,0,1,0,18,10,1,61,41,0,1,3,3,0,0,0
10854,STU09500,17,91,1,1,2,1,0,18,10,1,61,41,0,1,3,3,0,0,0
10855,STU09501,17,91,2,0,2,1,0,18,10,1,61,41,0,1,3,3,0,0,0
10856,STU09502,29,63,2,1,1,1,0,19,13,1,64,88,1,1,0,0,1,0,0
10857,STU09503,13,96,1,0,1,1,0,25,11,1,77,92,1,1,0,0,0,0,1
10858,STU09504,13,96,1,0,1,1,0,24,7,1,95,100,1,0,0,0,1,0,0
10859,STU09505,13,96,1,0,1,1,0,23,20,1,80,54,0,1,3,3,1,0,0
10860,STU09506,13,96,1,0,1,1,0,27,18,1,52,61,1,2,2,2,0,1,0
10861,STU09507,13,96,1,0,1,1,0,25,0,0,86,84,0,2,1,1,0,1,0
10867,STU09508,10,73,2,1,0,1,0,18,7,1,97,71,1,2,1,1,1,0,0
10868,STU09509,10,73,2,1,0,1,0,25,10,0,89,87,1,1,0,0,0,1,0
10869,STU09510,10,73,2,1,0,1,0,23,11,0,56,73,1,2,1,1,0,0,0
10870,STU09511,10,79,1,0,2,0,0,23,0,0,53,69,1,1,2,2,0,0,0
10871,STU09512,10,79,1,0,2,0,0,21,1,0,55,76,1,2,1,1,1,0,0
10872,STU09513,10,79,1,0,2,0,0,19,9,1,97,79,1,2,1,1,0,0,1
10873,STU09514,18,98,2,1,0,1,0,23,14,0,84,66,0,0,2,2,1,0,0
10874,STU09515,18,98,1,1,1,1,0,23,14,0,84,66,0,0,2,2,1,0,0
10875,STU09516,18,98,1,1,0,1,0,23,14,0,84,66,0,0,2,2,1,0,0
10876,STU09517,28,72,1,1,0,0,1,18,20,0,55,68,0,1,2,2,0,1,0
10877,STU09518,28,72,1,1,0,0,1,20,17,0,81,76,0,2,1,1,0,0,0
10878,STU09519,28,72,1,1,0,0,1,19,9,1,93,97,0,2,0,0,0,0,1
10879,STU09520,28,72,1,1,0,0,1,21,17,1,91,59,1,0,2,2,0,0,1
10880,STU09521,28,72,2,0,0,1,1,18,20,0,55,68,0,1,2,2,0,1,0
10881,STU09522,28,72,2,0,0,1,1,20,17,0,81,76,0,2,1,1,0,0,0
10882,STU09523,28,72,2,0,0,1,1,19,9,1,93,97,0,2,0,0,0,0,1
10883,STU09524,28,72,2,0,0,1,1,21,17,1,91,59,1,0,2,2,0,0,1
10884,STU09525,28,72,1,1,1,1,1,18,20,0,55,68,0,1,2,2,0,1,0
10885,STU09526,28,72,1,1,1,1,1,20,17,0,81,76,0,2,1,1,0,0,0
10886,STU09527,28,72,1,1,1,1,1,19,9,1,93,97,0,2,0,0,0,0,1
10887,STU09528,28,72,1,1,1,1,1,21,17,1,91,59,1,0,2,2,0,0,1
10888,STU09529,13,77,1,1,0,1,0,23,9,0,91,78,0,2,1,1,0,0,1
10889,STU09530,13,77,2,0,0,1,0,23,9,0,91,78,0,2,1,1,0,0,1
10890,STU09531,23,83,1,1,0,1,1,21,4,1,91,84,1,2,1,1,1,0,0
10891,STU09532,23,83,1,1,0,1,1,19,13,0,84,74,1,2,1,1,1,0,0
10892,STU09533,23,83,1,1,0,1,1,18,9,1,76,67,1,0,2,2,0,0,0
10893,STU09534,23,83,2,1,0,1,1,21,4,1,91,84,1,2,1,1,1,0,0
10894,STU09535,23,83,2,1,0,1,1,19,13,0,84,74,1,2,1,1,1,0,0
10895,STU09536,23,83,2,1,0,1,1,18,9,1,76,67,1,0,2,2,0,0,0
10896,STU09537,23,83,0,0,1,1,1,21,4,1,91,84,1,2,1,1,1,0,0
10897,STU09538,23,83,0,0,1,1,1,19,13,0,84,74,1,2,1,1,1,0,0
10898,STU09539,23,83,0,0,1,1,1,18,9,1,76,67,1,0,2,2,0,0,0
10899,STU09540,23,83,1,0,1,1,1,21,4,1,91,84,1,2,1,1,1,0,0
10900,STU09541,23,83,1,0,1,1,1,19,13,0,84,74,1,2,1,1,1,0,0
10901,STU09542,23,83,1,0,1,1,1,18,9,1,76,67,1,0,2,2,0,0,0
10902,STU09543,27,83,2,1,1,1,1,29,2,1,65,41,0,2,3,3,0,0,0
10903,STU09544,27,83,1,1,1,1,1,29,2,1,65,41,0,2,3,3,0,0,0
10904,STU09545,27,83,0,0,1,1,1,29,2,1,65,41,0,2,3,3,0,0,0
10905,STU09546,23,99,1,0,0,1,0,18,19,1,80,50,1,1,3,3,0,0,0
10906,STU09547,23,99,2,0,2,1,0,18,19,1,80,50,1,1,3,3,0,0,0
10907,STU09548,23,99,1,0,2,1,0,18,19,1,80,50,1,1,3,3,0,0,0
10908,STU09549,15,62,2,0,1,1,1,25,7,0,50,90,1,1,0,0,0,1,0
10909,STU09550,15,62,2,0,1,1,1,28,19,1,67,82,1,1,1,1,0,0,0
10910,STU09551,15,62,2,0,0,1,1,25,7,0,50,90,1,1,0,0,0,1,0
10911,STU09552,15,62,2,0,0,1,1,28,19,1,67,82,1,1,1,1,0,0,0
10912,STU09553,33,88,0,0,1,1,1,19,9,0,58,57,1,2,2,2,0,0,0
10913,STU09554,33,88,0,0,1,1,1,22,2,1,91,75,0,0,1,1,0,0,0
10914,STU09555,33,88,0,0,1,1,1,21,13,0,78,98,1,1,0,0,0,0,0
10915,STU09556,10,94,1,1,2,1,1,21,0,0,60,88,0,1,0,0,0,1,0
10916,STU09557,10,94,0,0,1,1,1,21,0,0,60,88,0,1,0,0,0,1,0
10917,STU09558,10,94,1,0,0,1,1,21,0,0,60,88,0,1,0,0,0,1,0
10918,STU09559,10,94,2,0,1,1,1,21,0,0,60,88,0,1,0,0,0,1,0
10919,STU09560,32,97,0,1,0,1,0,26,9,1,72,86,1,2,0,0,0,0,0
10920,STU09561,32,97,0,1,0,1,0,25,7,1,77,83,1,0,1,1,0,0,0
10921,STU09562,32,97,0,1,0,1,0,21,12,0,94,85,1,0,0,0,0,0,0
10922,STU09563,32,97,0,1,0,1,0,28,7,1,50,79,1,2,1,1,0,0,0
10923,STU09564,32,97,1,1,1,1,0,26,9,1,72,86,1,2,0,0,0,0,0
10924,STU09565,32,97,1,1,1,1,0,25,7,1,77,83,1,0,1,1,0,0,0
10925,STU09566,32,97,1,1,1,1,0,21,12,0,94,85,1,0,0,0,0,0,0
10926,STU09567,32,97,1,1,1,1,0,28,7,1,50,79,1,2,1,1,0,0,0
10927,STU09568,19,85,2,0,0,1,1,19,9,1,83,61,0,1,2,2,0,0,1
10928,STU09569,19,85,2,0,0,1,1,27,15,1,100,94,1,0,0,0,1,0,0
10929,STU09570,19,85,1,0,0,1,1,19,9,1,83,61,0,1,2,2,0,0,1
10930,STU09571,19,85,1,0,0,1,1,27,15,1,100,94,1,0,0,0,1,0,0
10935,STU09572,19,85,1,1,2,1,1,19,9,1,83,61,0,1,2,2,0,0,1
10936,STU09573,19,85,1,1,2,1,1,27,15,1,100,94,1,0,0,0,1,0,0
10937,STU09574,28,74,1,1,0,1,0,28,11,1,57,68,1,1,2,2,1,0,0
10938,STU09575,28,74,1,1,0,1,0,25,5,1,79,99,1,2,0,0,0,1,0
10939,STU09576,28,74,1,0,0,1,0,28,11,1,57,68,1,1,2,2,1,0,0
10940,STU09577,28,74,1,0,0,1,0,25,5,1,79,99,1,2,0,0,0,1,0
10941,STU09578,7,96,1,1,1,1,0,21,5,0,51,74,0,0,1,1,0,0,1
10942,STU09579,7,96,1,1,1,1,0,29,16,1,79,76,0,2,1,1,1,0,0
10943,STU09580,11,99,2,1,2,0,1,18,19,0,88,73,0,1,1,1,0,0,0
10944,STU09581,11,99,0,1,1,1,1,18,19,0,88,73,0,1,1,1,0,0,0
10945,STU09582,11,99,1,1,2,1,1,18,19,0,88,73,0,1,1,1,0,0,0
10946,STU09583,18,96,0,0,1,1,1,28,8,0,94,55,0,2,2,2,0,1,0
10947,STU09584,18,96,0,0,1,1,1,26,10,1,77,97,1,2,0,0,0,0,0
10948,STU09585,18,96,0,0,1,1,1,21,5,1,64,95,1,2,0,0,1,0,0
10949,STU09586,18,96,2,0,2,1,1,28,8,0,94,55,0,2,2,2,0,1,0
10950,STU09587,18,96,2,0,2,1,1,26,10,1,77,97,1,2,0,0,0,0,0
10951,STU09588,18,96,2,0,2,1,1,21,5,1,64,95,1,2,0,0,1,0,0
10952,STU09589,18,96,2,1,1,1,1,28,8,0,94,55,0,2,2,2,0,1,0
10953,STU09590,18,96,2,1,1,1,1,26,10,1,77,97,1,2,0,0,0,0,0
10954,STU09591,18,96,2,1,1,1,1,21,5,1,64,95,1,2,0,0,1,0,0
10955,STU09592,18,96,2,1,2,1,1,28,8,0,94,55,0,2,2,2,0,1,0
10956,STU09593,18,96,2,1,2,1,1,26,10,1,77,97,1,2,0,0,0,0,0
10957,STU09594,18,96,2,1,2,1,1,21,5,1,64,95,1,2,0,0,1,0,0
10958,STU09595,17,65,1,1,1,1,1,23,17,1,73,54,1,1,3,3,0,1,0
10959,STU09596,17,65,1,1,1,1,1,29,15,1,65,87,0,2,0,0,0,0,1
10960,STU09597,17,65,1,1,0,1,1,23,17,1,73,54,1,1,3,3,0,1,0
10961,STU09598,17,65,1,1,0,1,1,29,15,1,65,87,0,2,0,0,0,0,1
10962,STU09599,17,65,2,0,1,1,1,23,17,1,73,54,1,1,3,3,0,1,0
10963,STU09600,17,65,2,0,1,1,1,29,15,1,65,87,0,2,0,0,0,0,1
10964,STU09601,17,65,1,0,1,1,1,23,17,1,73,54,1,1,3,3,0,1,0
10965,STU09602,17,65,1,0,1,1,1,29,15,1,65,87,0,2,0,0,0,0,1
10968,STU09603,17,65,2,1,0,1,1,23,17,1,73,54,1,1,3,3,0,1,0
10969,STU09604,17,65,2,1,0,1,1,29,15,1,65,87,0,2,0,0,0,0,1
10970,STU09605,24,93,1,1,1,1,1,28,13,1,95,69,0,2,2,2,0,0,1
10971,STU09606,24,93,1,1,1,1,1,19,4,0,50,97,1,2,0,0,0,1,0
10972,STU09607,24,93,1,1,1,1,1,18,8,1,77,90,1,0,0,0,0,0,0
10973,STU09608,24,93,1,1,2,1,1,28,13,1,95,69,0,2,2,2,0,0,1
10974,STU09609,24,93,1,1,2,1,1,19,4,0,50,97,1,2,0,0,0,1,0
10975,STU09610,24,93,1,1,2,1,1,18,8,1,77,90,1,0,0,0,0,0,0
10976,STU09611,24,93,0,1,2,1,1,28,13,1,95,69,0,2,2,2,0,0,1
10977,STU09612,24,93,0,1,2,1,1,19,4,0,50,97,1,2,0,0,0,1,0
10978,STU09613,24,93,0,1,2,1,1,18,8,1,77,90,1,0,0,0,0,0,0
10979,STU09614,24,93,2,1,1,1,1,28,13,1,95,69,0,2,2,2,0,0,1
10980,STU09615,24,93,2,1,1,1,1,19,4,0,50,97,1,2,0,0,0,1,0
10981,STU09616,24,93,2,1,1,1,1,18,8,1,77,90,1,0,0,0,0,0,0
10985,STU09617,10,76,1,1,1,1,0,29,7,1,94,86,1,0,0,0,0,1,0
10986,STU09618,10,76,1,1,1,1,0,28,7,0,100,44,1,1,3,3,0,0,1
10987,STU09619,10,76,1,1,1,1,0,19,12,1,53,54,1,2,3,3,0,0,0
10988,STU09620,10,76,0,1,0,1,0,29,7,1,94,86,1,0,0,0,0,1,0
10989,STU09621,10,76,0,1,0,1,0,28,7,0,100,44,1,1,3,3,0,0,1
10990,STU09622,10,76,0,1,0,1,0,19,12,1,53,54,1,2,3,3,0,0,0
10991,STU09623,23,100,1,1,1,1,1,27,12,0,96,90,1,1,0,0,1,0,0
10992,STU09624,23,100,1,1,1,1,1,19,0,1,71,53,1,2,3,3,0,0,1
10995,STU09625,23,100,0,1,1,1,1,27,12,0,96,90,1,1,0,0,1,0,0
10996,STU09626,23,100,0,1,1,1,1,19,0,1,71,53,1,2,3,3,0,0,1
10997,STU09627,32,79,2,1,1,1,1,25,8,1,50,98,1,1,0,0,0,1,0
10998,STU09628,32,79,2,1,1,1,1,26,20,1,59,64,0,0,2,2,1,0,0
10999,STU09629,31,91,1,1,1,1,1,24,16,1,91,56,0,2,2,2,0,0,1
11000,STU09630,31,91,1,1,1,1,1,26,17,1,96,65,1,2,2,2,0,0,0
11001,STU09631,31,91,1,1,1,1,1,23,11,1,57,60,1,0,2,2,1,0,0
11002,STU09632,31,91,1,1,1,1,1,28,2,0,63,94,1,1,0,0,0,1,0
11003,STU09633,31,91,1,1,1,1,1,21,0,1,91,61,0,2,2,2,0,0,1
11004,STU09634,31,91,1,1,0,1,1,24,16,1,91,56,0,2,2,2,0,0,1
11005,STU09635,31,91,1,1,0,1,1,26,17,1,96,65,1,2,2,2,0,0,0
11006,STU09636,31,91,1,1,0,1,1,23,11,1,57,60,1,0,2,2,1,0,0
11007,STU09637,31,91,1,1,0,1,1,28,2,0,63,94,1,1,0,0,0,1,0
11008,STU09638,31,91,1,1,0,1,1,21,0,1,91,61,0,2,2,2,0,0,1
11009,STU09639,31,91,2,1,2,1,1,24,16,1,91,56,0,2,2,2,0,0,1
11010,STU09640,31,91,2,1,2,1,1,26,17,1,96,65,1,2,2,2,0,0,0
11011,STU09641,31,91,2,1,2,1,1,23,11,1,57,60,1,0,2,2,1,0,0
11012,STU09642,31,91,2,1,2,1,1,28,2,0,63,94,1,1,0,0,0,1,0
11013,STU09643,31,91,2,1,2,1,1,21,0,1,91,61,0,2,2,2,0,0,1
11014,STU09644,29,82,2,0,1,1,1,27,14,1,62,92,1,1,0,0,1,0,0
11015,STU09645,29,82,2,0,0,1,1,27,14,1,62,92,1,1,0,0,1,0,0
11016,STU09646,25,86,0,1,1,1,0,22,12,0,64,42,1,2,3,3,0,0,0
11017,STU09647,22,68,1,1,2,1,0,23,14,0,78,47,1,2,3,3,0,0,0
11018,STU09648,22,68,1,1,2,1,0,19,5,0,83,94,1,2,0,0,1,0,0
11019,STU09649,22,68,1,1,2,1,0,28,14,0,62,58,0,1,2,2,1,0,0
11020,STU09650,22,68,1,1,2,1,0,28,18,1,59,76,1,0,1,1,1,0,0
11021,STU09651,22,68,1,0,2,1,0,23,14,0,78,47,1,2,3,3,0,0,0
11022,STU09652,22,68,1,0,2,1,0,19,5,0,83,94,1,2,0,0,1,0,0
11023,STU09653,22,68,1,0,2,1,0,28,14,0,62,58,0,1,2,2,1,0,0
11024,STU09654,22,68,1,0,2,1,0,28,18,1,59,76,1,0,1,1,1,0,0
11025,STU09655,22,68,1,0,1,1,0,23,14,0,78,47,1,2,3,3,0,0,0
11026,STU09656,22,68,1,0,1,1,0,19,5,0,83,94,1,2,0,0,1,0,0
11027,STU09657,22,68,1,0,1,1,0,28,14,0,62,58,0,1,2,2,1,0,0
11028,STU09658,22,68,1,0,1,1,0,28,18,1,59,76,1,0,1,1,1,0,0
11029,STU09659,33,90,1,1,1,1,1,24,14,0,72,91,0,0,0,0,0,0,1
11030,STU09660,33,90,1,1,1,1,1,20,9,0,86,100,1,0,0,0,0,0,1
11031,STU09661,33,90,1,1,1,1,1,19,1,1,79,53,1,2,3,3,0,0,0
11032,STU09662,33,90,1,1,1,1,1,25,4,0,93,48,1,2,3,3,0,0,0
11033,STU09663,19,74,2,1,1,1,1,27,9,0,65,67,1,2,2,2,0,1,0
11034,STU09664,19,74,2,1,1,1,1,20,18,1,85,83,1,1,1,1,1,0,0
11035,STU09665,19,74,2,0,2,1,1,27,9,0,65,67,1,2,2,2,0,1,0
11036,STU09666,19,74,2,0,2,1,1,20,18,1,85,83,1,1,1,1,1,0,0
11037,STU09667,19,74,0,1,1,0,1,27,9,0,65,67,1,2,2,2,0,1,0
11038,STU09668,19,74,0,1,1,0,1,20,18,1,85,83,1,1,1,1,1,0,0
11039,STU09669,19,74,0,1,2,0,1,27,9,0,65,67,1,2,2,2,0,1,0
11040,STU09670,19,74,0,1,2,0,1,20,18,1,85,83,1,1,1,1,1,0,0
11041,STU09671,19,74,1,0,2,1,1,27,9,0,65,67,1,2,2,2,0,1,0
11042,STU09672,19,74,1,0,2,1,1,20,18,1,85,83,1,1,1,1,1,0,0
11045,STU09673,19,74,1,1,1,1,1,27,9,0,65,67,1,2,2,2,0,1,0
11046,STU09674,19,74,1,1,1,1,1,20,18,1,85,83,1,1,1,1,1,0,0
11049,STU09675,28,80,2,1,0,1,0,19,19,0,50,64,1,2,2,2,0,0,0
11050,STU09676,28,80,2,1,0,1,0,21,1,0,67,91,0,1,0,0,1,0,0
11051,STU09677,28,80,2,0,1,1,0,19,19,0,50,64,1,2,2,2,0,0,0
11052,STU09678,28,80,2,0,1,1,0,21,1,0,67,91,0,1,0,0,1,0,0
11053,STU09679,9,65,1,0,0,1,1,18,11,1,79,45,0,1,3,3,1,0,0
11054,STU09680,9,65,1,0,0,1,1,27,9,1,96,70,0,2,1,1,0,0,0
11055,STU09681,9,65,1,1,1,1,1,18,11,1,79,45,0,1,3,3,1,0,0
11056,STU09682,9,65,1,1,1,1,1,27,9,1,96,70,0,2,1,1,0,0,0
11057,STU09683,8,85,0,1,0,1,1,19,4,1,81,89,1,1,0,0,1,0,0
11058,STU09684,8,85,0,1,0,1,1,24,2,0,64,90,0,2,0,0,1,0,0
11059,STU09685,13,98,2,1,1,1,0,25,5,1,53,46,0,2,3,3,0,1,0
11060,STU09686,13,98,2,1,1,1,0,18,5,0,66,74,1,2,1,1,1,0,0
11061,STU09687,13,98,0,1,1,1,0,25,5,1,53,46,0,2,3,3,0,1,0
11062,STU09688,13,98,0,1,1,1,0,18,5,0,66,74,1,2,1,1,1,0,0
11065,STU09689,24,90,0,1,0,1,0,29,15,0,54,75,1,2,1,1,0,1,0
11066,STU09690,24,90,2,0,2,1,0,29,15,0,54,75,1,2,1,1,0,1,0
11067,STU09691,11,75,1,0,1,1,1,29,10,0,77,93,1,0,0,0,0,1,0
11068,STU09692,11,75,2,1,1,0,1,29,10,0,77,93,1,0,0,0,0,1,0
11069,STU09693,11,79,1,0,0,1,0,28,10,1,69,56,1,2,2,2,0,1,0
11070,STU09694,11,79,1,0,0,1,0,23,4,0,82,43,1,2,3,3,0,1,0
11071,STU09695,11,79,1,0,0,1,0,20,12,0,72,40,1,0,3,3,1,0,0
11072,STU09696,11,79,2,1,1,1,0,28,10,1,69,56,1,2,2,2,0,1,0
11073,STU09697,11,79,2,1,1,1,0,23,4,0,82,43,1,2,3,3,0,1,0
11074,STU09698,11,79,2,1,1,1,0,20,12,0,72,40,1,0,3,3,1,0,0
11075,STU09699,11,79,1,1,1,1,0,28,10,1,69,56,1,2,2,2,0,1,0
11076,STU09700,11,79,1,1,1,1,0,23,4,0,82,43,1,2,3,3,0,1,0
11077,STU09701,11,79,1,1,1,1,0,20,12,0,72,40,1,0,3,3,1,0,0
11078,STU09702,12,69,1,1,0,1,0,23,5,1,86,79,1,2,1,1,0,0,0
11079,STU09703,23,97,2,0,1,1,0,27,17,1,94,50,0,2,3,3,1,0,0
11080,STU09704,23,97,2,0,1,1,0,27,20,1,73,61,0,0,2,2,0,1,0
11081,STU09705,23,97,2,1,1,1,0,27,17,1,94,50,0,2,3,3,1,0,0
11082,STU09706,23,97,2,1,1,1,0,27,20,1,73,61,0,0,2,2,0,1,0
11083,STU09707,23,97,2,0,0,1,0,27,17,1,94,50,0,2,3,3,1,0,0
11084,STU09708,23,97,2,0,0,1,0,27,20,1,73,61,0,0,2,2,0,1,0
11085,STU09709,23,97,1,1,0,1,0,27,17,1,94,50,0,2,3,3,1,0,0
11086,STU09710,23,97,1,1,0,1,0,27,20,1,73,61,0,0,2,2,0,1,0
11087,STU09711,17,62,0,1,0,1,1,26,1,1,67,62,1,2,2,2,0,0,0
11088,STU09712,17,62,1,0,2,1,1,26,1,1,67,62,1,2,2,2,0,0,0
11089,STU09713,17,62,1,1,1,1,1,26,1,1,67,62,1,2,2,2,0,0,0
11090,STU09714,20,78,1,0,1,1,1,19,7,1,78,84,1,2,1,1,0,0,1
11091,STU09715,20,78,1,0,1,1,1,25,11,1,76,74,1,2,1,1,0,0,1
11092,STU09716,20,78,1,0,1,1,1,27,17,1,83,100,1,1,0,0,0,0,1
11093,STU09717,20,78,1,0,1,1,1,26,16,1,51,40,1,2,3,3,1,0,0
11094,STU09718,20,78,1,0,1,1,1,18,3,1,77,96,1,1,0,0,0,0,0
11095,STU09719,20,78,1,0,1,1,1,25,3,1,67,45,0,2,3,3,0,0,1
11096,STU09720,20,78,1,1,0,1,1,19,7,1,78,84,1,2,1,1,0,0,1
11097,STU09721,20,78,1,1,0,1,1,25,11,1,76,74,1,2,1,1,0,0,1
11098,STU09722,20,78,1,1,0,1,1,27,17,1,83,100,1,1,0,0,0,0,1
11099,STU09723,20,78,1,1,0,1,1,26,16,1,51,40,1,2,3,3,1,0,0
11100,STU09724,20,78,1,1,0,1,1,18,3,1,77,96,1,1,0,0,0,0,0
11101,STU09725,20,78,1,1,0,1,1,25,3,1,67,45,0,2,3,3,0,0,1
11102,STU09726,20,78,1,1,1,1,1,19,7,1,78,84,1,2,1,1,0,0,1
11103,STU09727,20,78,1,1,1,1,1,25,11,1,76,74,1,2,1,1,0,0,1
11104,STU09728,20,78,1,1,1,1,1,27,17,1,83,100,1,1,0,0,0,0,1
11105,STU09729,20,78,1,1,1,1,1,26,16,1,51,40,1,2,3,3,1,0,0
11106,STU09730,20,78,1,1,1,1,1,18,3,1,77,96,1,1,0,0,0,0,0
11107,STU09731,20,78,1,1,1,1,1,25,3,1,67,45,0,2,3,3,0,0,1
11108,STU09732,20,78,1,0,2,1,1,19,7,1,78,84,1,2,1,1,0,0,1
11109,STU09733,20,78,1,0,2,1,1,25,11,1,76,74,1,2,1,1,0,0,1
11110,STU09734,20,78,1,0,2,1,1,27,17,1,83,100,1,1,0,0,0,0,1
11111,STU09735,20,78,1,0,2,1,1,26,16,1,51,40,1,2,3,3,1,0,0
11112,STU09736,20,78,1,0,2,1,1,18,3,1,77,96,1,1,0,0,0,0,0
11113,STU09737,20,78,1,0,2,1,1,25,3,1,67,45,0,2,3,3,0,0,1
11114,STU09738,25,95,0,0,0,1,0,28,5,0,67,79,1,2,1,1,0,0,1
11115,STU09739,25,95,2,1,1,1,0,28,5,0,67,79,1,2,1,1,0,0,1
11116,STU09740,16,68,2,1,1,1,1,28,2,1,50,96,1,2,0,0,0,0,1
11117,STU09741,16,68,2,1,1,1,1,24,15,1,60,76,0,1,1,1,1,0,0
11118,STU09742,16,68,2,1,1,1,1,18,17,1,68,46,1,1,3,3,0,0,0
11119,STU09743,16,68,2,1,1,1,1,21,0,1,82,45,0,1,3,3,1,0,0
11120,STU09744,16,68,2,1,1,1,1,20,8,1,96,66,1,2,2,2,1,0,0
11121,STU09745,16,68,1,0,1,1,1,28,2,1,50,96,1,2,0,0,0,0,1
11122,STU09746,16,68,1,0,1,1,1,24,15,1,60,76,0,1,1,1,1,0,0
11123,STU09747,16,68,1,0,1,1,1,18,17,1,68,46,1,1,3,3,0,0,0
11124,STU09748,16,68,1,0,1,1,1,21,0,1,82,45,0,1,3,3,1,0,0
11125,STU09749,16,68,1,0,1,1,1,20,8,1,96,66,1,2,2,2,1,0,0
11126,STU09750,16,68,0,1,1,1,1,28,2,1,50,96,1,2,0,0,0,0,1
11127,STU09751,16,68,0,1,1,1,1,24,15,1,60,76,0,1,1,1,1,0,0
11128,STU09752,16,68,0,1,1,1,1,18,17,1,68,46,1,1,3,3,0,0,0
11129,STU09753,16,68,0,1,1,1,1,21,0,1,82,45,0,1,3,3,1,0,0
11130,STU09754,16,68,0,1,1,1,1,20,8,1,96,66,1,2,2,2,1,0,0
11136,STU09755,16,68,1,1,1,0,1,28,2,1,50,96,1,2,0,0,0,0,1
11137,STU09756,16,68,1,1,1,0,1,24,15,1,60,76,0,1,1,1,1,0,0
11138,STU09757,16,68,1,1,1,0,1,18,17,1,68,46,1,1,3,3,0,0,0
11139,STU09758,16,68,1,1,1,0,1,21,0,1,82,45,0,1,3,3,1,0,0
11140,STU09759,16,68,1,1,1,0,1,20,8,1,96,66,1,2,2,2,1,0,0
11141,STU09760,29,71,1,0,0,1,0,28,12,0,75,76,1,2,1,1,1,0,0
11142,STU09761,29,71,1,0,0,1,0,27,14,1,59,100,1,0,0,0,1,0,0
11143,STU09762,29,71,1,0,0,1,0,20,8,1,74,78,0,0,1,1,0,0,0
11144,STU09763,29,71,1,1,1,1,0,28,12,0,75,76,1,2,1,1,1,0,0
11145,STU09764,29,71,1,1,1,1,0,27,14,1,59,100,1,0,0,0,1,0,0
11146,STU09765,29,71,1,1,1,1,0,20,8,1,74,78,0,0,1,1,0,0,0
11147,STU09766,30,79,2,1,1,1,1,18,12,0,66,49,1,2,3,3,0,0,0
11148,STU09767,26,98,1,1,1,1,0,20,4,0,88,65,1,2,2,2,1,0,0
11149,STU09768,26,98,1,1,1,1,0,21,17,0,95,93,1,2,0,0,0,1,0
11152,STU09769,26,98,0,0,0,1,0,20,4,0,88,65,1,2,2,2,1,0,0
11153,STU09770,26,98,0,0,0,1,0,21,17,0,95,93,1,2,0,0,0,1,0
11156,STU09771,23,78,1,1,1,1,0,27,16,0,89,43,1,2,3,3,0,1,0
11157,STU09772,23,78,1,1,1,1,0,18,18,0,81,100,1,2,0,0,0,0,0
11158,STU09773,23,78,1,1,1,1,0,25,9,0,54,63,1,0,2,2,0,1,0
11159,STU09774,23,78,1,1,1,1,0,29,9,1,93,65,1,2,2,2,1,0,0
11160,STU09775,23,78,1,1,1,1,0,27,19,0,65,70,1,1,1,1,1,0,0
11161,STU09776,23,78,1,1,1,1,0,22,4,0,67,50,1,2,3,3,0,0,1
11162,STU09777,23,78,1,1,1,1,0,19,10,0,89,90,1,0,0,0,0,1,0
11163,STU09778,23,78,1,1,1,1,0,21,11,1,95,51,1,2,3,3,0,0,1
11164,STU09779,23,78,1,1,1,1,0,27,17,1,67,68,1,2,2,2,0,0,0
11165,STU09780,23,78,1,1,2,1,0,27,16,0,89,43,1,2,3,3,0,1,0
11166,STU09781,23,78,1,1,2,1,0,18,18,0,81,100,1,2,0,0,0,0,0
11167,STU09782,23,78,1,1,2,1,0,25,9,0,54,63,1,0,2,2,0,1,0
11168,STU09783,23,78,1,1,2,1,0,29,9,1,93,65,1,2,2,2,1,0,0
11169,STU09784,23,78,1,1,2,1,0,27,19,0,65,70,1,1,1,1,1,0,0
11170,STU09785,23,78,1,1,2,1,0,22,4,0,67,50,1,2,3,3,0,0,1
11171,STU09786,23,78,1,1,2,1,0,19,10,0,89,90,1,0,0,0,0,1,0
11172,STU09787,23,78,1,1,2,1,0,21,11,1,95,51,1,2,3,3,0,0,1
11173,STU09788,23,78,1,1,2,1,0,27,17,1,67,68,1,2,2,2,0,0,0
11174,STU09789,23,78,2,0,1,1,0,27,16,0,89,43,1,2,3,3,0,1,0
11175,STU09790,23,78,2,0,1,1,0,18,18,0,81,100,1,2,0,0,0,0,0
11176,STU09791,23,78,2,0,1,1,0,25,9,0,54,63,1,0,2,2,0,1,0
11177,STU09792,23,78,2,0,1,1,0,29,9,1,93,65,1,2,2,2,1,0,0
11178,STU09793,23,78,2,0,1,1,0,27,19,0,65,70,1,1,1,1,1,0,0
11179,STU09794,23,78,2,0,1,1,0,22,4,0,67,50,1,2,3,3,0,0,1
11180,STU09795,23,78,2,0,1,1,0,19,10,0,89,90,1,0,0,0,0,1,0
11181,STU09796,23,78,2,0,1,1,0,21,11,1,95,51,1,2,3,3,0,0,1
11182,STU09797,23,78,2,0,1,1,0,27,17,1,67,68,1,2,2,2,0,0,0
11192,STU09798,23,78,0,0,2,1,0,27,16,0,89,43,1,2,3,3,0,1,0
11193,STU09799,23,78,0,0,2,1,0,18,18,0,81,100,1,2,0,0,0,0,0
11194,STU09800,23,78,0,0,2,1,0,25,9,0,54,63,1,0,2,2,0,1,0
11195,STU09801,23,78,0,0,2,1,0,29,9,1,93,65,1,2,2,2,1,0,0
11196,STU09802,23,78,0,0,2,1,0,27,19,0,65,70,1,1,1,1,1,0,0
11197,STU09803,23,78,0,0,2,1,0,22,4,0,67,50,1,2,3,3,0,0,1
11198,STU09804,23,78,0,0,2,1,0,19,10,0,89,90,1,0,0,0,0,1,0
11199,STU09805,23,78,0,0,2,1,0,21,11,1,95,51,1,2,3,3,0,0,1
11200,STU09806,23,78,0,0,2,1,0,27,17,1,67,68,1,2,2,2,0,0,0
11201,STU09807,11,70,0,1,0,1,0,22,15,1,94,90,1,1,0,0,0,0,1
11202,STU09808,11,70,2,1,0,1,0,22,15,1,94,90,1,1,0,0,0,0,1
11203,STU09809,11,70,1,0,1,1,0,22,15,1,94,90,1,1,0,0,0,0,1
11204,STU09810,14,63,1,0,0,1,0,23,15,1,52,72,0,1,1,1,0,1,0
11205,STU09811,14,63,2,0,1,1,0,23,15,1,52,72,0,1,1,1,0,1,0
11206,STU09812,14,63,0,1,1,1,0,23,15,1,52,72,0,1,1,1,0,1,0
11207,STU09813,22,68,2,0,2,1,1,25,6,0,75,88,0,2,0,0,0,0,1
11208,STU09814,22,68,0,1,1,1,1,25,6,0,75,88,0,2,0,0,0,0,1
11209,STU09815,22,68,2,1,1,0,1,25,6,0,75,88,0,2,0,0,0,0,1
11210,STU09816,22,68,2,0,1,1,1,25,6,0,75,88,0,2,0,0,0,0,1
11211,STU09817,39,92,1,0,1,1,1,19,16,0,89,81,1,2,1,1,0,0,0
11212,STU09818,39,92,1,0,1,1,1,22,20,0,91,70,1,1,1,1,0,1,0
11213,STU09819,39,92,1,0,1,1,1,23,10,0,83,54,0,1,3,3,0,0,1
11214,STU09820,39,92,1,0,1,1,1,22,13,1,66,40,1,0,3,3,0,1,0
11215,STU09821,39,92,1,0,1,1,1,23,12,1,58,88,1,1,0,0,0,1,0
11216,STU09822,39,92,1,0,1,1,1,24,1,1,62,85,1,2,0,0,1,0,0
11217,STU09823,24,99,1,0,0,1,1,26,8,1,84,55,0,1,2,2,0,0,1
11218,STU09824,24,99,1,0,0,1,1,18,20,0,53,56,1,0,2,2,0,0,0
11219,STU09825,24,99,1,1,1,1,1,26,8,1,84,55,0,1,2,2,0,0,1
11220,STU09826,24,99,1,1,1,1,1,18,20,0,53,56,1,0,2,2,0,0,0
11221,STU09827,24,99,0,1,0,1,1,26,8,1,84,55,0,1,2,2,0,0,1
11222,STU09828,24,99,0,1,0,1,1,18,20,0,53,56,1,0,2,2,0,0,0
11225,STU09829,24,99,1,0,2,1,1,26,8,1,84,55,0,1,2,2,0,0,1
11226,STU09830,24,99,1,0,2,1,1,18,20,0,53,56,1,0,2,2,0,0,0
11227,STU09831,23,89,2,0,0,1,1,18,8,0,56,61,1,0,2,2,0,0,1
11228,STU09832,23,89,2,0,0,1,1,24,20,0,89,100,1,1,0,0,0,0,0
11229,STU09833,23,89,2,0,0,1,1,27,7,1,75,46,1,1,3,3,1,0,0
11230,STU09834,23,89,2,0,0,1,1,25,2,1,76,54,0,0,3,3,0,0,0
11231,STU09835,23,89,2,0,1,1,1,18,8,0,56,61,1,0,2,2,0,0,1
11232,STU09836,23,89,2,0,1,1,1,24,20,0,89,100,1,1,0,0,0,0,0
11233,STU09837,23,89,2,0,1,1,1,27,7,1,75,46,1,1,3,3,1,0,0
11234,STU09838,23,89,2,0,1,1,1,25,2,1,76,54,0,0,3,3,0,0,0
11235,STU09839,23,89,1,0,0,1,1,18,8,0,56,61,1,0,2,2,0,0,1
11236,STU09840,23,89,1,0,0,1,1,24,20,0,89,100,1,1,0,0,0,0,0
11237,STU09841,23,89,1,0,0,1,1,27,7,1,75,46,1,1,3,3,1,0,0
11238,STU09842,23,89,1,0,0,1,1,25,2,1,76,54,0,0,3,3,0,0,0
11239,STU09843,23,89,2,1,0,1,1,18,8,0,56,61,1,0,2,2,0,0,1
11240,STU09844,23,89,2,1,0,1,1,24,20,0,89,100,1,1,0,0,0,0,0
11241,STU09845,23,89,2,1,0,1,1,27,7,1,75,46,1,1,3,3,1,0,0
11242,STU09846,23,89,2,1,0,1,1,25,2,1,76,54,0,0,3,3,0,0,0
11243,STU09847,23,89,2,1,1,1,1,18,8,0,56,61,1,0,2,2,0,0,1
11244,STU09848,23,89,2,1,1,1,1,24,20,0,89,100,1,1,0,0,0,0,0
11245,STU09849,23,89,2,1,1,1,1,27,7,1,75,46,1,1,3,3,1,0,0
11246,STU09850,23,89,2,1,1,1,1,25,2,1,76,54,0,0,3,3,0,0,0
11247,STU09851,23,89,1,0,2,1,1,18,8,0,56,61,1,0,2,2,0,0,1
11248,STU09852,23,89,1,0,2,1,1,24,20,0,89,100,1,1,0,0,0,0,0
11249,STU09853,23,89,1,0,2,1,1,27,7,1,75,46,1,1,3,3,1,0,0
11250,STU09854,23,89,1,0,2,1,1,25,2,1,76,54,0,0,3,3,0,0,0
11251,STU09855,23,89,0,0,1,1,1,18,8,0,56,61,1,0,2,2,0,0,1
11252,STU09856,23,89,0,0,1,1,1,24,20,0,89,100,1,1,0,0,0,0,0
11253,STU09857,23,89,0,0,1,1,1,27,7,1,75,46,1,1,3,3,1,0,0
11254,STU09858,23,89,0,0,1,1,1,25,2,1,76,54,0,0,3,3,0,0,0
11255,STU09859,25,75,2,0,2,1,1,18,17,1,81,63,1,0,2,2,0,0,1
11256,STU09860,25,75,2,0,2,1,1,19,11,0,68,90,1,1,0,0,0,0,1
11257,STU09861,25,75,2,0,2,1,1,21,7,1,67,76,1,2,1,1,0,0,1
11258,STU09862,25,75,2,0,2,1,1,21,13,0,85,79,1,2,1,1,1,0,0
11259,STU09863,25,75,2,0,2,1,1,26,11,1,66,97,1,1,0,0,0,0,0
11260,STU09864,25,75,1,1,0,1,1,18,17,1,81,63,1,0,2,2,0,0,1
11261,STU09865,25,75,1,1,0,1,1,19,11,0,68,90,1,1,0,0,0,0,1
11262,STU09866,25,75,1,1,0,1,1,21,7,1,67,76,1,2,1,1,0,0,1
11263,STU09867,25,75,1,1,0,1,1,21,13,0,85,79,1,2,1,1,1,0,0
11264,STU09868,25,75,1,1,0,1,1,26,11,1,66,97,1,1,0,0,0,0,0
11265,STU09869,25,75,2,1,2,1,1,18,17,1,81,63,1,0,2,2,0,0,1
11266,STU09870,25,75,2,1,2,1,1,19,11,0,68,90,1,1,0,0,0,0,1
11267,STU09871,25,75,2,1,2,1,1,21,7,1,67,76,1,2,1,1,0,0,1
11268,STU09872,25,75,2,1,2,1,1,21,13,0,85,79,1,2,1,1,1,0,0
11269,STU09873,25,75,2,1,2,1,1,26,11,1,66,97,1,1,0,0,0,0,0
11270,STU09874,25,75,0,1,1,1,1,18,17,1,81,63,1,0,2,2,0,0,1
11271,STU09875,25,75,0,1,1,1,1,19,11,0,68,90,1,1,0,0,0,0,1
11272,STU09876,25,75,0,1,1,1,1,21,7,1,67,76,1,2,1,1,0,0,1
11273,STU09877,25,75,0,1,1,1,1,21,13,0,85,79,1,2,1,1,1,0,0
11274,STU09878,25,75,0,1,1,1,1,26,11,1,66,97,1,1,0,0,0,0,0
11275,STU09879,25,75,0,1,2,1,1,18,17,1,81,63,1,0,2,2,0,0,1
11276,STU09880,25,75,0,1,2,1,1,19,11,0,68,90,1,1,0,0,0,0,1
11277,STU09881,25,75,0,1,2,1,1,21,7,1,67,76,1,2,1,1,0,0,1
11278,STU09882,25,75,0,1,2,1,1,21,13,0,85,79,1,2,1,1,1,0,0
11279,STU09883,25,75,0,1,2,1,1,26,11,1,66,97,1,1,0,0,0,0,0
11280,STU09884,25,75,2,1,0,1,1,18,17,1,81,63,1,0,2,2,0,0,1
11281,STU09885,25,75,2,1,0,1,1,19,11,0,68,90,1,1,0,0,0,0,1
11282,STU09886,25,75,2,1,0,1,1,21,7,1,67,76,1,2,1,1,0,0,1
11283,STU09887,25,75,2,1,0,1,1,21,13,0,85,79,1,2,1,1,1,0,0
11284,STU09888,25,75,2,1,0,1,1,26,11,1,66,97,1,1,0,0,0,0,0
11285,STU09889,31,78,2,1,0,1,1,24,16,1,83,62,0,0,2,2,0,0,0
11286,STU09890,31,78,2,1,0,1,1,21,15,1,50,92,0,2,0,0,0,0,0
11287,STU09891,31,78,2,1,0,1,1,21,4,1,100,85,1,0,0,0,0,0,0
11288,STU09892,31,78,2,1,0,1,1,19,17,1,97,84,1,2,1,1,0,0,1
11289,STU09893,31,78,2,1,0,1,1,20,6,1,74,90,1,1,0,0,0,0,1
11290,STU09894,31,78,2,1,0,1,1,18,6,0,92,57,0,0,2,2,0,1,0
11291,STU09895,24,64,1,1,1,1,0,29,6,1,60,92,0,1,0,0,0,0,1
11292,STU09896,24,64,1,1,1,1,0,22,4,1,96,85,1,1,0,0,0,0,0
11293,STU09897,24,64,1,1,1,1,0,21,18,0,92,97,1,2,0,0,0,1,0
11294,STU09898,24,64,1,1,1,1,0,21,11,1,84,42,0,2,3,3,0,0,0
11295,STU09899,25,85,0,1,1,1,1,23,12,1,55,63,1,0,2,2,0,0,0
11296,STU09900,25,85,0,1,1,1,1,28,4,1,71,97,0,1,0,0,0,0,0
11297,STU09901,25,85,1,0,1,1,1,23,12,1,55,63,1,0,2,2,0,0,0
11298,STU09902,25,85,1,0,1,1,1,28,4,1,71,97,0,1,0,0,0,0,0
11299,STU09903,25,85,1,1,1,1,1,23,12,1,55,63,1,0,2,2,0,0,0
11300,STU09904,25,85,1,1,1,1,1,28,4,1,71,97,0,1,0,0,0,0,0
11301,STU09905,16,82,2,1,1,1,1,23,1,1,69,59,1,0,2,2,0,0,1
11302,STU09906,16,82,2,1,1,1,1,26,1,0,85,60,1,1,2,2,0,0,1
11303,STU09907,16,82,2,1,1,1,1,19,18,1,50,81,1,2,1,1,0,1,0
11304,STU09908,16,82,1,1,1,1,1,23,1,1,69,59,1,0,2,2,0,0,1
11305,STU09909,16,82,1,1,1,1,1,26,1,0,85,60,1,1,2,2,0,0,1
11306,STU09910,16,82,1,1,1,1,1,19,18,1,50,81,1,2,1,1,0,1,0
11307,STU09911,16,82,1,1,2,1,1,23,1,1,69,59,1,0,2,2,0,0,1
11308,STU09912,16,82,1,1,2,1,1,26,1,0,85,60,1,1,2,2,0,0,1
11309,STU09913,16,82,1,1,2,1,1,19,18,1,50,81,1,2,1,1,0,1,0
11310,STU09914,16,82,2,0,0,1,1,23,1,1,69,59,1,0,2,2,0,0,1
11311,STU09915,16,82,2,0,0,1,1,26,1,0,85,60,1,1,2,2,0,0,1
11312,STU09916,16,82,2,0,0,1,1,19,18,1,50,81,1,2,1,1,0,1,0
11313,STU09917,16,82,0,0,0,1,1,23,1,1,69,59,1,0,2,2,0,0,1
11314,STU09918,16,82,0,0,0,1,1,26,1,0,85,60,1,1,2,2,0,0,1
11315,STU09919,16,82,0,0,0,1,1,19,18,1,50,81,1,2,1,1,0,1,0
11316,STU09920,16,82,1,0,1,1,1,23,1,1,69,59,1,0,2,2,0,0,1
11317,STU09921,16,82,1,0,1,1,1,26,1,0,85,60,1,1,2,2,0,0,1
11318,STU09922,16,82,1,0,1,1,1,19,18,1,50,81,1,2,1,1,0,1,0
11319,STU09923,16,82,2,1,0,1,1,23,1,1,69,59,1,0,2,2,0,0,1
11320,STU09924,16,82,2,1,0,1,1,26,1,0,85,60,1,1,2,2,0,0,1
11321,STU09925,16,82,2,1,0,1,1,19,18,1,50,81,1,2,1,1,0,1,0
11328,STU09926,23,82,1,0,1,1,0,28,8,1,69,54,1,1,3,3,1,0,0
11329,STU09927,23,82,1,0,1,1,0,23,17,1,61,70,1,2,1,1,0,0,0
11330,STU09928,23,82,0,0,2,1,0,28,8,1,69,54,1,1,3,3,1,0,0
11331,STU09929,23,82,0,0,2,1,0,23,17,1,61,70,1,2,1,1,0,0,0
11332,STU09930,23,82,1,1,1,1,0,28,8,1,69,54,1,1,3,3,1,0,0
11333,STU09931,23,82,1,1,1,1,0,23,17,1,61,70,1,2,1,1,0,0,0
11334,STU09932,25,71,2,1,1,1,0,29,12,1,74,59,1,0,2,2,0,1,0
11335,STU09933,25,71,1,1,0,1,0,29,12,1,74,59,1,0,2,2,0,1,0
11336,STU09934,30,90,1,0,2,1,1,19,0,1,89,97,1,1,0,0,0,1,0
11337,STU09935,20,99,1,0,1,1,1,23,17,1,78,59,1,2,2,2,0,0,0
11338,STU09936,20,99,1,0,1,1,1,25,2,0,78,71,0,0,1,1,0,0,1
11339,STU09937,20,99,0,1,2,1,1,23,17,1,78,59,1,2,2,2,0,0,0
11340,STU09938,20,99,0,1,2,1,1,25,2,0,78,71,0,0,1,1,0,0,1
11341,STU09939,20,99,0,1,0,1,1,23,17,1,78,59,1,2,2,2,0,0,0
11342,STU09940,20,99,0,1,0,1,1,25,2,0,78,71,0,0,1,1,0,0,1
11343,STU09941,20,99,0,0,0,1,1,23,17,1,78,59,1,2,2,2,0,0,0
11344,STU09942,20,99,0,0,0,1,1,25,2,0,78,71,0,0,1,1,0,0,1
11347,STU09943,20,99,1,1,1,1,1,23,17,1,78,59,1,2,2,2,0,0,0
11348,STU09944,20,99,1,1,1,1,1,25,2,0,78,71,0,0,1,1,0,0,1
11351,STU09945,20,99,1,0,2,1,1,23,17,1,78,59,1,2,2,2,0,0,0
11352,STU09946,20,99,1,0,2,1,1,25,2,0,78,71,0,0,1,1,0,0,1
11353,STU09947,24,62,2,0,0,1,0,27,18,1,76,88,1,2,0,0,0,0,1
11354,STU09948,24,62,2,0,0,1,0,29,11,0,50,100,1,2,0,0,1,0,0
11355,STU09949,24,62,2,0,0,1,0,26,16,1,100,78,1,1,1,1,0,0,1
11356,STU09950,24,62,0,1,1,1,0,27,18,1,76,88,1,2,0,0,0,0,1
11357,STU09951,24,62,0,1,1,1,0,29,11,0,50,100,1,2,0,0,1,0,0
11358,STU09952,24,62,0,1,1,1,0,26,16,1,100,78,1,1,1,1,0,0,1
11362,STU09953,24,62,2,1,1,1,0,27,18,1,76,88,1,2,0,0,0,0,1
11363,STU09954,24,62,2,1,1,1,0,29,11,0,50,100,1,2,0,0,1,0,0
11364,STU09955,24,62,2,1,1,1,0,26,16,1,100,78,1,1,1,1,0,0,1
11365,STU09956,24,62,1,0,1,1,0,27,18,1,76,88,1,2,0,0,0,0,1
11366,STU09957,24,62,1,0,1,1,0,29,11,0,50,100,1,2,0,0,1,0,0
11367,STU09958,24,62,1,0,1,1,0,26,16,1,100,78,1,1,1,1,0,0,1
11368,STU09959,11,80,1,1,0,1,1,26,12,1,98,42,1,1,3,3,0,1,0
11369,STU09960,11,80,1,1,0,1,1,29,1,1,79,66,0,2,2,2,0,1,0
11370,STU09961,18,96,1,0,0,1,0,24,6,0,97,42,1,1,3,3,0,0,0
11371,STU09962,18,96,2,0,1,1,0,24,6,0,97,42,1,1,3,3,0,0,0
11372,STU09963,18,96,0,1,1,1,0,24,6,0,97,42,1,1,3,3,0,0,0
11373,STU09964,18,96,1,1,1,1,0,24,6,0,97,42,1,1,3,3,0,0,0
11374,STU09965,18,96,1,1,0,1,0,24,6,0,97,42,1,1,3,3,0,0,0
11376,STU09966,18,96,0,1,0,1,0,24,6,0,97,42,1,1,3,3,0,0,0
11377,STU09967,18,96,0,0,0,1,0,24,6,0,97,42,1,1,3,3,0,0,0
11378,STU09968,23,90,1,1,1,1,1,28,10,0,86,95,0,2,0,0,0,0,1
11379,STU09969,23,90,1,1,1,1,1,18,9,0,70,41,0,2,3,3,1,0,0
11380,STU09970,23,90,1,1,1,1,1,28,0,1,93,44,1,1,3,3,0,0,0
11381,STU09971,23,90,1,1,1,1,1,25,20,1,74,62,1,1,2,2,0,0,1
11382,STU09972,23,90,0,0,0,1,1,28,10,0,86,95,0,2,0,0,0,0,1
11383,STU09973,23,90,0,0,0,1,1,18,9,0,70,41,0,2,3,3,1,0,0
11384,STU09974,23,90,0,0,0,1,1,28,0,1,93,44,1,1,3,3,0,0,0
11385,STU09975,23,90,0,0,0,1,1,25,20,1,74,62,1,1,2,2,0,0,1
11386,STU09976,23,90,1,1,0,1,1,28,10,0,86,95,0,2,0,0,0,0,1
11387,STU09977,23,90,1,1,0,1,1,18,9,0,70,41,0,2,3,3,1,0,0
11388,STU09978,23,90,1,1,0,1,1,28,0,1,93,44,1,1,3,3,0,0,0
11389,STU09979,23,90,1,1,0,1,1,25,20,1,74,62,1,1,2,2,0,0,1
11390,STU09980,23,90,2,1,2,0,1,28,10,0,86,95,0,2,0,0,0,0,1
11391,STU09981,23,90,2,1,2,0,1,18,9,0,70,41,0,2,3,3,1,0,0
11392,STU09982,23,90,2,1,2,0,1,28,0,1,93,44,1,1,3,3,0,0,0
11393,STU09983,23,90,2,1,2,0,1,25,20,1,74,62,1,1,2,2,0,0,1
11394,STU09984,23,90,1,0,0,1,1,28,10,0,86,95,0,2,0,0,0,0,1
11395,STU09985,23,90,1,0,0,1,1,18,9,0,70,41,0,2,3,3,1,0,0
11396,STU09986,23,90,1,0,0,1,1,28,0,1,93,44,1,1,3,3,0,0,0
11397,STU09987,23,90,1,0,0,1,1,25,20,1,74,62,1,1,2,2,0,0,1
11402,STU09988,7,75,2,1,1,1,0,27,6,0,62,47,0,2,3,3,0,0,1
11403,STU09989,7,75,2,1,1,1,0,19,12,0,65,40,1,1,3,3,0,1,0
11404,STU09990,27,68,1,0,1,1,0,26,0,0,74,73,0,2,1,1,0,0,1
11405,STU09991,27,68,1,0,1,1,0,23,18,1,50,52,1,1,3,3,0,0,0
11406,STU09992,27,68,2,0,1,1,0,26,0,0,74,73,0,2,1,1,0,0,1
11407,STU09993,27,68,2,0,1,1,0,23,18,1,50,52,1,1,3,3,0,0,0
11410,STU09994,9,78,1,1,0,1,1,23,3,1,53,83,0,1,1,1,0,0,1
11411,STU09995,9,78,1,1,0,1,1,25,8,1,64,99,0,2,0,0,1,0,0
11412,STU09996,9,78,1,1,0,1,1,22,11,1,62,57,0,2,2,2,0,0,1
11413,STU09997,9,78,1,0,0,1,1,23,3,1,53,83,0,1,1,1,0,0,1
11414,STU09998,9,78,1,0,0,1,1,25,8,1,64,99,0,2,0,0,1,0,0
11415,STU09999,9,78,1,0,0,1,1,22,11,1,62,57,0,2,2,2,0,0,1
11416,STU10000,9,78,2,0,1,1,1,23,3,1,53,83,0,1,1,1,0,0,1
11417,STU10001,9,78,2,0,1,1,1,25,8,1,64,99,0,2,0,0,1,0,0
11418,STU10002,9,78,2,0,1,1,1,22,11,1,62,57,0,2,2,2,0,0,1
11419,STU10003,14,77,2,0,0,1,1,20,2,1,52,83,1,0,1,1,1,0,0
11420,STU10004,14,77,2,0,0,1,1,21,14,0,97,70,1,2,1,1,0,0,1
11421,STU10005,14,77,2,0,0,1,1,23,12,0,68,91,0,0,0,0,0,0,0
11422,STU10006,14,77,2,0,0,1,1,22,18,0,60,59,1,0,2,2,0,0,0
11423,STU10007,14,77,1,1,1,1,1,20,2,1,52,83,1,0,1,1,1,0,0
11424,STU10008,14,77,1,1,1,1,1,21,14,0,97,70,1,2,1,1,0,0,1
11425,STU10009,14,77,1,1,1,1,1,23,12,0,68,91,0,0,0,0,0,0,0
11426,STU10010,14,77,1,1,1,1,1,22,18,0,60,59,1,0,2,2,0,0,0
11427,STU10011,14,77,1,1,0,1,1,20,2,1,52,83,1,0,1,1,1,0,0
11428,STU10012,14,77,1,1,0,1,1,21,14,0,97,70,1,2,1,1,0,0,1
11429,STU10013,14,77,1,1,0,1,1,23,12,0,68,91,0,0,0,0,0,0,0
11430,STU10014,14,77,1,1,0,1,1,22,18,0,60,59,1,0,2,2,0,0,0
11431,STU10015,14,77,2,1,0,1,1,20,2,1,52,83,1,0,1,1,1,0,0
11432,STU10016,14,77,2,1,0,1,1,21,14,0,97,70,1,2,1,1,0,0,1
11433,STU10017,14,77,2,1,0,1,1,23,12,0,68,91,0,0,0,0,0,0,0
11434,STU10018,14,77,2,1,0,1,1,22,18,0,60,59,1,0,2,2,0,0,0
11435,STU10019,14,77,0,0,1,1,1,20,2,1,52,83,1,0,1,1,1,0,0
11436,STU10020,14,77,0,0,1,1,1,21,14,0,97,70,1,2,1,1,0,0,1
11437,STU10021,14,77,0,0,1,1,1,23,12,0,68,91,0,0,0,0,0,0,0
11438,STU10022,14,77,0,0,1,1,1,22,18,0,60,59,1,0,2,2,0,0,0
11443,STU10023,14,77,1,0,2,1,1,20,2,1,52,83,1,0,1,1,1,0,0
11444,STU10024,14,77,1,0,2,1,1,21,14,0,97,70,1,2,1,1,0,0,1
11445,STU10025,14,77,1,0,2,1,1,23,12,0,68,91,0,0,0,0,0,0,0
11446,STU10026,14,77,1,0,2,1,1,22,18,0,60,59,1,0,2,2,0,0,0
11447,STU10027,11,82,0,0,0,1,0,29,9,1,92,49,0,2,3,3,0,1,0
11448,STU10028,11,82,0,0,0,1,0,23,14,0,87,59,1,2,2,2,0,0,1
11449,STU10029,11,82,1,1,1,0,0,29,9,1,92,49,0,2,3,3,0,1,0
11450,STU10030,11,82,1,1,1,0,0,23,14,0,87,59,1,2,2,2,0,0,1
11451,STU10031,11,82,2,0,2,1,0,29,9,1,92,49,0,2,3,3,0,1,0
11452,STU10032,11,82,2,0,2,1,0,23,14,0,87,59,1,2,2,2,0,0,1
11453,STU10033,10,90,1,1,0,1,0,23,8,0,96,98,1,0,0,0,0,1,0
11454,STU10034,10,90,1,1,0,1,0,23,11,1,66,100,1,0,0,0,1,0,0
11455,STU10035,29,85,1,1,2,0,1,28,16,1,89,71,1,2,1,1,0,0,1
11456,STU10036,29,85,1,1,2,0,1,22,17,1,94,50,1,2,3,3,0,0,0
11457,STU10037,29,85,1,1,2,0,1,22,15,0,81,100,1,2,0,0,0,1,0
11458,STU10038,12,74,0,1,0,1,1,22,6,1,93,86,1,2,0,0,0,1,0
11459,STU10039,12,74,1,0,1,1,1,22,6,1,93,86,1,2,0,0,0,1,0
11460,STU10040,12,74,1,0,2,1,1,22,6,1,93,86,1,2,0,0,0,1,0
11461,STU10041,12,74,2,1,2,1,1,22,6,1,93,86,1,2,0,0,0,1,0
11462,STU10042,18,79,1,1,0,1,0,23,12,0,63,65,1,1,2,2,1,0,0
11463,STU10043,18,79,1,1,0,1,0,22,14,1,91,89,1,2,0,0,0,0,0
11464,STU10044,18,79,1,1,0,1,0,21,8,1,71,70,1,0,1,1,1,0,0
11465,STU10045,18,79,1,1,1,1,0,23,12,0,63,65,1,1,2,2,1,0,0
11466,STU10046,18,79,1,1,1,1,0,22,14,1,91,89,1,2,0,0,0,0,0
11467,STU10047,18,79,1,1,1,1,0,21,8,1,71,70,1,0,1,1,1,0,0
11468,STU10048,18,79,1,0,2,1,0,23,12,0,63,65,1,1,2,2,1,0,0
11469,STU10049,18,79,1,0,2,1,0,22,14,1,91,89,1,2,0,0,0,0,0
11470,STU10050,18,79,1,0,2,1,0,21,8,1,71,70,1,0,1,1,1,0,0
11471,STU10051,18,79,1,0,1,0,0,23,12,0,63,65,1,1,2,2,1,0,0
11472,STU10052,18,79,1,0,1,0,0,22,14,1,91,89,1,2,0,0,0,0,0
11473,STU10053,18,79,1,0,1,0,0,21,8,1,71,70,1,0,1,1,1,0,0
11477,STU10054,18,79,2,0,0,1,0,23,12,0,63,65,1,1,2,2,1,0,0
11478,STU10055,18,79,2,0,0,1,0,22,14,1,91,89,1,2,0,0,0,0,0
11479,STU10056,18,79,2,0,0,1,0,21,8,1,71,70,1,0,1,1,1,0,0
11480,STU10057,18,79,2,1,1,1,0,23,12,0,63,65,1,1,2,2,1,0,0
11481,STU10058,18,79,2,1,1,1,0,22,14,1,91,89,1,2,0,0,0,0,0
11482,STU10059,18,79,2,1,1,1,0,21,8,1,71,70,1,0,1,1,1,0,0
11483,STU10060,14,88,1,1,1,1,0,20,5,1,64,65,1,1,2,2,1,0,0
11484,STU10061,14,88,1,1,1,1,0,24,6,1,95,55,1,2,2,2,0,1,0
11485,STU10062,25,92,2,0,1,1,0,18,10,1,63,69,1,2,2,2,0,1,0
11486,STU10063,25,92,2,0,1,1,0,20,19,0,55,40,1,1,3,3,0,0,1
11487,STU10064,25,92,2,0,1,1,0,24,5,1,56,100,1,0,0,0,0,0,1
11488,STU10065,25,92,2,1,1,1,0,18,10,1,63,69,1,2,2,2,0,1,0
11489,STU10066,25,92,2,1,1,1,0,20,19,0,55,40,1,1,3,3,0,0,1
11490,STU10067,25,92,2,1,1,1,0,24,5,1,56,100,1,0,0,0,0,0,1
11491,STU10068,25,92,1,1,1,1,0,18,10,1,63,69,1,2,2,2,0,1,0
11492,STU10069,25,92,1,1,1,1,0,20,19,0,55,40,1,1,3,3,0,0,1
11493,STU10070,25,92,1,1,1,1,0,24,5,1,56,100,1,0,0,0,0,0,1
11494,STU10071,25,92,1,0,2,1,0,18,10,1,63,69,1,2,2,2,0,1,0
11495,STU10072,25,92,1,0,2,1,0,20,19,0,55,40,1,1,3,3,0,0,1
11496,STU10073,25,92,1,0,2,1,0,24,5,1,56,100,1,0,0,0,0,0,1
11497,STU10074,26,68,2,0,0,1,0,19,9,0,94,49,0,2,3,3,0,0,1
11498,STU10075,26,68,2,0,0,1,0,25,7,0,55,60,1,0,2,2,0,1,0
11499,STU10076,26,68,1,1,2,1,0,19,9,0,94,49,0,2,3,3,0,0,1
11500,STU10077,26,68,1,1,2,1,0,25,7,0,55,60,1,0,2,2,0,1,0
11501,STU10078,18,65,1,1,1,1,0,21,14,1,99,81,0,1,1,1,0,0,0
11502,STU10079,18,65,1,1,1,1,0,21,15,1,61,45,1,2,3,3,0,1,0
11503,STU10080,18,65,2,1,0,1,0,21,14,1,99,81,0,1,1,1,0,0,0
11504,STU10081,18,65,2,1,0,1,0,21,15,1,61,45,1,2,3,3,0,1,0
11505,STU10082,12,76,0,1,1,1,0,24,12,0,98,46,1,2,3,3,0,0,1
11506,STU10083,12,76,0,1,1,1,0,28,5,1,78,63,0,2,2,2,0,0,1
11507,STU10084,29,93,2,0,1,1,1,18,4,1,80,70,1,0,1,1,1,0,0
11508,STU10085,29,93,2,0,1,1,1,19,4,1,74,75,1,1,1,1,0,1,0
11509,STU10086,29,93,1,1,1,1,1,18,4,1,80,70,1,0,1,1,1,0,0
11510,STU10087,29,93,1,1,1,1,1,19,4,1,74,75,1,1,1,1,0,1,0
11511,STU10088,29,93,1,1,1,0,1,18,4,1,80,70,1,0,1,1,1,0,0
11512,STU10089,29,93,1,1,1,0,1,19,4,1,74,75,1,1,1,1,0,1,0
11515,STU10090,12,84,2,1,1,0,1,28,4,0,51,100,1,0,0,0,0,0,0
11516,STU10091,12,84,1,0,1,1,1,28,4,0,51,100,1,0,0,0,0,0,0
11517,STU10092,12,84,2,0,2,0,1,28,4,0,51,100,1,0,0,0,0,0,0
11518,STU10093,26,86,2,1,1,1,1,25,5,0,68,92,0,2,0,0,0,1,0
11519,STU10094,26,86,0,0,1,1,1,25,5,0,68,92,0,2,0,0,0,1,0
11520,STU10095,26,86,0,1,1,1,1,25,5,0,68,92,0,2,0,0,0,1,0
11521,STU10096,20,93,0,0,1,1,0,23,18,0,78,64,1,1,2,2,0,1,0
11522,STU10097,20,93,0,0,1,1,0,29,10,1,87,77,1,1,1,1,0,0,1
11523,STU10098,20,93,0,0,1,1,0,23,2,0,77,48,1,2,3,3,1,0,0
11524,STU10099,20,93,0,0,1,1,0,29,19,1,75,46,0,2,3,3,0,1,0
11525,STU10100,20,93,1,1,0,0,0,23,18,0,78,64,1,1,2,2,0,1,0
11526,STU10101,20,93,1,1,0,0,0,29,10,1,87,77,1,1,1,1,0,0,1
11527,STU10102,20,93,1,1,0,0,0,23,2,0,77,48,1,2,3,3,1,0,0
11528,STU10103,20,93,1,1,0,0,0,29,19,1,75,46,0,2,3,3,0,1,0
11529,STU10104,20,93,1,0,0,1,0,23,18,0,78,64,1,1,2,2,0,1,0
11530,STU10105,20,93,1,0,0,1,0,29,10,1,87,77,1,1,1,1,0,0,1
11531,STU10106,20,93,1,0,0,1,0,23,2,0,77,48,1,2,3,3,1,0,0
11532,STU10107,20,93,1,0,0,1,0,29,19,1,75,46,0,2,3,3,0,1,0
11533,STU10108,11,88,2,1,0,1,1,24,10,1,51,62,0,0,2,2,0,0,0
11534,STU10109,11,88,2,1,0,1,1,27,16,1,74,82,0,2,1,1,0,0,1
11535,STU10110,11,88,1,1,0,1,1,24,10,1,51,62,0,0,2,2,0,0,0
11536,STU10111,11,88,1,1,0,1,1,27,16,1,74,82,0,2,1,1,0,0,1
11537,STU10112,25,97,2,1,2,1,1,21,6,0,80,49,1,2,3,3,1,0,0
11538,STU10113,25,97,2,1,2,1,1,29,15,1,60,48,1,1,3,3,0,1,0
11539,STU10114,25,97,1,1,1,1,1,21,6,0,80,49,1,2,3,3,1,0,0
11540,STU10115,25,97,1,1,1,1,1,29,15,1,60,48,1,1,3,3,0,1,0
11541,STU10116,25,97,2,1,1,1,1,21,6,0,80,49,1,2,3,3,1,0,0
11542,STU10117,25,97,2,1,1,1,1,29,15,1,60,48,1,1,3,3,0,1,0
11545,STU10118,25,97,1,1,0,1,1,21,6,0,80,49,1,2,3,3,1,0,0
11546,STU10119,25,97,1,1,0,1,1,29,15,1,60,48,1,1,3,3,0,1,0
11547,STU10120,12,75,1,1,2,1,0,26,17,1,79,86,1,2,0,0,0,1,0
11548,STU10121,12,75,1,1,2,1,0,26,2,1,54,93,1,0,0,0,0,1,0
11549,STU10122,12,75,2,0,0,1,0,26,17,1,79,86,1,2,0,0,0,1,0
11550,STU10123,12,75,2,0,0,1,0,26,2,1,54,93,1,0,0,0,0,1,0
11551,STU10124,20,95,0,1,0,0,1,18,20,1,61,92,1,0,0,0,0,0,1
11552,STU10125,20,95,0,1,0,0,1,22,19,1,55,86,1,0,0,0,0,1,0
11553,STU10126,20,95,1,0,1,1,1,18,20,1,61,92,1,0,0,0,0,0,1
11554,STU10127,20,95,1,0,1,1,1,22,19,1,55,86,1,0,0,0,0,1,0
11555,STU10128,20,95,0,1,1,1,1,18,20,1,61,92,1,0,0,0,0,0,1
11556,STU10129,20,95,0,1,1,1,1,22,19,1,55,86,1,0,0,0,0,1,0
11557,STU10130,20,95,0,1,0,1,1,18,20,1,61,92,1,0,0,0,0,0,1
11558,STU10131,20,95,0,1,0,1,1,22,19,1,55,86,1,0,0,0,0,1,0
11559,STU10132,20,95,1,0,0,1,1,18,20,1,61,92,1,0,0,0,0,0,1
11560,STU10133,20,95,1,0,0,1,1,22,19,1,55,86,1,0,0,0,0,1,0
11563,STU10134,20,95,2,1,0,1,1,18,20,1,61,92,1,0,0,0,0,0,1
11564,STU10135,20,95,2,1,0,1,1,22,19,1,55,86,1,0,0,0,0,1,0
11565,STU10136,16,72,0,0,1,0,0,29,15,0,68,82,1,1,1,1,0,0,1
11566,STU10137,16,72,0,0,1,0,0,18,9,0,53,97,1,1,0,0,0,0,0
11567,STU10138,16,72,0,0,1,0,0,21,14,1,86,73,1,2,1,1,0,1,0
11568,STU10139,16,72,1,0,1,1,0,29,15,0,68,82,1,1,1,1,0,0,1
11569,STU10140,16,72,1,0,1,1,0,18,9,0,53,97,1,1,0,0,0,0,0
11570,STU10141,16,72,1,0,1,1,0,21,14,1,86,73,1,2,1,1,0,1,0
11571,STU10142,17,83,1,1,0,1,1,19,2,1,83,94,1,2,0,0,0,1,0
11572,STU10143,17,83,1,0,1,1,1,19,2,1,83,94,1,2,0,0,0,1,0
11573,STU10144,17,83,1,1,1,1,1,19,2,1,83,94,1,2,0,0,0,1,0
11574,STU10145,17,83,0,1,0,1,1,19,2,1,83,94,1,2,0,0,0,1,0
11575,STU10146,17,83,2,0,0,1,1,19,2,1,83,94,1,2,0,0,0,1,0
11576,STU10147,17,83,1,1,2,1,1,19,2,1,83,94,1,2,0,0,0,1,0
11578,STU10148,34,74,0,1,1,1,0,23,12,1,54,98,0,1,0,0,0,0,0
11579,STU10149,34,74,0,1,1,1,0,28,13,0,77,87,1,1,0,0,0,0,0
11580,STU10150,29,90,1,1,1,1,1,22,19,0,79,93,1,1,0,0,0,1,0
11581,STU10151,29,90,1,1,1,1,1,26,14,0,76,47,1,2,3,3,0,1,0
11582,STU10152,29,90,1,1,1,1,1,26,11,1,76,97,1,2,0,0,0,1,0
11583,STU10153,12,81,1,1,1,1,1,23,16,1,78,80,1,1,1,1,0,1,0
11584,STU10154,12,81,1,1,1,1,1,24,17,0,76,74,1,2,1,1,0,1,0
11585,STU10155,12,81,1,1,1,1,1,26,14,1,67,63,0,2,2,2,0,0,0
11586,STU10156,12,81,1,1,1,1,1,25,12,1,93,67,1,2,2,2,0,0,1
11587,STU10157,12,81,1,0,0,1,1,23,16,1,78,80,1,1,1,1,0,1,0
11588,STU10158,12,81,1,0,0,1,1,24,17,0,76,74,1,2,1,1,0,1,0
11589,STU10159,12,81,1,0,0,1,1,26,14,1,67,63,0,2,2,2,0,0,0
11590,STU10160,12,81,1,0,0,1,1,25,12,1,93,67,1,2,2,2,0,0,1
11591,STU10161,12,81,1,1,2,1,1,23,16,1,78,80,1,1,1,1,0,1,0
11592,STU10162,12,81,1,1,2,1,1,24,17,0,76,74,1,2,1,1,0,1,0
11593,STU10163,12,81,1,1,2,1,1,26,14,1,67,63,0,2,2,2,0,0,0
11594,STU10164,12,81,1,1,2,1,1,25,12,1,93,67,1,2,2,2,0,0,1
11603,STU10165,16,63,1,0,2,1,0,24,9,1,80,53,1,1,3,3,0,0,1
11604,STU10166,16,63,1,0,2,1,0,25,4,0,53,66,0,0,2,2,0,0,0
11605,STU10167,16,63,2,0,0,1,0,24,9,1,80,53,1,1,3,3,0,0,1
11606,STU10168,16,63,2,0,0,1,0,25,4,0,53,66,0,0,2,2,0,0,0
11607,STU10169,16,63,0,0,1,1,0,24,9,1,80,53,1,1,3,3,0,0,1
11608,STU10170,16,63,0,0,1,1,0,25,4,0,53,66,0,0,2,2,0,0,0
11609,STU10171,32,83,1,1,0,1,1,24,15,1,87,62,1,2,2,2,1,0,0
11610,STU10172,32,83,1,1,0,1,1,26,7,1,83,69,0,2,2,2,0,1,0
11611,STU10173,32,83,1,1,0,1,1,19,11,0,58,52,0,2,3,3,0,0,1
11612,STU10174,32,83,1,1,1,1,1,24,15,1,87,62,1,2,2,2,1,0,0
11613,STU10175,32,83,1,1,1,1,1,26,7,1,83,69,0,2,2,2,0,1,0
11614,STU10176,32,83,1,1,1,1,1,19,11,0,58,52,0,2,3,3,0,0,1
11615,STU10177,20,82,0,1,0,1,0,29,4,1,95,68,0,1,2,2,1,0,0
11616,STU10178,20,82,0,1,0,1,0,27,0,1,77,57,1,2,2,2,0,1,0
11617,STU10179,20,82,0,1,0,1,0,19,12,1,93,48,0,2,3,3,0,0,0
11618,STU10180,20,82,0,1,0,1,0,27,7,1,54,51,0,2,3,3,1,0,0
11619,STU10181,20,82,0,1,0,1,0,22,15,1,95,73,1,2,1,1,0,0,1
11620,STU10182,20,82,0,1,0,1,0,24,1,1,95,75,0,1,1,1,0,0,1
11621,STU10183,20,82,1,1,1,1,0,29,4,1,95,68,0,1,2,2,1,0,0
11622,STU10184,20,82,1,1,1,1,0,27,0,1,77,57,1,2,2,2,0,1,0
11623,STU10185,20,82,1,1,1,1,0,19,12,1,93,48,0,2,3,3,0,0,0
11624,STU10186,20,82,1,1,1,1,0,27,7,1,54,51,0,2,3,3,1,0,0
11625,STU10187,20,82,1,1,1,1,0,22,15,1,95,73,1,2,1,1,0,0,1
11626,STU10188,20,82,1,1,1,1,0,24,1,1,95,75,0,1,1,1,0,0,1
11627,STU10189,20,82,1,0,0,1,0,29,4,1,95,68,0,1,2,2,1,0,0
11628,STU10190,20,82,1,0,0,1,0,27,0,1,77,57,1,2,2,2,0,1,0
11629,STU10191,20,82,1,0,0,1,0,19,12,1,93,48,0,2,3,3,0,0,0
11630,STU10192,20,82,1,0,0,1,0,27,7,1,54,51,0,2,3,3,1,0,0
11631,STU10193,20,82,1,0,0,1,0,22,15,1,95,73,1,2,1,1,0,0,1
11632,STU10194,20,82,1,0,0,1,0,24,1,1,95,75,0,1,1,1,0,0,1
11633,STU10195,17,75,2,1,1,1,0,24,8,1,81,68,0,1,2,2,0,0,0
11634,STU10196,17,75,0,0,2,1,0,24,8,1,81,68,0,1,2,2,0,0,0
11635,STU10197,29,84,1,1,2,1,0,19,16,1,93,77,0,2,1,1,0,1,0
11636,STU10198,29,84,1,1,2,1,0,22,10,0,86,90,0,2,0,0,0,1,0
11637,STU10199,18,93,2,1,1,1,0,24,13,1,96,67,1,2,2,2,0,0,0
11638,STU10200,18,93,1,0,0,1,0,24,13,1,96,67,1,2,2,2,0,0,0
11639,STU10201,18,93,2,0,2,1,0,24,13,1,96,67,1,2,2,2,0,0,0
11641,STU10202,38,63,2,0,2,1,1,26,19,0,64,52,1,1,3,3,0,0,0
11642,STU10203,38,63,2,0,2,1,1,20,17,1,90,81,0,0,1,1,1,0,0
11643,STU10204,38,63,2,0,2,1,1,20,4,1,80,89,1,2,0,0,0,1,0
11644,STU10205,27,69,2,1,1,0,0,18,10,1,75,78,1,2,1,1,0,0,0
11645,STU10206,27,69,2,1,1,0,0,21,5,1,55,91,1,2,0,0,0,0,1
11646,STU10207,19,94,0,0,1,1,0,18,18,0,98,87,1,2,0,0,1,0,0
11647,STU10208,19,94,0,0,1,1,0,26,11,1,77,72,1,0,1,1,1,0,0
11648,STU10209,19,94,2,0,1,1,0,18,18,0,98,87,1,2,0,0,1,0,0
11649,STU10210,19,94,2,0,1,1,0,26,11,1,77,72,1,0,1,1,1,0,0
11650,STU10211,19,94,1,0,1,1,0,18,18,0,98,87,1,2,0,0,1,0,0
11651,STU10212,19,94,1,0,1,1,0,26,11,1,77,72,1,0,1,1,1,0,0
11652,STU10213,19,94,1,1,1,1,0,18,18,0,98,87,1,2,0,0,1,0,0
11653,STU10214,19,94,1,1,1,1,0,26,11,1,77,72,1,0,1,1,1,0,0
11654,STU10215,19,94,0,1,1,1,0,18,18,0,98,87,1,2,0,0,1,0,0
11655,STU10216,19,94,0,1,1,1,0,26,11,1,77,72,1,0,1,1,1,0,0
11656,STU10217,38,86,1,0,2,1,0,24,8,1,83,84,0,1,1,1,0,0,0
11657,STU10218,38,86,1,0,2,1,0,27,4,1,75,54,1,1,3,3,1,0,0
11658,STU10219,38,86,1,0,2,1,0,18,13,1,93,90,0,0,0,0,0,0,0
11659,STU10220,26,94,1,0,1,1,0,28,1,1,84,81,1,2,1,1,0,0,1
11660,STU10221,26,94,1,0,0,1,0,28,1,1,84,81,1,2,1,1,0,0,1
11661,STU10222,26,94,2,1,0,1,0,28,1,1,84,81,1,2,1,1,0,0,1
11662,STU10223,26,94,1,0,2,1,0,28,1,1,84,81,1,2,1,1,0,0,1
11663,STU10224,32,84,2,1,1,1,1,18,10,1,96,55,1,2,2,2,1,0,0
11664,STU10225,32,84,1,1,1,0,1,18,10,1,96,55,1,2,2,2,1,0,0
11665,STU10226,13,71,2,1,0,1,0,19,1,1,76,40,0,1,3,3,0,0,0
11666,STU10227,13,71,2,1,0,1,0,27,7,0,81,68,1,1,2,2,0,1,0
11667,STU10228,13,71,2,1,2,1,0,19,1,1,76,40,0,1,3,3,0,0,0
11668,STU10229,13,71,2,1,2,1,0,27,7,0,81,68,1,1,2,2,0,1,0
11669,STU10230,14,84,1,0,1,1,0,18,3,1,99,40,1,2,3,3,0,0,0
11670,STU10231,14,84,2,1,2,1,0,18,3,1,99,40,1,2,3,3,0,0,0
11671,STU10232,14,84,2,0,1,0,0,18,3,1,99,40,1,2,3,3,0,0,0
11672,STU10233,14,84,1,1,2,1,0,18,3,1,99,40,1,2,3,3,0,0,0
11673,STU10234,14,61,1,0,0,0,0,29,4,0,80,81,0,1,1,1,0,0,1
11674,STU10235,14,61,1,0,0,0,0,21,12,1,57,86,1,1,0,0,1,0,0
11675,STU10236,14,61,2,0,1,1,0,29,4,0,80,81,0,1,1,1,0,0,1
11676,STU10237,14,61,2,0,1,1,0,21,12,1,57,86,1,1,0,0,1,0,0
11679,STU10238,14,61,0,1,1,1,0,29,4,0,80,81,0,1,1,1,0,0,1
11680,STU10239,14,61,0,1,1,1,0,21,12,1,57,86,1,1,0,0,1,0,0
11681,STU10240,14,61,1,0,2,1,0,29,4,0,80,81,0,1,1,1,0,0,1
11682,STU10241,14,61,1,0,2,1,0,21,12,1,57,86,1,1,0,0,1,0,0
11683,STU10242,17,90,2,0,1,1,1,28,7,1,91,52,1,2,3,3,1,0,0
11684,STU10243,17,90,2,0,1,1,1,21,8,1,75,92,1,1,0,0,0,0,0
11685,STU10244,17,90,1,0,0,1,1,28,7,1,91,52,1,2,3,3,1,0,0
11686,STU10245,17,90,1,0,0,1,1,21,8,1,75,92,1,1,0,0,0,0,0
11687,STU10246,17,90,1,0,1,1,1,28,7,1,91,52,1,2,3,3,1,0,0
11688,STU10247,17,90,1,0,1,1,1,21,8,1,75,92,1,1,0,0,0,0,0
11689,STU10248,13,83,1,1,1,1,0,25,5,1,64,92,1,2,0,0,1,0,0
11690,STU10249,13,83,1,1,1,1,0,20,8,1,93,41,1,2,3,3,0,0,1
11691,STU10250,13,83,1,1,1,1,0,19,11,1,66,51,0,2,3,3,1,0,0
11692,STU10251,13,83,0,0,2,1,0,25,5,1,64,92,1,2,0,0,1,0,0
11693,STU10252,13,83,0,0,2,1,0,20,8,1,93,41,1,2,3,3,0,0,1
11694,STU10253,13,83,0,0,2,1,0,19,11,1,66,51,0,2,3,3,1,0,0
11695,STU10254,13,83,1,0,1,1,0,25,5,1,64,92,1,2,0,0,1,0,0
11696,STU10255,13,83,1,0,1,1,0,20,8,1,93,41,1,2,3,3,0,0,1
11697,STU10256,13,83,1,0,1,1,0,19,11,1,66,51,0,2,3,3,1,0,0
11698,STU10257,19,68,1,1,1,1,1,21,20,0,79,55,0,2,2,2,0,0,1
11699,STU10258,19,68,1,1,1,1,1,25,12,1,63,91,0,0,0,0,0,0,0
11700,STU10259,19,68,2,1,2,1,1,21,20,0,79,55,0,2,2,2,0,0,1
11701,STU10260,19,68,2,1,2,1,1,25,12,1,63,91,0,0,0,0,0,0,0
11702,STU10261,19,68,0,1,0,1,1,21,20,0,79,55,0,2,2,2,0,0,1
11703,STU10262,19,68,0,1,0,1,1,25,12,1,63,91,0,0,0,0,0,0,0
11704,STU10263,35,77,2,1,1,1,0,18,8,1,56,87,0,1,0,0,0,1,0
11705,STU10264,9,86,1,0,2,1,0,19,4,0,100,97,1,2,0,0,0,0,1
11706,STU10265,9,86,1,0,2,1,0,28,18,0,60,70,0,1,1,1,1,0,0
11707,STU10266,9,86,1,0,2,1,0,29,16,1,65,44,0,2,3,3,1,0,0
11708,STU10267,9,86,2,0,1,1,0,19,4,0,100,97,1,2,0,0,0,0,1
11709,STU10268,9,86,2,0,1,1,0,28,18,0,60,70,0,1,1,1,1,0,0
11710,STU10269,9,86,2,0,1,1,0,29,16,1,65,44,0,2,3,3,1,0,0
11711,STU10270,15,74,1,1,1,1,1,18,7,1,87,64,0,2,2,2,0,0,0
11712,STU10271,15,74,1,1,1,1,1,18,14,0,93,61,1,1,2,2,1,0,0
11713,STU10272,15,74,2,0,0,0,1,18,7,1,87,64,0,2,2,2,0,0,0
11714,STU10273,15,74,2,0,0,0,1,18,14,0,93,61,1,1,2,2,1,0,0
11717,STU10274,15,74,0,0,0,1,1,18,7,1,87,64,0,2,2,2,0,0,0
11718,STU10275,15,74,0,0,0,1,1,18,14,0,93,61,1,1,2,2,1,0,0
11719,STU10276,15,74,0,0,1,1,1,18,7,1,87,64,0,2,2,2,0,0,0
11720,STU10277,15,74,0,0,1,1,1,18,14,0,93,61,1,1,2,2,1,0,0
11721,STU10278,15,74,2,0,1,1,1,18,7,1,87,64,0,2,2,2,0,0,0
11722,STU10279,15,74,2,0,1,1,1,18,14,0,93,61,1,1,2,2,1,0,0
11723,STU10280,15,74,1,1,0,1,1,18,7,1,87,64,0,2,2,2,0,0,0
11724,STU10281,15,74,1,1,0,1,1,18,14,0,93,61,1,1,2,2,1,0,0
11725,STU10282,15,74,2,0,0,1,1,18,7,1,87,64,0,2,2,2,0,0,0
11726,STU10283,15,74,2,0,0,1,1,18,14,0,93,61,1,1,2,2,1,0,0
11727,STU10284,15,95,1,1,0,1,0,18,14,1,69,93,1,1,0,0,1,0,0
11728,STU10285,15,95,1,1,0,1,0,18,18,0,63,94,0,0,0,0,0,0,1
11729,STU10286,15,95,1,1,0,1,0,22,17,1,90,61,0,1,2,2,0,0,0
11730,STU10287,15,95,1,0,2,1,0,18,14,1,69,93,1,1,0,0,1,0,0
11731,STU10288,15,95,1,0,2,1,0,18,18,0,63,94,0,0,0,0,0,0,1
11732,STU10289,15,95,1,0,2,1,0,22,17,1,90,61,0,1,2,2,0,0,0
11733,STU10290,15,95,0,0,2,1,0,18,14,1,69,93,1,1,0,0,1,0,0
11734,STU10291,15,95,0,0,2,1,0,18,18,0,63,94,0,0,0,0,0,0,1
11735,STU10292,15,95,0,0,2,1,0,22,17,1,90,61,0,1,2,2,0,0,0
11736,STU10293,15,95,0,0,1,1,0,18,14,1,69,93,1,1,0,0,1,0,0
11737,STU10294,15,95,0,0,1,1,0,18,18,0,63,94,0,0,0,0,0,0,1
11738,STU10295,15,95,0,0,1,1,0,22,17,1,90,61,0,1,2,2,0,0,0
11742,STU10296,15,95,1,1,2,1,0,18,14,1,69,93,1,1,0,0,1,0,0
11743,STU10297,15,95,1,1,2,1,0,18,18,0,63,94,0,0,0,0,0,0,1
11744,STU10298,15,95,1,1,2,1,0,22,17,1,90,61,0,1,2,2,0,0,0
11748,STU10299,11,81,1,1,2,1,0,23,10,0,63,47,1,1,3,3,0,0,0
11749,STU10300,11,81,1,1,2,1,0,18,16,1,52,64,1,2,2,2,0,0,1
11750,STU10301,11,81,1,1,2,1,0,29,17,1,74,78,1,2,1,1,0,0,0
11751,STU10302,11,81,1,1,2,1,0,19,10,1,79,44,1,1,3,3,0,1,0
11752,STU10303,11,81,1,1,2,1,0,21,10,0,94,52,1,2,3,3,0,0,1
11753,STU10304,36,96,0,0,1,1,0,20,2,0,71,57,1,2,2,2,0,1,0
11754,STU10305,36,96,0,0,1,1,0,20,13,0,62,88,1,0,0,0,0,0,1
11755,STU10306,29,66,2,0,1,1,1,19,4,1,57,55,1,2,2,2,0,0,1
11756,STU10307,29,66,2,0,1,1,1,29,10,1,89,61,1,2,2,2,1,0,0
11757,STU10308,22,86,1,0,1,1,0,19,18,1,86,42,0,2,3,3,0,0,0
11758,STU10309,22,86,1,0,1,1,0,24,12,0,82,66,0,2,2,2,1,0,0
11759,STU10310,22,86,0,0,1,1,0,19,18,1,86,42,0,2,3,3,0,0,0
11760,STU10311,22,86,0,0,1,1,0,24,12,0,82,66,0,2,2,2,1,0,0
11761,STU10312,31,68,2,1,0,1,1,27,9,0,58,93,1,2,0,0,0,0,0
11762,STU10313,31,68,2,1,0,1,1,19,18,0,51,91,0,0,0,0,0,0,0
11763,STU10314,31,68,2,1,0,1,1,21,16,1,91,93,0,2,0,0,0,0,1
11764,STU10315,31,68,2,1,0,1,1,19,20,0,55,99,0,2,0,0,0,1,0
11765,STU10316,12,98,0,1,1,0,0,22,18,1,73,72,1,1,1,1,1,0,0
11766,STU10317,12,98,0,1,1,0,0,22,7,0,83,45,0,0,3,3,1,0,0
11767,STU10318,12,98,0,1,1,0,0,20,11,1,81,44,1,2,3,3,0,0,0
11768,STU10319,12,98,2,1,1,1,0,22,18,1,73,72,1,1,1,1,1,0,0
11769,STU10320,12,98,2,1,1,1,0,22,7,0,83,45,0,0,3,3,1,0,0
11770,STU10321,12,98,2,1,1,1,0,20,11,1,81,44,1,2,3,3,0,0,0
11771,STU10322,12,98,2,0,1,1,0,22,18,1,73,72,1,1,1,1,1,0,0
11772,STU10323,12,98,2,0,1,1,0,22,7,0,83,45,0,0,3,3,1,0,0
11773,STU10324,12,98,2,0,1,1,0,20,11,1,81,44,1,2,3,3,0,0,0
11774,STU10325,12,98,1,0,1,1,0,22,18,1,73,72,1,1,1,1,1,0,0
11775,STU10326,12,98,1,0,1,1,0,22,7,0,83,45,0,0,3,3,1,0,0
11776,STU10327,12,98,1,0,1,1,0,20,11,1,81,44,1,2,3,3,0,0,0
11777,STU10328,12,98,1,0,0,1,0,22,18,1,73,72,1,1,1,1,1,0,0
11778,STU10329,12,98,1,0,0,1,0,22,7,0,83,45,0,0,3,3,1,0,0
11779,STU10330,12,98,1,0,0,1,0,20,11,1,81,44,1,2,3,3,0,0,0
11780,STU10331,12,98,0,1,1,1,0,22,18,1,73,72,1,1,1,1,1,0,0
11781,STU10332,12,98,0,1,1,1,0,22,7,0,83,45,0,0,3,3,1,0,0
11782,STU10333,12,98,0,1,1,1,0,20,11,1,81,44,1,2,3,3,0,0,0
11783,STU10334,17,84,0,1,0,1,1,25,2,1,54,81,1,2,1,1,0,0,0
11784,STU10335,17,84,0,1,0,1,1,19,17,1,96,60,0,0,2,2,1,0,0
11785,STU10336,17,84,2,0,2,1,1,25,2,1,54,81,1,2,1,1,0,0,0
11786,STU10337,17,84,2,0,2,1,1,19,17,1,96,60,0,0,2,2,1,0,0
11787,STU10338,17,84,2,1,1,1,1,25,2,1,54,81,1,2,1,1,0,0,0
11788,STU10339,17,84,2,1,1,1,1,19,17,1,96,60,0,0,2,2,1,0,0
11789,STU10340,17,84,2,0,1,1,1,25,2,1,54,81,1,2,1,1,0,0,0
11790,STU10341,17,84,2,0,1,1,1,19,17,1,96,60,0,0,2,2,1,0,0
11791,STU10342,7,69,2,1,2,1,1,23,6,1,62,59,1,1,2,2,0,0,0
11792,STU10343,7,69,2,1,2,1,1,18,14,0,98,84,1,2,1,1,0,0,1
11793,STU10344,9,86,1,0,1,1,1,29,2,0,80,41,0,0,3,3,0,0,1
11794,STU10345,9,86,1,0,1,1,1,26,14,1,50,96,1,1,0,0,0,0,0
11795,STU10346,7,88,2,1,0,1,1,20,1,1,95,57,0,2,2,2,0,0,0
11796,STU10347,7,88,2,1,0,1,1,28,12,0,97,69,0,2,2,2,0,1,0
11797,STU10348,7,88,2,1,0,1,1,29,6,0,57,51,1,2,3,3,0,0,0
11798,STU10349,24,98,0,1,2,1,0,21,16,1,51,64,1,1,2,2,1,0,0
11799,STU10350,24,98,0,1,2,1,0,26,18,1,50,94,0,2,0,0,0,0,0
11800,STU10351,24,98,0,1,2,1,0,29,3,1,99,71,1,2,1,1,1,0,0
11801,STU10352,24,98,0,1,2,1,0,19,5,1,53,42,1,0,3,3,0,1,0
11802,STU10353,24,98,0,1,2,1,0,19,2,1,72,66,0,2,2,2,1,0,0
11803,STU10354,24,98,2,0,1,1,0,21,16,1,51,64,1,1,2,2,1,0,0
11804,STU10355,24,98,2,0,1,1,0,26,18,1,50,94,0,2,0,0,0,0,0
11805,STU10356,24,98,2,0,1,1,0,29,3,1,99,71,1,2,1,1,1,0,0
11806,STU10357,24,98,2,0,1,1,0,19,5,1,53,42,1,0,3,3,0,1,0
11807,STU10358,24,98,2,0,1,1,0,19,2,1,72,66,0,2,2,2,1,0,0
11808,STU10359,24,98,1,1,1,1,0,21,16,1,51,64,1,1,2,2,1,0,0
11809,STU10360,24,98,1,1,1,1,0,26,18,1,50,94,0,2,0,0,0,0,0
11810,STU10361,24,98,1,1,1,1,0,29,3,1,99,71,1,2,1,1,1,0,0
11811,STU10362,24,98,1,1,1,1,0,19,5,1,53,42,1,0,3,3,0,1,0
11812,STU10363,24,98,1,1,1,1,0,19,2,1,72,66,0,2,2,2,1,0,0
11813,STU10364,29,74,1,1,1,0,1,24,11,1,78,41,1,1,3,3,0,1,0
11814,STU10365,29,74,2,1,2,1,1,24,11,1,78,41,1,1,3,3,0,1,0
11815,STU10366,29,74,0,0,1,1,1,24,11,1,78,41,1,1,3,3,0,1,0
11816,STU10367,28,87,1,1,2,1,0,20,0,1,65,85,1,1,0,0,0,1,0
11817,STU10368,28,87,1,0,1,1,0,20,0,1,65,85,1,1,0,0,0,1,0
11819,STU10369,30,78,2,1,1,1,1,29,5,1,58,51,1,2,3,3,0,0,0
11821,STU10370,14,93,1,0,0,1,1,18,2,0,77,83,0,2,1,1,1,0,0
11822,STU10371,14,93,1,0,0,1,1,28,9,0,57,79,0,1,1,1,0,1,0
11823,STU10372,14,93,0,1,0,1,1,18,2,0,77,83,0,2,1,1,1,0,0
11824,STU10373,14,93,0,1,0,1,1,28,9,0,57,79,0,1,1,1,0,1,0
11825,STU10374,31,71,2,1,1,1,1,22,12,0,97,79,0,1,1,1,0,0,0
11826,STU10375,31,71,2,1,1,1,1,26,18,0,79,97,1,0,0,0,0,0,1
11827,STU10376,19,60,2,1,2,1,1,19,13,1,87,88,1,2,0,0,0,0,0
11828,STU10377,19,60,2,1,2,1,1,22,18,1,50,87,0,0,0,0,0,0,1
11829,STU10378,19,60,1,0,2,1,1,19,13,1,87,88,1,2,0,0,0,0,0
11830,STU10379,19,60,1,0,2,1,1,22,18,1,50,87,0,0,0,0,0,0,1
11831,STU10380,15,77,1,1,1,1,0,18,6,1,86,91,1,0,0,0,1,0,0
11832,STU10381,15,77,1,1,1,1,0,27,19,0,91,72,0,2,1,1,0,0,0
11835,STU10382,18,84,0,1,1,1,1,18,8,1,98,99,0,0,0,0,0,0,1
11836,STU10383,18,84,0,1,1,1,1,29,16,0,68,66,1,1,2,2,0,0,1
11837,STU10384,18,84,0,1,1,1,1,20,1,1,81,100,0,2,0,0,0,0,0
11838,STU10385,18,84,0,0,1,1,1,18,8,1,98,99,0,0,0,0,0,0,1
11839,STU10386,18,84,0,0,1,1,1,29,16,0,68,66,1,1,2,2,0,0,1
11840,STU10387,18,84,0,0,1,1,1,20,1,1,81,100,0,2,0,0,0,0,0
11841,STU10388,18,84,2,0,1,1,1,18,8,1,98,99,0,0,0,0,0,0,1
11842,STU10389,18,84,2,0,1,1,1,29,16,0,68,66,1,1,2,2,0,0,1
11843,STU10390,18,84,2,0,1,1,1,20,1,1,81,100,0,2,0,0,0,0,0
11844,STU10391,18,84,2,1,0,1,1,18,8,1,98,99,0,0,0,0,0,0,1
11845,STU10392,18,84,2,1,0,1,1,29,16,0,68,66,1,1,2,2,0,0,1
11846,STU10393,18,84,2,1,0,1,1,20,1,1,81,100,0,2,0,0,0,0,0
11847,STU10394,12,70,1,1,1,1,0,28,12,1,51,81,0,2,1,1,0,0,1
11848,STU10395,12,70,1,1,1,1,0,20,18,1,57,90,1,2,0,0,0,1,0
11849,STU10396,12,70,1,0,2,1,0,28,12,1,51,81,0,2,1,1,0,0,1
11850,STU10397,12,70,1,0,2,1,0,20,18,1,57,90,1,2,0,0,0,1,0
11853,STU10398,29,88,1,1,1,1,1,21,7,1,90,49,1,2,3,3,1,0,0
11854,STU10399,13,61,1,1,0,1,0,28,5,1,86,67,1,2,2,2,0,0,0
11855,STU10400,13,61,1,1,0,1,0,29,16,1,69,98,0,1,0,0,0,1,0
11856,STU10401,13,61,1,1,0,1,0,20,15,1,58,57,1,2,2,2,0,1,0
11857,STU10402,13,61,0,0,0,1,0,28,5,1,86,67,1,2,2,2,0,0,0
11858,STU10403,13,61,0,0,0,1,0,29,16,1,69,98,0,1,0,0,0,1,0
11859,STU10404,13,61,0,0,0,1,0,20,15,1,58,57,1,2,2,2,0,1,0
11860,STU10405,15,65,1,0,1,1,1,19,11,0,51,79,1,0,1,1,1,0,0
11861,STU10406,15,65,1,0,1,1,1,28,9,0,80,96,1,2,0,0,0,1,0
11862,STU10407,15,65,1,0,1,1,1,26,18,0,60,47,1,2,3,3,0,0,0
11863,STU10408,15,65,2,1,0,1,1,19,11,0,51,79,1,0,1,1,1,0,0
11864,STU10409,15,65,2,1,0,1,1,28,9,0,80,96,1,2,0,0,0,1,0
11865,STU10410,15,65,2,1,0,1,1,26,18,0,60,47,1,2,3,3,0,0,0
11869,STU10411,14,92,2,1,2,1,1,25,12,1,64,86,0,0,0,0,0,1,0
11870,STU10412,14,92,2,1,2,1,1,20,2,1,92,64,1,2,2,2,1,0,0
11871,STU10413,14,92,1,1,2,1,1,25,12,1,64,86,0,0,0,0,0,1,0
11872,STU10414,14,92,1,1,2,1,1,20,2,1,92,64,1,2,2,2,1,0,0
11873,STU10415,12,74,2,1,0,1,0,23,7,0,63,81,0,2,1,1,1,0,0
11874,STU10416,12,74,1,0,1,1,0,23,7,0,63,81,0,2,1,1,1,0,0
11875,STU10417,16,90,0,0,1,1,1,22,2,1,57,52,1,2,3,3,0,1,0
11876,STU10418,16,90,0,0,1,1,1,23,11,0,79,62,1,2,2,2,0,0,1
11877,STU10419,16,90,1,0,1,1,1,22,2,1,57,52,1,2,3,3,0,1,0
11878,STU10420,16,90,1,0,1,1,1,23,11,0,79,62,1,2,2,2,0,0,1
11879,STU10421,16,90,2,1,0,1,1,22,2,1,57,52,1,2,3,3,0,1,0
11880,STU10422,16,90,2,1,0,1,1,23,11,0,79,62,1,2,2,2,0,0,1
11881,STU10423,22,94,2,0,0,1,1,25,9,0,61,51,1,2,3,3,0,0,0
11882,STU10424,22,94,2,0,0,1,1,20,16,1,87,94,0,1,0,0,0,1,0
11883,STU10425,22,94,2,0,0,1,1,25,20,1,62,50,0,2,3,3,0,0,0
11884,STU10426,22,94,1,1,0,1,1,25,9,0,61,51,1,2,3,3,0,0,0
11885,STU10427,22,94,1,1,0,1,1,20,16,1,87,94,0,1,0,0,0,1,0
11886,STU10428,22,94,1,1,0,1,1,25,20,1,62,50,0,2,3,3,0,0,0
11887,STU10429,22,94,2,1,1,1,1,25,9,0,61,51,1,2,3,3,0,0,0
11888,STU10430,22,94,2,1,1,1,1,20,16,1,87,94,0,1,0,0,0,1,0
11889,STU10431,22,94,2,1,1,1,1,25,20,1,62,50,0,2,3,3,0,0,0
11890,STU10432,18,75,1,1,0,1,1,19,15,1,50,97,1,2,0,0,0,0,1
11891,STU10433,18,75,1,1,0,1,1,19,10,1,76,96,0,0,0,0,0,0,1
11892,STU10434,18,75,1,1,2,1,1,19,15,1,50,97,1,2,0,0,0,0,1
11893,STU10435,18,75,1,1,2,1,1,19,10,1,76,96,0,0,0,0,0,0,1
11894,STU10436,18,75,0,1,1,1,1,19,15,1,50,97,1,2,0,0,0,0,1
11895,STU10437,18,75,0,1,1,1,1,19,10,1,76,96,0,0,0,0,0,0,1
11896,STU10438,11,71,1,1,1,1,0,20,5,0,53,75,0,2,1,1,1,0,0
11897,STU10439,11,71,1,1,1,1,0,18,7,0,96,67,1,2,2,2,0,0,0
11898,STU10440,11,71,1,1,1,1,0,21,16,1,86,42,1,0,3,3,0,0,1
11899,STU10441,11,71,1,1,1,1,0,28,3,1,60,86,0,2,0,0,0,0,1
11900,STU10442,14,100,0,1,2,1,0,23,10,1,50,53,0,0,3,3,0,0,1
11901,STU10443,14,100,0,1,2,1,0,20,11,1,52,73,1,1,1,1,0,0,1
11902,STU10444,14,100,0,1,2,1,0,29,1,1,76,56,1,0,2,2,0,0,0
11903,STU10445,14,100,0,1,2,1,0,22,3,1,80,94,0,1,0,0,1,0,0
11904,STU10446,14,100,0,0,0,1,0,23,10,1,50,53,0,0,3,3,0,0,1
11905,STU10447,14,100,0,0,0,1,0,20,11,1,52,73,1,1,1,1,0,0,1
11906,STU10448,14,100,0,0,0,1,0,29,1,1,76,56,1,0,2,2,0,0,0
11907,STU10449,14,100,0,0,0,1,0,22,3,1,80,94,0,1,0,0,1,0,0
11908,STU10450,14,100,1,1,1,1,0,23,10,1,50,53,0,0,3,3,0,0,1
11909,STU10451,14,100,1,1,1,1,0,20,11,1,52,73,1,1,1,1,0,0,1
11910,STU10452,14,100,1,1,1,1,0,29,1,1,76,56,1,0,2,2,0,0,0
11911,STU10453,14,100,1,1,1,1,0,22,3,1,80,94,0,1,0,0,1,0,0
11912,STU10454,20,75,1,1,0,1,0,22,9,1,88,99,0,0,0,0,0,1,0
11913,STU10455,20,75,1,1,0,1,0,29,8,0,94,66,1,1,2,2,0,1,0
11914,STU10456,20,75,1,1,0,1,0,26,1,1,66,94,1,2,0,0,1,0,0
11915,STU10457,20,75,1,0,1,1,0,22,9,1,88,99,0,0,0,0,0,1,0
11916,STU10458,20,75,1,0,1,1,0,29,8,0,94,66,1,1,2,2,0,1,0
11917,STU10459,20,75,1,0,1,1,0,26,1,1,66,94,1,2,0,0,1,0,0
11918,STU10460,20,75,1,1,2,1,0,22,9,1,88,99,0,0,0,0,0,1,0
11919,STU10461,20,75,1,1,2,1,0,29,8,0,94,66,1,1,2,2,0,1,0
11920,STU10462,20,75,1,1,2,1,0,26,1,1,66,94,1,2,0,0,1,0,0
11927,STU10463,29,76,2,1,0,0,0,18,7,1,84,42,0,1,3,3,0,0,0
11928,STU10464,29,76,2,1,0,0,0,18,2,1,65,91,0,2,0,0,0,1,0
11929,STU10465,29,76,2,1,0,0,0,26,17,1,71,76,0,2,1,1,0,1,0
11930,STU10466,29,76,2,1,0,0,0,22,1,1,75,97,0,2,0,0,1,0,0
11931,STU10467,29,76,2,1,0,0,0,19,4,1,71,90,1,2,0,0,1,0,0
11932,STU10468,29,76,2,1,1,1,0,18,7,1,84,42,0,1,3,3,0,0,0
11933,STU10469,29,76,2,1,1,1,0,18,2,1,65,91,0,2,0,0,0,1,0
11934,STU10470,29,76,2,1,1,1,0,26,17,1,71,76,0,2,1,1,0,1,0
11935,STU10471,29,76,2,1,1,1,0,22,1,1,75,97,0,2,0,0,1,0,0
11936,STU10472,29,76,2,1,1,1,0,19,4,1,71,90,1,2,0,0,1,0,0
11937,STU10473,28,86,1,0,1,1,1,25,10,0,58,89,1,2,0,0,0,0,1
11938,STU10474,28,86,1,1,1,1,1,25,10,0,58,89,1,2,0,0,0,0,1
11940,STU10475,27,92,1,0,1,0,0,20,7,0,89,67,0,0,2,2,1,0,0
11941,STU10476,27,92,0,1,2,1,0,20,7,0,89,67,0,0,2,2,1,0,0
11942,STU10477,27,92,1,1,0,1,0,20,7,0,89,67,0,0,2,2,1,0,0
11944,STU10478,15,71,0,0,1,1,1,24,8,1,59,68,1,0,2,2,0,0,1
11945,STU10479,15,71,0,0,1,1,1,18,1,1,62,73,0,0,1,1,0,1,0
11946,STU10480,15,71,0,0,1,1,1,18,18,1,80,95,1,0,0,0,0,0,1
11947,STU10481,15,71,2,0,0,1,1,24,8,1,59,68,1,0,2,2,0,0,1
11948,STU10482,15,71,2,0,0,1,1,18,1,1,62,73,0,0,1,1,0,1,0
11949,STU10483,15,71,2,0,0,1,1,18,18,1,80,95,1,0,0,0,0,0,1
11950,STU10484,7,64,2,0,1,1,0,27,13,1,84,93,1,2,0,0,0,0,0
11951,STU10485,7,64,2,0,1,1,0,18,9,1,96,81,1,2,1,1,1,0,0
11952,STU10486,7,64,2,0,1,1,0,23,10,1,54,66,1,2,2,2,0,0,0
11953,STU10487,7,64,2,0,1,1,0,19,19,1,80,96,0,0,0,0,1,0,0
11954,STU10488,28,81,2,1,1,1,0,19,5,0,69,73,1,1,1,1,1,0,0
11955,STU10489,28,81,2,1,1,1,0,27,12,1,93,52,0,2,3,3,0,0,1
11956,STU10490,28,81,2,1,1,1,0,18,7,0,56,74,1,2,1,1,0,0,0
11957,STU10491,30,68,2,0,1,1,1,22,2,0,100,100,0,0,0,0,0,1,0
11958,STU10492,30,68,2,0,1,1,1,26,6,1,52,41,1,0,3,3,0,0,0
11959,STU10493,17,89,2,0,1,1,1,21,9,0,92,81,0,1,1,1,0,1,0
11960,STU10494,5,83,1,1,1,1,1,23,17,1,92,40,0,2,3,3,0,0,0
11961,STU10495,5,83,1,1,1,1,1,19,16,1,88,51,1,2,3,3,0,0,0
11962,STU10496,13,96,2,0,1,1,1,29,9,0,95,91,1,0,0,0,0,1,0
11963,STU10497,13,96,2,0,1,1,1,27,18,1,72,74,0,0,1,1,0,1,0
11964,STU10498,13,96,2,0,1,1,1,26,7,0,50,53,1,2,3,3,0,0,0
11965,STU10499,13,96,2,0,0,1,1,29,9,0,95,91,1,0,0,0,0,1,0
11966,STU10500,13,96,2,0,0,1,1,27,18,1,72,74,0,0,1,1,0,1,0
11967,STU10501,13,96,2,0,0,1,1,26,7,0,50,53,1,2,3,3,0,0,0
11968,STU10502,13,96,1,0,1,1,1,29,9,0,95,91,1,0,0,0,0,1,0
11969,STU10503,13,96,1,0,1,1,1,27,18,1,72,74,0,0,1,1,0,1,0
11970,STU10504,13,96,1,0,1,1,1,26,7,0,50,53,1,2,3,3,0,0,0
11971,STU10505,13,96,2,1,1,0,1,29,9,0,95,91,1,0,0,0,0,1,0
11972,STU10506,13,96,2,1,1,0,1,27,18,1,72,74,0,0,1,1,0,1,0
11973,STU10507,13,96,2,1,1,0,1,26,7,0,50,53,1,2,3,3,0,0,0
11974,STU10508,19,99,1,1,2,1,0,24,0,0,71,80,0,1,1,1,0,1,0
11975,STU10509,19,99,1,1,2,1,0,26,2,0,64,74,1,1,1,1,0,0,0
11976,STU10510,19,99,1,1,2,1,0,25,8,0,53,94,1,2,0,0,1,0,0
11977,STU10511,19,99,1,1,2,1,0,28,9,1,66,52,1,2,3,3,0,0,1
11978,STU10512,19,99,1,1,2,1,0,18,5,1,91,83,0,0,1,1,0,0,0
11979,STU10513,19,99,2,1,2,0,0,24,0,0,71,80,0,1,1,1,0,1,0
11980,STU10514,19,99,2,1,2,0,0,26,2,0,64,74,1,1,1,1,0,0,0
11981,STU10515,19,99,2,1,2,0,0,25,8,0,53,94,1,2,0,0,1,0,0
11982,STU10516,19,99,2,1,2,0,0,28,9,1,66,52,1,2,3,3,0,0,1
11983,STU10517,19,99,2,1,2,0,0,18,5,1,91,83,0,0,1,1,0,0,0
11984,STU10518,19,99,0,1,0,1,0,24,0,0,71,80,0,1,1,1,0,1,0
11985,STU10519,19,99,0,1,0,1,0,26,2,0,64,74,1,1,1,1,0,0,0
11986,STU10520,19,99,0,1,0,1,0,25,8,0,53,94,1,2,0,0,1,0,0
11987,STU10521,19,99,0,1,0,1,0,28,9,1,66,52,1,2,3,3,0,0,1
11988,STU10522,19,99,0,1,0,1,0,18,5,1,91,83,0,0,1,1,0,0,0
11989,STU10523,29,98,2,0,0,1,1,19,11,1,77,69,0,2,2,2,1,0,0
11990,STU10524,29,98,2,0,0,1,1,22,14,1,52,58,1,2,2,2,0,0,0
11991,STU10525,29,98,2,1,0,1,1,19,11,1,77,69,0,2,2,2,1,0,0
11992,STU10526,29,98,2,1,0,1,1,22,14,1,52,58,1,2,2,2,0,0,0
11993,STU10527,17,73,1,1,0,1,0,27,15,0,99,47,1,2,3,3,0,0,1
11994,STU10528,17,73,1,1,0,1,0,29,14,0,78,80,1,0,1,1,1,0,0
11995,STU10529,17,73,1,1,2,1,0,27,15,0,99,47,1,2,3,3,0,0,1
11996,STU10530,17,73,1,1,2,1,0,29,14,0,78,80,1,0,1,1,1,0,0
11997,STU10531,17,73,2,0,1,1,0,27,15,0,99,47,1,2,3,3,0,0,1
11998,STU10532,17,73,2,0,1,1,0,29,14,0,78,80,1,0,1,1,1,0,0
11999,STU10533,17,73,0,0,2,1,0,27,15,0,99,47,1,2,3,3,0,0,1
12000,STU10534,17,73,0,0,2,1,0,29,14,0,78,80,1,0,1,1,1,0,0
12001,STU10535,19,68,1,1,0,1,0,28,0,1,79,94,1,2,0,0,0,1,0
12002,STU10536,19,68,2,0,1,0,0,28,0,1,79,94,1,2,0,0,0,1,0
12003,STU10537,19,68,2,0,1,1,0,28,0,1,79,94,1,2,0,0,0,1,0
12004,STU10538,19,68,2,0,0,0,0,28,0,1,79,94,1,2,0,0,0,1,0
12005,STU10539,23,63,1,1,2,1,0,18,16,1,86,63,1,2,2,2,0,0,1
12006,STU10540,23,63,1,1,1,1,0,18,16,1,86,63,1,2,2,2,0,0,1
12008,STU10541,23,63,2,0,0,1,0,18,16,1,86,63,1,2,2,2,0,0,1
12009,STU10542,25,94,1,0,0,0,1,25,0,1,97,79,1,2,1,1,1,0,0
12010,STU10543,15,100,0,0,1,1,1,29,5,0,58,65,1,0,2,2,0,1,0
12011,STU10544,15,100,2,0,2,1,1,29,5,0,58,65,1,0,2,2,0,1,0
12012,STU10545,15,100,1,1,1,1,1,29,5,0,58,65,1,0,2,2,0,1,0
12013,STU10546,36,66,2,1,2,1,1,21,12,1,50,81,1,2,1,1,0,0,1
12014,STU10547,9,71,2,1,1,1,1,24,18,0,83,58,1,1,2,2,0,0,0
12015,STU10548,25,80,0,0,1,1,1,20,5,0,52,79,0,2,1,1,0,0,1
12016,STU10549,25,80,0,0,1,1,1,23,1,0,75,79,1,2,1,1,0,1,0
12017,STU10550,25,80,1,1,0,1,1,20,5,0,52,79,0,2,1,1,0,0,1
12018,STU10551,25,80,1,1,0,1,1,23,1,0,75,79,1,2,1,1,0,1,0
12019,STU10552,18,90,2,0,2,0,0,27,17,1,71,85,1,2,0,0,0,0,1
12020,STU10553,18,90,2,0,2,0,0,26,12,1,74,60,0,0,2,2,0,1,0
12021,STU10554,18,90,2,1,1,1,0,27,17,1,71,85,1,2,0,0,0,0,1
12022,STU10555,18,90,2,1,1,1,0,26,12,1,74,60,0,0,2,2,0,1,0
12023,STU10556,18,90,1,1,2,1,0,27,17,1,71,85,1,2,0,0,0,0,1
12024,STU10557,18,90,1,1,2,1,0,26,12,1,74,60,0,0,2,2,0,1,0
12025,STU10558,18,90,1,0,0,1,0,27,17,1,71,85,1,2,0,0,0,0,1
12026,STU10559,18,90,1,0,0,1,0,26,12,1,74,60,0,0,2,2,0,1,0
12029,STU10560,18,90,2,1,0,1,0,27,17,1,71,85,1,2,0,0,0,0,1
12030,STU10561,18,90,2,1,0,1,0,26,12,1,74,60,0,0,2,2,0,1,0
12031,STU10562,8,75,1,0,1,1,1,27,11,0,89,55,0,1,2,2,0,0,1
12032,STU10563,8,75,1,0,1,1,1,21,17,0,64,77,1,2,1,1,0,0,1
12033,STU10564,8,75,1,0,1,1,1,27,9,1,84,100,1,2,0,0,1,0,0
12034,STU10565,27,77,1,1,0,1,1,23,9,0,82,91,0,2,0,0,0,0,1
12035,STU10566,27,77,2,0,2,1,1,23,9,0,82,91,0,2,0,0,0,0,1
12036,STU10567,27,77,2,1,0,1,1,23,9,0,82,91,0,2,0,0,0,0,1
12037,STU10568,10,63,1,0,1,1,1,21,3,1,90,100,1,2,0,0,1,0,0
12038,STU10569,10,63,1,0,1,1,1,27,19,1,73,89,1,1,0,0,1,0,0
12039,STU10570,10,63,1,0,1,1,1,24,3,1,93,66,1,0,2,2,1,0,0
12040,STU10571,10,63,1,0,1,1,1,27,1,0,69,97,1,2,0,0,1,0,0
12041,STU10572,10,63,1,0,1,1,1,18,14,1,85,82,0,0,1,1,1,0,0
12042,STU10573,10,63,2,0,0,0,1,21,3,1,90,100,1,2,0,0,1,0,0
12043,STU10574,10,63,2,0,0,0,1,27,19,1,73,89,1,1,0,0,1,0,0
12044,STU10575,10,63,2,0,0,0,1,24,3,1,93,66,1,0,2,2,1,0,0
12045,STU10576,10,63,2,0,0,0,1,27,1,0,69,97,1,2,0,0,1,0,0
12046,STU10577,10,63,2,0,0,0,1,18,14,1,85,82,0,0,1,1,1,0,0
12047,STU10578,10,63,1,0,0,1,1,21,3,1,90,100,1,2,0,0,1,0,0
12048,STU10579,10,63,1,0,0,1,1,27,19,1,73,89,1,1,0,0,1,0,0
12049,STU10580,10,63,1,0,0,1,1,24,3,1,93,66,1,0,2,2,1,0,0
12050,STU10581,10,63,1,0,0,1,1,27,1,0,69,97,1,2,0,0,1,0,0
12051,STU10582,10,63,1,0,0,1,1,18,14,1,85,82,0,0,1,1,1,0,0
12052,STU10583,22,92,1,0,1,1,1,27,1,1,55,56,1,2,2,2,0,0,1
12053,STU10584,22,92,1,0,1,1,1,29,3,0,51,42,1,0,3,3,0,0,0
12054,STU10585,22,92,1,0,1,1,1,22,8,1,65,63,1,2,2,2,1,0,0
12055,STU10586,22,92,0,0,1,1,1,27,1,1,55,56,1,2,2,2,0,0,1
12056,STU10587,22,92,0,0,1,1,1,29,3,0,51,42,1,0,3,3,0,0,0
12057,STU10588,22,92,0,0,1,1,1,22,8,1,65,63,1,2,2,2,1,0,0
12058,STU10589,22,92,0,1,2,1,1,27,1,1,55,56,1,2,2,2,0,0,1
12059,STU10590,22,92,0,1,2,1,1,29,3,0,51,42,1,0,3,3,0,0,0
12060,STU10591,22,92,0,1,2,1,1,22,8,1,65,63,1,2,2,2,1,0,0
12061,STU10592,22,92,0,1,0,1,1,27,1,1,55,56,1,2,2,2,0,0,1
12062,STU10593,22,92,0,1,0,1,1,29,3,0,51,42,1,0,3,3,0,0,0
12063,STU10594,22,92,0,1,0,1,1,22,8,1,65,63,1,2,2,2,1,0,0
12064,STU10595,22,92,2,0,0,1,1,27,1,1,55,56,1,2,2,2,0,0,1
12065,STU10596,22,92,2,0,0,1,1,29,3,0,51,42,1,0,3,3,0,0,0
12066,STU10597,22,92,2,0,0,1,1,22,8,1,65,63,1,2,2,2,1,0,0
12067,STU10598,22,92,0,0,0,1,1,27,1,1,55,56,1,2,2,2,0,0,1
12068,STU10599,22,92,0,0,0,1,1,29,3,0,51,42,1,0,3,3,0,0,0
12069,STU10600,22,92,0,0,0,1,1,22,8,1,65,63,1,2,2,2,1,0,0
12070,STU10601,22,92,2,0,1,1,1,27,1,1,55,56,1,2,2,2,0,0,1
12071,STU10602,22,92,2,0,1,1,1,29,3,0,51,42,1,0,3,3,0,0,0
12072,STU10603,22,92,2,0,1,1,1,22,8,1,65,63,1,2,2,2,1,0,0
12073,STU10604,22,92,1,1,1,1,1,27,1,1,55,56,1,2,2,2,0,0,1
12074,STU10605,22,92,1,1,1,1,1,29,3,0,51,42,1,0,3,3,0,0,0
12075,STU10606,22,92,1,1,1,1,1,22,8,1,65,63,1,2,2,2,1,0,0
12076,STU10607,29,64,2,1,1,1,0,20,6,0,99,49,1,2,3,3,0,1,0
12077,STU10608,29,64,1,0,1,1,0,20,6,0,99,49,1,2,3,3,0,1,0
12078,STU10609,13,67,2,1,1,1,0,28,0,0,56,82,0,2,1,1,0,0,0
12079,STU10610,13,67,2,1,1,1,0,21,6,0,84,81,1,2,1,1,0,0,0
12080,STU10611,21,77,0,1,0,1,0,29,11,1,83,92,1,1,0,0,0,0,0
12081,STU10612,21,77,0,1,2,1,0,29,11,1,83,92,1,1,0,0,0,0,0
12082,STU10613,21,77,1,1,1,1,0,29,11,1,83,92,1,1,0,0,0,0,0
12083,STU10614,21,77,1,1,0,1,0,29,11,1,83,92,1,1,0,0,0,0,0
12084,STU10615,7,84,2,1,0,1,1,25,8,1,63,88,1,1,0,0,0,0,1
12085,STU10616,7,84,2,1,0,1,1,20,9,1,84,55,0,2,2,2,0,0,1
12086,STU10617,7,84,1,1,1,0,1,25,8,1,63,88,1,1,0,0,0,0,1
12087,STU10618,7,84,1,1,1,0,1,20,9,1,84,55,0,2,2,2,0,0,1
12088,STU10619,7,84,2,0,1,1,1,25,8,1,63,88,1,1,0,0,0,0,1
12089,STU10620,7,84,2,0,1,1,1,20,9,1,84,55,0,2,2,2,0,0,1
12090,STU10621,7,66,0,1,2,1,1,18,7,0,64,79,0,2,1,1,0,0,0
12091,STU10622,7,66,0,1,2,1,1,21,17,0,56,65,1,1,2,2,0,1,0
12092,STU10623,7,66,0,1,2,1,1,19,17,1,67,70,1,1,1,1,0,1,0
12093,STU10624,7,64,2,0,2,1,1,29,17,1,79,60,1,1,2,2,0,1,0
12094,STU10625,28,84,1,1,1,1,1,21,3,1,78,65,1,1,2,2,0,0,1
12095,STU10626,28,84,1,1,1,1,1,24,7,1,100,44,1,2,3,3,0,1,0
12096,STU10627,28,84,2,1,2,1,1,21,3,1,78,65,1,1,2,2,0,0,1
12097,STU10628,28,84,2,1,2,1,1,24,7,1,100,44,1,2,3,3,0,1,0
12098,STU10629,7,70,1,1,1,1,0,25,6,1,53,62,1,2,2,2,1,0,0
12099,STU10630,7,70,1,1,1,1,0,24,8,0,61,41,1,2,3,3,1,0,0
12100,STU10631,23,95,1,0,0,1,0,21,2,1,54,98,0,2,0,0,0,1,0
12101,STU10632,23,95,1,0,0,1,0,26,20,0,64,73,1,2,1,1,0,1,0
12102,STU10633,23,95,0,0,2,1,0,21,2,1,54,98,0,2,0,0,0,1,0
12103,STU10634,23,95,0,0,2,1,0,26,20,0,64,73,1,2,1,1,0,1,0
12104,STU10635,23,95,1,1,2,1,0,21,2,1,54,98,0,2,0,0,0,1,0
12105,STU10636,23,95,1,1,2,1,0,26,20,0,64,73,1,2,1,1,0,1,0
12106,STU10637,23,95,1,0,1,1,0,21,2,1,54,98,0,2,0,0,0,1,0
12107,STU10638,23,95,1,0,1,1,0,26,20,0,64,73,1,2,1,1,0,1,0
12108,STU10639,44,68,0,0,0,1,0,21,7,0,99,85,0,2,0,0,0,0,1
12109,STU10640,7,98,1,0,2,1,0,25,16,1,65,77,0,1,1,1,0,0,1
12110,STU10641,7,98,1,0,2,1,0,19,2,0,56,59,0,2,2,2,0,0,1
12111,STU10642,28,69,0,0,0,1,1,26,1,1,54,42,0,1,3,3,0,0,0
12112,STU10643,28,69,2,0,0,1,1,26,1,1,54,42,0,1,3,3,0,0,0
12113,STU10644,28,69,1,1,1,1,1,26,1,1,54,42,0,1,3,3,0,0,0
12114,STU10645,28,69,2,1,0,0,1,26,1,1,54,42,0,1,3,3,0,0,0
12115,STU10646,28,69,2,1,0,1,1,26,1,1,54,42,0,1,3,3,0,0,0
12116,STU10647,28,69,0,0,1,1,1,26,1,1,54,42,0,1,3,3,0,0,0
12117,STU10648,29,73,1,0,0,1,1,22,5,1,76,90,1,2,0,0,0,0,1
12118,STU10649,29,73,1,0,0,1,1,21,11,1,52,91,0,0,0,0,1,0,0
12119,STU10650,10,93,1,1,1,1,0,21,13,0,52,63,1,1,2,2,0,0,1
12120,STU10651,10,93,1,1,1,1,0,18,10,1,76,56,0,2,2,2,0,0,1
12121,STU10652,10,93,1,1,1,1,0,23,17,1,76,73,1,2,1,1,0,1,0
12122,STU10653,18,61,1,0,1,1,0,27,0,0,54,82,0,2,1,1,0,0,1
12123,STU10654,18,61,1,0,1,1,0,24,2,1,97,66,1,2,2,2,1,0,0
12124,STU10655,18,61,0,0,1,1,0,27,0,0,54,82,0,2,1,1,0,0,1
12125,STU10656,18,61,0,0,1,1,0,24,2,1,97,66,1,2,2,2,1,0,0
12126,STU10657,18,61,0,1,2,1,0,27,0,0,54,82,0,2,1,1,0,0,1
12127,STU10658,18,61,0,1,2,1,0,24,2,1,97,66,1,2,2,2,1,0,0
12128,STU10659,17,66,1,1,1,0,0,28,5,0,77,49,1,2,3,3,0,1,0
12129,STU10660,17,66,1,1,1,0,0,21,4,1,88,68,1,0,2,2,0,0,0
12130,STU10661,17,66,1,1,1,0,0,26,16,1,77,85,0,2,0,0,0,1,0
12131,STU10662,17,66,1,1,1,0,0,26,2,1,89,57,0,1,2,2,0,0,1
12132,STU10663,17,66,1,0,1,1,0,28,5,0,77,49,1,2,3,3,0,1,0
12133,STU10664,17,66,1,0,1,1,0,21,4,1,88,68,1,0,2,2,0,0,0
12134,STU10665,17,66,1,0,1,1,0,26,16,1,77,85,0,2,0,0,0,1,0
12135,STU10666,17,66,1,0,1,1,0,26,2,1,89,57,0,1,2,2,0,0,1
12136,STU10667,14,75,1,1,1,1,1,28,4,1,78,42,0,2,3,3,0,0,0
12137,STU10668,14,75,1,0,1,1,1,28,4,1,78,42,0,2,3,3,0,0,0
12139,STU10669,16,60,2,1,0,1,1,23,15,1,96,44,1,0,3,3,0,0,0
12140,STU10670,16,60,0,0,0,1,1,23,15,1,96,44,1,0,3,3,0,0,0
12141,STU10671,9,90,1,1,0,1,0,23,9,0,86,98,1,0,0,0,0,0,1
12142,STU10672,9,91,1,0,2,1,1,28,5,0,76,91,1,0,0,0,0,0,0
12143,STU10673,9,91,1,0,2,1,1,21,17,0,84,58,1,2,2,2,0,0,0
12146,STU10674,32,75,1,1,2,1,1,27,2,1,98,99,1,2,0,0,0,0,0
12147,STU10675,32,75,1,1,2,1,1,29,6,1,51,62,0,2,2,2,0,0,1
12148,STU10676,32,75,0,0,1,1,1,27,2,1,98,99,1,2,0,0,0,0,0
12149,STU10677,32,75,0,0,1,1,1,29,6,1,51,62,0,2,2,2,0,0,1
12150,STU10678,10,97,2,0,0,1,1,28,1,0,98,89,1,1,0,0,0,0,0
12151,STU10679,10,97,2,0,0,1,1,18,0,1,92,66,1,2,2,2,0,1,0
12152,STU10680,10,97,2,0,0,1,1,21,7,1,73,91,0,2,0,0,1,0,0
12153,STU10681,34,68,1,0,2,1,1,18,3,1,70,87,1,2,0,0,0,0,1
12154,STU10682,14,71,2,0,1,1,0,27,9,0,62,62,1,0,2,2,0,0,1
12155,STU10683,14,71,2,0,1,1,0,25,19,1,89,94,1,1,0,0,0,1,0
12156,STU10684,14,71,0,1,0,1,0,27,9,0,62,62,1,0,2,2,0,0,1
12157,STU10685,14,71,0,1,0,1,0,25,19,1,89,94,1,1,0,0,0,1,0
12158,STU10686,14,71,2,1,1,1,0,27,9,0,62,62,1,0,2,2,0,0,1
12159,STU10687,14,71,2,1,1,1,0,25,19,1,89,94,1,1,0,0,0,1,0
12160,STU10688,22,100,1,1,1,1,0,18,6,0,69,59,1,2,2,2,0,0,1
12161,STU10689,22,100,1,1,1,1,0,28,12,1,53,65,1,0,2,2,0,1,0
12162,STU10690,9,60,0,1,1,1,0,29,7,1,72,97,1,2,0,0,0,0,0
12163,STU10691,9,60,0,1,1,1,0,24,16,1,96,85,1,1,0,0,0,1,0
12164,STU10692,9,60,0,1,1,1,0,29,13,1,66,94,1,2,0,0,0,0,1
12165,STU10693,31,84,1,1,0,1,0,26,12,1,94,99,1,2,0,0,1,0,0
12166,STU10694,11,88,0,1,0,1,0,29,7,1,52,60,1,1,2,2,0,0,0
12167,STU10695,28,78,1,0,0,1,1,27,12,0,98,87,0,0,0,0,0,0,1
12168,STU10696,28,78,1,1,0,1,1,27,12,0,98,87,0,0,0,0,0,0,1
12169,STU10697,12,77,0,1,1,1,0,24,8,1,86,64,1,0,2,2,0,0,0
12170,STU10698,12,77,0,1,1,1,0,23,11,0,69,76,1,1,1,1,0,0,1
12171,STU10699,12,77,0,1,1,1,0,18,7,1,100,94,1,1,0,0,0,0,0
12172,STU10700,12,77,1,0,0,1,0,24,8,1,86,64,1,0,2,2,0,0,0
12173,STU10701,12,77,1,0,0,1,0,23,11,0,69,76,1,1,1,1,0,0,1
12174,STU10702,12,77,1,0,0,1,0,18,7,1,100,94,1,1,0,0,0,0,0
12175,STU10703,27,65,1,1,1,1,0,28,1,1,84,78,1,2,1,1,0,1,0
12177,STU10704,18,63,0,0,1,1,1,25,4,0,75,61,1,0,2,2,1,0,0
12178,STU10705,18,63,0,0,1,1,1,21,17,0,79,72,1,2,1,1,0,1,0
12179,STU10706,18,63,2,0,1,1,1,25,4,0,75,61,1,0,2,2,1,0,0
12180,STU10707,18,63,2,0,1,1,1,21,17,0,79,72,1,2,1,1,0,1,0
12181,STU10708,21,97,0,0,1,1,0,23,2,0,61,87,1,2,0,0,0,0,1
12182,STU10709,21,97,0,0,1,1,0,22,13,0,91,57,1,2,2,2,0,0,1
12185,STU10710,21,97,2,0,0,1,0,23,2,0,61,87,1,2,0,0,0,0,1
12186,STU10711,21,97,2,0,0,1,0,22,13,0,91,57,1,2,2,2,0,0,1
12187,STU10712,21,97,1,1,2,1,0,23,2,0,61,87,1,2,0,0,0,0,1
12188,STU10713,21,97,1,1,2,1,0,22,13,0,91,57,1,2,2,2,0,0,1
12189,STU10714,17,90,1,1,0,1,0,27,19,1,82,53,1,2,3,3,0,0,1
12190,STU10715,17,90,1,1,0,1,0,28,18,0,71,56,0,2,2,2,0,1,0
12191,STU10716,17,90,1,1,0,1,0,20,16,0,86,91,0,1,0,0,0,0,0
12192,STU10717,17,90,1,1,0,1,0,28,5,1,56,77,1,0,1,1,0,1,0
12193,STU10718,17,90,1,1,0,1,0,26,7,1,76,42,1,2,3,3,0,0,0
12194,STU10719,17,90,2,0,1,1,0,27,19,1,82,53,1,2,3,3,0,0,1
12195,STU10720,17,90,2,0,1,1,0,28,18,0,71,56,0,2,2,2,0,1,0
12196,STU10721,17,90,2,0,1,1,0,20,16,0,86,91,0,1,0,0,0,0,0
12197,STU10722,17,90,2,0,1,1,0,28,5,1,56,77,1,0,1,1,0,1,0
12198,STU10723,17,90,2,0,1,1,0,26,7,1,76,42,1,2,3,3,0,0,0
12199,STU10724,17,90,2,1,0,1,0,27,19,1,82,53,1,2,3,3,0,0,1
12200,STU10725,17,90,2,1,0,1,0,28,18,0,71,56,0,2,2,2,0,1,0
12201,STU10726,17,90,2,1,0,1,0,20,16,0,86,91,0,1,0,0,0,0,0
12202,STU10727,17,90,2,1,0,1,0,28,5,1,56,77,1,0,1,1,0,1,0
12203,STU10728,17,90,2,1,0,1,0,26,7,1,76,42,1,2,3,3,0,0,0
12204,STU10729,5,88,1,0,1,1,0,18,8,1,75,66,1,1,2,2,0,0,1
12205,STU10730,16,70,1,1,2,1,0,29,15,0,62,71,1,2,1,1,0,1,0
12206,STU10731,16,70,1,1,2,1,0,28,19,1,81,97,0,1,0,0,0,0,0
12207,STU10732,16,70,1,1,2,1,0,23,4,1,59,78,1,2,1,1,0,1,0
12208,STU10733,16,70,2,0,2,0,0,29,15,0,62,71,1,2,1,1,0,1,0
12209,STU10734,16,70,2,0,2,0,0,28,19,1,81,97,0,1,0,0,0,0,0
12210,STU10735,16,70,2,0,2,0,0,23,4,1,59,78,1,2,1,1,0,1,0
12211,STU10736,21,87,2,1,2,1,0,26,14,0,63,55,1,0,2,2,0,0,0
12212,STU10737,21,87,2,1,2,1,0,19,0,0,56,43,0,2,3,3,0,0,1
12213,STU10738,21,87,1,1,1,1,0,26,14,0,63,55,1,0,2,2,0,0,0
12214,STU10739,21,87,1,1,1,1,0,19,0,0,56,43,0,2,3,3,0,0,1
12215,STU10740,21,87,0,1,1,1,0,26,14,0,63,55,1,0,2,2,0,0,0
12216,STU10741,21,87,0,1,1,1,0,19,0,0,56,43,0,2,3,3,0,0,1
12217,STU10742,21,85,1,0,1,1,0,18,8,1,72,45,0,2,3,3,0,0,1
12218,STU10743,21,85,1,0,1,1,0,26,6,0,85,56,1,1,2,2,0,1,0
12219,STU10744,21,85,1,0,1,1,0,18,14,0,97,52,0,1,3,3,0,0,0
12220,STU10745,21,85,1,0,0,1,0,18,8,1,72,45,0,2,3,3,0,0,1
12221,STU10746,21,85,1,0,0,1,0,26,6,0,85,56,1,1,2,2,0,1,0
12222,STU10747,21,85,1,0,0,1,0,18,14,0,97,52,0,1,3,3,0,0,0
12223,STU10748,21,85,2,1,1,1,0,18,8,1,72,45,0,2,3,3,0,0,1
12224,STU10749,21,85,2,1,1,1,0,26,6,0,85,56,1,1,2,2,0,1,0
12225,STU10750,21,85,2,1,1,1,0,18,14,0,97,52,0,1,3,3,0,0,0
12226,STU10751,21,85,1,1,0,1,0,18,8,1,72,45,0,2,3,3,0,0,1
12227,STU10752,21,85,1,1,0,1,0,26,6,0,85,56,1,1,2,2,0,1,0
12228,STU10753,21,85,1,1,0,1,0,18,14,0,97,52,0,1,3,3,0,0,0
12229,STU10754,8,80,1,0,1,1,1,19,19,0,82,91,1,0,0,0,0,0,0
12230,STU10755,8,80,1,0,1,1,1,20,0,1,71,82,1,2,1,1,1,0,0
12231,STU10756,8,80,1,0,1,1,1,27,4,1,62,66,1,0,2,2,0,0,1
12232,STU10757,8,80,1,1,1,1,1,19,19,0,82,91,1,0,0,0,0,0,0
12233,STU10758,8,80,1,1,1,1,1,20,0,1,71,82,1,2,1,1,1,0,0
12234,STU10759,8,80,1,1,1,1,1,27,4,1,62,66,1,0,2,2,0,0,1
12235,STU10760,27,91,2,0,1,1,0,24,9,1,98,58,1,1,2,2,0,0,0
12236,STU10761,27,91,2,0,1,1,0,27,6,1,55,70,1,0,1,1,0,0,0
12237,STU10762,27,91,2,0,1,1,0,22,8,1,89,95,0,2,0,0,1,0,0
12238,STU10763,27,91,2,0,1,1,0,26,2,0,92,60,1,0,2,2,0,0,0
12239,STU10764,27,91,2,0,1,1,0,26,11,0,80,84,1,2,1,1,0,0,1
12240,STU10765,27,91,2,1,0,1,0,24,9,1,98,58,1,1,2,2,0,0,0
12241,STU10766,27,91,2,1,0,1,0,27,6,1,55,70,1,0,1,1,0,0,0
12242,STU10767,27,91,2,1,0,1,0,22,8,1,89,95,0,2,0,0,1,0,0
12243,STU10768,27,91,2,1,0,1,0,26,2,0,92,60,1,0,2,2,0,0,0
12244,STU10769,27,91,2,1,0,1,0,26,11,0,80,84,1,2,1,1,0,0,1
12245,STU10770,27,91,1,0,1,1,0,24,9,1,98,58,1,1,2,2,0,0,0
12246,STU10771,27,91,1,0,1,1,0,27,6,1,55,70,1,0,1,1,0,0,0
12247,STU10772,27,91,1,0,1,1,0,22,8,1,89,95,0,2,0,0,1,0,0
12248,STU10773,27,91,1,0,1,1,0,26,2,0,92,60,1,0,2,2,0,0,0
12249,STU10774,27,91,1,0,1,1,0,26,11,0,80,84,1,2,1,1,0,0,1
12250,STU10775,27,91,2,0,1,0,0,24,9,1,98,58,1,1,2,2,0,0,0
12251,STU10776,27,91,2,0,1,0,0,27,6,1,55,70,1,0,1,1,0,0,0
12252,STU10777,27,91,2,0,1,0,0,22,8,1,89,95,0,2,0,0,1,0,0
12253,STU10778,27,91,2,0,1,0,0,26,2,0,92,60,1,0,2,2,0,0,0
12254,STU10779,27,91,2,0,1,0,0,26,11,0,80,84,1,2,1,1,0,0,1
12255,STU10780,15,93,1,1,1,1,0,28,10,0,95,42,0,2,3,3,0,0,1
12256,STU10781,15,93,1,1,1,1,0,20,9,1,96,42,1,2,3,3,0,1,0
12257,STU10782,15,93,1,1,1,1,0,23,4,0,62,92,1,2,0,0,1,0,0
12258,STU10783,15,93,1,1,1,1,0,21,10,1,58,54,1,1,3,3,1,0,0
12259,STU10784,15,93,1,0,2,1,0,28,10,0,95,42,0,2,3,3,0,0,1
12260,STU10785,15,93,1,0,2,1,0,20,9,1,96,42,1,2,3,3,0,1,0
12261,STU10786,15,93,1,0,2,1,0,23,4,0,62,92,1,2,0,0,1,0,0
12262,STU10787,15,93,1,0,2,1,0,21,10,1,58,54,1,1,3,3,1,0,0
12267,STU10788,15,93,0,1,0,1,0,28,10,0,95,42,0,2,3,3,0,0,1
12268,STU10789,15,93,0,1,0,1,0,20,9,1,96,42,1,2,3,3,0,1,0
12269,STU10790,15,93,0,1,0,1,0,23,4,0,62,92,1,2,0,0,1,0,0
12270,STU10791,15,93,0,1,0,1,0,21,10,1,58,54,1,1,3,3,1,0,0
12271,STU10792,11,99,1,1,1,1,0,22,11,0,93,56,1,2,2,2,0,0,1
12272,STU10793,11,99,1,1,1,1,0,21,4,1,94,49,1,1,3,3,1,0,0
12273,STU10794,11,99,1,0,1,1,0,22,11,0,93,56,1,2,2,2,0,0,1
12274,STU10795,11,99,1,0,1,1,0,21,4,1,94,49,1,1,3,3,1,0,0
12275,STU10796,31,77,0,1,2,1,0,24,6,1,88,60,1,1,2,2,1,0,0
12276,STU10797,31,77,0,1,2,1,0,28,13,1,80,65,1,2,2,2,0,1,0
12277,STU10798,31,61,1,0,1,1,0,29,0,1,80,94,1,1,0,0,0,0,1
12278,STU10799,31,61,1,0,1,1,0,23,10,0,85,49,0,1,3,3,0,1,0
12279,STU10800,31,61,1,0,1,1,0,23,4,0,53,68,0,2,2,2,0,1,0
12280,STU10801,31,61,1,0,1,1,0,18,13,0,93,40,1,0,3,3,1,0,0
12281,STU10802,21,68,1,0,0,1,0,18,6,1,84,61,1,1,2,2,1,0,0
12282,STU10803,21,68,1,0,0,1,0,28,2,1,87,84,1,2,1,1,0,0,0
12283,STU10804,21,68,1,0,0,1,0,23,4,0,52,54,1,2,3,3,0,0,0
12284,STU10805,27,62,0,0,1,1,1,22,0,1,66,74,1,2,1,1,1,0,0
12285,STU10806,27,62,1,0,0,1,1,22,0,1,66,74,1,2,1,1,1,0,0
12286,STU10807,27,62,0,1,1,1,1,22,0,1,66,74,1,2,1,1,1,0,0
12287,STU10808,27,62,1,0,1,1,1,22,0,1,66,74,1,2,1,1,1,0,0
12288,STU10809,23,83,0,0,1,1,0,23,16,1,94,66,0,2,2,2,0,0,1
12289,STU10810,23,83,0,0,1,1,0,27,10,1,58,99,1,1,0,0,1,0,0
12290,STU10811,23,83,0,0,1,1,0,24,14,0,95,99,0,1,0,0,1,0,0
12291,STU10812,23,83,0,0,1,1,0,21,16,1,71,94,0,0,0,0,0,0,0
12292,STU10813,23,83,0,0,1,1,0,18,4,0,60,66,1,2,2,2,0,0,1
12293,STU10814,23,83,0,1,1,0,0,23,16,1,94,66,0,2,2,2,0,0,1
12294,STU10815,23,83,0,1,1,0,0,27,10,1,58,99,1,1,0,0,1,0,0
12295,STU10816,23,83,0,1,1,0,0,24,14,0,95,99,0,1,0,0,1,0,0
12296,STU10817,23,83,0,1,1,0,0,21,16,1,71,94,0,0,0,0,0,0,0
12297,STU10818,23,83,0,1,1,0,0,18,4,0,60,66,1,2,2,2,0,0,1
12298,STU10819,16,98,0,1,1,1,0,24,1,0,59,94,1,0,0,0,1,0,0
12299,STU10820,16,98,0,1,1,1,0,23,11,0,52,51,0,1,3,3,0,0,0
12300,STU10821,16,98,0,1,1,1,0,20,5,1,96,49,0,1,3,3,1,0,0
12301,STU10822,16,98,1,0,1,1,0,24,1,0,59,94,1,0,0,0,1,0,0
12302,STU10823,16,98,1,0,1,1,0,23,11,0,52,51,0,1,3,3,0,0,0
12303,STU10824,16,98,1,0,1,1,0,20,5,1,96,49,0,1,3,3,1,0,0
12304,STU10825,12,62,2,1,2,1,1,29,0,1,61,58,0,0,2,2,1,0,0
12305,STU10826,12,62,2,1,2,1,1,20,17,0,87,100,1,2,0,0,1,0,0
12306,STU10827,9,100,0,0,1,1,1,27,12,1,76,47,1,2,3,3,0,1,0
12307,STU10828,9,100,0,0,1,1,1,28,10,1,77,43,1,0,3,3,1,0,0
12308,STU10829,9,100,0,0,1,1,1,20,16,0,99,71,1,1,1,1,0,0,0
12309,STU10830,13,74,2,1,1,1,1,27,0,0,82,89,0,1,0,0,0,0,0
12310,STU10831,13,74,2,1,1,1,1,23,19,1,62,49,1,1,3,3,0,1,0
12311,STU10832,13,74,1,0,0,1,1,27,0,0,82,89,0,1,0,0,0,0,0
12312,STU10833,13,74,1,0,0,1,1,23,19,1,62,49,1,1,3,3,0,1,0
12313,STU10834,13,74,2,1,2,1,1,27,0,0,82,89,0,1,0,0,0,0,0
12314,STU10835,13,74,2,1,2,1,1,23,19,1,62,49,1,1,3,3,0,1,0
12315,STU10836,17,62,0,0,1,1,0,20,1,1,72,81,1,2,1,1,0,0,1
12316,STU10837,17,62,0,0,1,1,0,26,4,1,87,81,0,1,1,1,0,0,0
12317,STU10838,17,62,0,0,1,1,0,18,20,0,69,50,1,2,3,3,0,0,1
12318,STU10839,17,62,0,0,1,1,0,26,14,1,94,76,1,1,1,1,0,1,0
12319,STU10840,17,62,0,0,1,1,0,27,11,1,83,81,1,0,1,1,0,0,1
12320,STU10841,17,62,0,0,1,1,0,20,9,1,60,44,0,0,3,3,0,1,0
12321,STU10842,17,62,0,0,2,1,0,20,1,1,72,81,1,2,1,1,0,0,1
12322,STU10843,17,62,0,0,2,1,0,26,4,1,87,81,0,1,1,1,0,0,0
12323,STU10844,17,62,0,0,2,1,0,18,20,0,69,50,1,2,3,3,0,0,1
12324,STU10845,17,62,0,0,2,1,0,26,14,1,94,76,1,1,1,1,0,1,0
12325,STU10846,17,62,0,0,2,1,0,27,11,1,83,81,1,0,1,1,0,0,1
12326,STU10847,17,62,0,0,2,1,0,20,9,1,60,44,0,0,3,3,0,1,0
12327,STU10848,9,75,1,0,0,1,0,22,13,1,58,98,1,0,0,0,0,0,0
12328,STU10849,9,75,1,0,0,1,0,23,12,1,89,72,1,2,1,1,0,1,0
12329,STU10850,9,75,1,0,0,1,0,21,19,1,94,84,1,1,1,1,1,0,0
12330,STU10851,10,69,1,1,0,1,0,29,1,1,60,82,0,2,1,1,1,0,0
12331,STU10852,10,69,1,0,1,1,0,29,1,1,60,82,0,2,1,1,1,0,0
12332,STU10853,29,63,0,1,2,0,1,27,6,1,87,72,1,2,1,1,0,0,1
12333,STU10854,7,63,2,1,1,1,1,23,17,1,53,76,1,1,1,1,1,0,0
12334,STU10855,7,63,2,1,1,1,1,29,2,1,91,51,0,2,3,3,1,0,0
12335,STU10856,7,63,2,1,1,1,1,24,4,1,52,98,1,1,0,0,0,0,1
12336,STU10857,7,63,2,1,1,1,1,18,20,1,69,56,1,2,2,2,1,0,0
12337,STU10858,15,88,2,1,1,1,0,29,15,1,94,87,1,2,0,0,1,0,0
12338,STU10859,15,88,2,1,1,1,0,23,19,0,93,71,1,2,1,1,0,0,1
12339,STU10860,15,88,1,1,1,1,0,29,15,1,94,87,1,2,0,0,1,0,0
12340,STU10861,15,88,1,1,1,1,0,23,19,0,93,71,1,2,1,1,0,0,1
12343,STU10862,10,77,2,0,0,1,1,24,10,0,82,43,1,2,3,3,0,0,1
12344,STU10863,10,77,2,0,1,1,1,24,10,0,82,43,1,2,3,3,0,0,1
12345,STU10864,13,80,2,0,1,1,1,27,5,0,79,63,1,2,2,2,0,1,0
12346,STU10865,13,80,2,0,1,1,1,24,0,0,63,80,0,0,1,1,0,0,0
12347,STU10866,13,80,2,0,1,1,1,28,13,1,91,43,0,2,3,3,0,0,0
12348,STU10867,9,83,0,1,1,1,0,26,18,0,89,88,0,1,0,0,0,0,0
12349,STU10868,9,83,0,1,1,1,0,21,0,1,72,92,0,1,0,0,1,0,0
12350,STU10869,14,92,0,1,0,1,0,28,0,0,85,90,1,1,0,0,0,0,1
12351,STU10870,14,92,0,1,0,1,0,22,18,1,91,94,0,2,0,0,0,0,0
12352,STU10871,14,92,0,1,0,1,0,24,18,1,54,68,1,1,2,2,0,1,0
12353,STU10872,11,60,2,0,2,1,1,21,1,0,98,78,1,2,1,1,1,0,0
12354,STU10873,11,60,2,0,2,1,1,26,19,0,79,92,1,1,0,0,0,0,0
12355,STU10874,26,64,1,1,0,1,0,20,5,1,76,96,1,2,0,0,1,0,0
12356,STU10875,26,64,1,1,0,1,0,25,11,1,100,44,1,2,3,3,0,1,0
12357,STU10876,26,64,1,1,0,1,0,25,20,1,80,61,1,1,2,2,0,0,1
12358,STU10877,26,64,1,1,0,1,0,21,7,0,65,94,1,2,0,0,1,0,0
12359,STU10878,13,86,1,0,1,0,1,26,11,0,99,82,1,0,1,1,1,0,0
12360,STU10879,13,86,1,0,1,0,1,24,11,1,96,90,1,2,0,0,0,0,1
12361,STU10880,13,86,2,0,1,1,1,26,11,0,99,82,1,0,1,1,1,0,0
12362,STU10881,13,86,2,0,1,1,1,24,11,1,96,90,1,2,0,0,0,0,1
12363,STU10882,13,86,0,1,1,1,1,26,11,0,99,82,1,0,1,1,1,0,0
12364,STU10883,13,86,0,1,1,1,1,24,11,1,96,90,1,2,0,0,0,0,1
12365,STU10884,13,86,1,0,1,1,1,26,11,0,99,82,1,0,1,1,1,0,0
12366,STU10885,13,86,1,0,1,1,1,24,11,1,96,90,1,2,0,0,0,0,1
12367,STU10886,13,86,2,1,1,1,1,26,11,0,99,82,1,0,1,1,1,0,0
12368,STU10887,13,86,2,1,1,1,1,24,11,1,96,90,1,2,0,0,0,0,1
12369,STU10888,9,87,0,0,0,0,1,22,7,1,53,72,0,2,1,1,0,1,0
12370,STU10889,9,62,2,1,2,1,1,20,13,1,81,52,0,2,3,3,1,0,0
12371,STU10890,9,62,2,1,2,1,1,27,9,1,90,57,0,1,2,2,1,0,0
12372,STU10891,9,62,2,1,2,1,1,25,6,1,99,99,1,2,0,0,1,0,0
12373,STU10892,28,72,1,1,0,1,0,23,15,1,74,76,1,1,1,1,0,0,0
12374,STU10893,28,72,1,1,0,1,0,18,6,1,56,79,1,2,1,1,0,0,1
12375,STU10894,28,72,1,1,0,1,0,20,3,1,96,74,0,2,1,1,1,0,0
12376,STU10895,28,72,1,1,0,1,0,19,16,1,93,63,1,1,2,2,0,1,0
12377,STU10896,28,72,0,0,2,1,0,23,15,1,74,76,1,1,1,1,0,0,0
12378,STU10897,28,72,0,0,2,1,0,18,6,1,56,79,1,2,1,1,0,0,1
12379,STU10898,28,72,0,0,2,1,0,20,3,1,96,74,0,2,1,1,1,0,0
12380,STU10899,28,72,0,0,2,1,0,19,16,1,93,63,1,1,2,2,0,1,0
12381,STU10900,16,92,0,0,2,1,0,21,12,1,98,51,1,2,3,3,0,0,0
12382,STU10901,16,92,0,0,2,1,0,23,3,1,65,57,0,1,2,2,0,0,0
12383,STU10902,16,92,0,0,2,1,0,18,7,1,81,46,1,0,3,3,0,0,0
12384,STU10903,16,92,1,0,0,0,0,21,12,1,98,51,1,2,3,3,0,0,0
12385,STU10904,16,92,1,0,0,0,0,23,3,1,65,57,0,1,2,2,0,0,0
12386,STU10905,16,92,1,0,0,0,0,18,7,1,81,46,1,0,3,3,0,0,0
12387,STU10906,16,92,1,1,2,1,0,21,12,1,98,51,1,2,3,3,0,0,0
12388,STU10907,16,92,1,1,2,1,0,23,3,1,65,57,0,1,2,2,0,0,0
12389,STU10908,16,92,1,1,2,1,0,18,7,1,81,46,1,0,3,3,0,0,0
12390,STU10909,16,92,0,1,0,1,0,21,12,1,98,51,1,2,3,3,0,0,0
12391,STU10910,16,92,0,1,0,1,0,23,3,1,65,57,0,1,2,2,0,0,0
12392,STU10911,16,92,0,1,0,1,0,18,7,1,81,46,1,0,3,3,0,0,0
12393,STU10912,15,81,1,0,0,0,0,29,4,1,69,79,0,2,1,1,1,0,0
12394,STU10913,15,81,1,0,0,0,0,21,4,1,97,51,1,2,3,3,0,0,1
12395,STU10914,15,81,1,0,0,0,0,18,17,1,90,47,1,1,3,3,1,0,0
12396,STU10915,15,81,1,0,2,1,0,29,4,1,69,79,0,2,1,1,1,0,0
12397,STU10916,15,81,1,0,2,1,0,21,4,1,97,51,1,2,3,3,0,0,1
12398,STU10917,15,81,1,0,2,1,0,18,17,1,90,47,1,1,3,3,1,0,0
12399,STU10918,15,81,2,1,2,1,0,29,4,1,69,79,0,2,1,1,1,0,0
12400,STU10919,15,81,2,1,2,1,0,21,4,1,97,51,1,2,3,3,0,0,1
12401,STU10920,15,81,2,1,2,1,0,18,17,1,90,47,1,1,3,3,1,0,0
12402,STU10921,27,75,1,0,1,1,0,28,16,1,100,47,0,2,3,3,0,0,1
12403,STU10922,27,75,1,0,1,1,0,29,6,1,96,55,1,0,2,2,0,1,0
12404,STU10923,27,75,1,0,1,1,0,21,13,1,85,62,1,1,2,2,0,1,0
12405,STU10924,27,75,1,0,1,0,0,28,16,1,100,47,0,2,3,3,0,0,1
12406,STU10925,27,75,1,0,1,0,0,29,6,1,96,55,1,0,2,2,0,1,0
12407,STU10926,27,75,1,0,1,0,0,21,13,1,85,62,1,1,2,2,0,1,0
12408,STU10927,27,75,0,1,0,1,0,28,16,1,100,47,0,2,3,3,0,0,1
12409,STU10928,27,75,0,1,0,1,0,29,6,1,96,55,1,0,2,2,0,1,0
12410,STU10929,27,75,0,1,0,1,0,21,13,1,85,62,1,1,2,2,0,1,0
12411,STU10930,30,98,2,1,2,0,0,23,13,1,76,43,1,2,3,3,0,0,0
12412,STU10931,30,98,2,1,1,1,0,23,13,1,76,43,1,2,3,3,0,0,0
12413,STU10932,10,74,1,1,2,1,1,23,6,0,87,67,0,1,2,2,0,0,1
12414,STU10933,24,75,2,1,2,1,0,22,2,1,74,90,1,0,0,0,0,0,1
12415,STU10934,24,75,2,1,2,1,0,28,10,1,77,96,1,1,0,0,0,0,1
12416,STU10935,24,75,1,1,0,1,0,22,2,1,74,90,1,0,0,0,0,0,1
12417,STU10936,24,75,1,1,0,1,0,28,10,1,77,96,1,1,0,0,0,0,1
12418,STU10937,28,68,2,1,1,1,0,22,3,1,66,87,0,2,0,0,0,0,0
12419,STU10938,28,68,2,1,1,1,0,24,19,1,90,89,1,2,0,0,0,0,0
12420,STU10939,28,68,2,1,1,1,0,28,7,1,77,75,1,1,1,1,0,0,1
12421,STU10940,14,91,1,0,2,1,0,20,19,1,87,62,1,0,2,2,0,0,0
12422,STU10941,14,91,1,0,2,1,0,28,0,1,84,99,1,0,0,0,0,0,0
12423,STU10942,8,71,1,1,1,1,0,18,2,1,79,66,1,2,2,2,0,0,1
12424,STU10943,8,71,1,1,1,1,0,18,5,1,63,98,1,2,0,0,0,1,0
12425,STU10944,8,71,1,1,1,1,0,22,10,1,77,72,1,1,1,1,0,0,0
12426,STU10945,8,71,1,1,1,1,0,25,5,1,81,93,0,2,0,0,1,0,0
12427,STU10946,8,71,1,1,1,0,0,18,2,1,79,66,1,2,2,2,0,0,1
12428,STU10947,8,71,1,1,1,0,0,18,5,1,63,98,1,2,0,0,0,1,0
12429,STU10948,8,71,1,1,1,0,0,22,10,1,77,72,1,1,1,1,0,0,0
12430,STU10949,8,71,1,1,1,0,0,25,5,1,81,93,0,2,0,0,1,0,0
12431,STU10950,14,63,1,1,2,1,1,20,12,0,72,93,1,0,0,0,0,0,0
12432,STU10951,14,63,1,1,2,1,1,21,14,1,52,92,1,2,0,0,0,0,1
12433,STU10952,14,63,0,0,1,1,1,20,12,0,72,93,1,0,0,0,0,0,0
12434,STU10953,14,63,0,0,1,1,1,21,14,1,52,92,1,2,0,0,0,0,1
12435,STU10954,31,62,1,1,2,1,1,27,1,1,55,93,1,0,0,0,0,0,1
12436,STU10955,21,74,0,1,0,1,0,19,7,1,84,44,0,1,3,3,0,0,1
12437,STU10956,21,74,0,1,0,1,0,19,3,0,51,65,1,1,2,2,1,0,0
12438,STU10957,21,74,0,1,0,1,0,25,3,0,87,80,1,2,1,1,1,0,0
12439,STU10958,21,74,0,1,0,1,0,20,8,1,50,98,0,0,0,0,0,1,0
12440,STU10959,21,74,0,1,0,1,0,29,8,0,53,84,1,2,1,1,0,0,0
12441,STU10960,21,74,0,1,0,1,0,20,3,1,64,100,0,1,0,0,0,0,0
12442,STU10961,21,74,1,1,0,1,0,19,7,1,84,44,0,1,3,3,0,0,1
12443,STU10962,21,74,1,1,0,1,0,19,3,0,51,65,1,1,2,2,1,0,0
12444,STU10963,21,74,1,1,0,1,0,25,3,0,87,80,1,2,1,1,1,0,0
12445,STU10964,21,74,1,1,0,1,0,20,8,1,50,98,0,0,0,0,0,1,0
12446,STU10965,21,74,1,1,0,1,0,29,8,0,53,84,1,2,1,1,0,0,0
12447,STU10966,21,74,1,1,0,1,0,20,3,1,64,100,0,1,0,0,0,0,0
12448,STU10967,21,74,2,1,0,1,0,19,7,1,84,44,0,1,3,3,0,0,1
12449,STU10968,21,74,2,1,0,1,0,19,3,0,51,65,1,1,2,2,1,0,0
12450,STU10969,21,74,2,1,0,1,0,25,3,0,87,80,1,2,1,1,1,0,0
12451,STU10970,21,74,2,1,0,1,0,20,8,1,50,98,0,0,0,0,0,1,0
12452,STU10971,21,74,2,1,0,1,0,29,8,0,53,84,1,2,1,1,0,0,0
12453,STU10972,21,74,2,1,0,1,0,20,3,1,64,100,0,1,0,0,0,0,0
12454,STU10973,26,77,0,0,1,1,1,20,1,1,79,83,1,2,1,1,0,1,0
12455,STU10974,26,77,1,1,0,1,1,20,1,1,79,83,1,2,1,1,0,1,0
12456,STU10975,26,77,1,1,1,1,1,20,1,1,79,83,1,2,1,1,0,1,0
12458,STU10976,37,96,1,1,1,1,1,27,19,1,92,41,1,2,3,3,0,1,0
12459,STU10977,19,73,1,0,1,1,1,22,1,1,69,42,1,2,3,3,0,0,0
12460,STU10978,19,73,1,1,1,1,1,22,1,1,69,42,1,2,3,3,0,0,0
12461,STU10979,21,64,0,1,2,1,0,26,7,0,68,93,1,1,0,0,0,1,0
12462,STU10980,21,64,0,1,2,1,0,24,14,0,64,64,1,1,2,2,0,0,1
12463,STU10981,21,64,2,1,0,1,0,26,7,0,68,93,1,1,0,0,0,1,0
12464,STU10982,21,64,2,1,0,1,0,24,14,0,64,64,1,1,2,2,0,0,1
12465,STU10983,21,64,0,0,2,1,0,26,7,0,68,93,1,1,0,0,0,1,0
12466,STU10984,21,64,0,0,2,1,0,24,14,0,64,64,1,1,2,2,0,0,1
12467,STU10985,15,63,2,1,0,0,1,27,2,1,50,71,1,1,1,1,0,1,0
12468,STU10986,15,63,2,1,0,0,1,20,7,0,72,68,1,2,2,2,0,0,1
12469,STU10987,15,63,2,1,0,0,1,19,3,1,53,73,1,2,1,1,1,0,0
12470,STU10988,15,63,2,1,0,0,1,29,8,1,51,66,0,0,2,2,0,0,0
12471,STU10989,15,63,0,1,1,1,1,27,2,1,50,71,1,1,1,1,0,1,0
12472,STU10990,15,63,0,1,1,1,1,20,7,0,72,68,1,2,2,2,0,0,1
12473,STU10991,15,63,0,1,1,1,1,19,3,1,53,73,1,2,1,1,1,0,0
12474,STU10992,15,63,0,1,1,1,1,29,8,1,51,66,0,0,2,2,0,0,0
12475,STU10993,15,63,1,1,0,1,1,27,2,1,50,71,1,1,1,1,0,1,0
12476,STU10994,15,63,1,1,0,1,1,20,7,0,72,68,1,2,2,2,0,0,1
12477,STU10995,15,63,1,1,0,1,1,19,3,1,53,73,1,2,1,1,1,0,0
12478,STU10996,15,63,1,1,0,1,1,29,8,1,51,66,0,0,2,2,0,0,0
12479,STU10997,15,63,2,0,2,1,1,27,2,1,50,71,1,1,1,1,0,1,0
12480,STU10998,15,63,2,0,2,1,1,20,7,0,72,68,1,2,2,2,0,0,1
12481,STU10999,15,63,2,0,2,1,1,19,3,1,53,73,1,2,1,1,1,0,0
12482,STU11000,15,63,2,0,2,1,1,29,8,1,51,66,0,0,2,2,0,0,0
12483,STU11001,24,96,2,1,1,1,1,24,20,1,52,51,1,2,3,3,0,0,0
12484,STU11002,24,96,2,1,1,1,1,21,14,1,86,50,1,2,3,3,1,0,0
12485,STU11003,24,96,2,1,1,1,1,28,5,0,62,89,1,2,0,0,0,0,1
12486,STU11004,24,96,2,1,1,1,1,19,17,0,80,60,1,2,2,2,1,0,0
12487,STU11005,18,100,1,0,1,1,1,20,3,1,54,58,1,1,2,2,0,0,1
12488,STU11006,18,100,1,1,1,1,1,20,3,1,54,58,1,1,2,2,0,0,1
12489,STU11007,18,100,0,1,2,0,1,20,3,1,54,58,1,1,2,2,0,0,1
12490,STU11008,21,75,2,0,0,1,0,18,1,0,79,72,1,2,1,1,1,0,0
12491,STU11009,21,75,2,0,0,1,0,22,3,1,53,48,1,2,3,3,0,0,0
12492,STU11010,21,75,2,0,0,1,0,22,20,0,98,94,1,0,0,0,0,0,1
12493,STU11011,21,75,2,0,2,1,0,18,1,0,79,72,1,2,1,1,1,0,0
12494,STU11012,21,75,2,0,2,1,0,22,3,1,53,48,1,2,3,3,0,0,0
12495,STU11013,21,75,2,0,2,1,0,22,20,0,98,94,1,0,0,0,0,0,1
12496,STU11014,20,88,1,0,1,1,0,23,20,0,57,99,1,2,0,0,0,0,0
12497,STU11015,20,88,1,0,1,1,0,29,16,0,84,82,1,2,1,1,1,0,0
12498,STU11016,20,88,1,0,1,1,0,21,3,1,73,89,1,2,0,0,0,1,0
12499,STU11017,20,88,1,1,1,1,0,23,20,0,57,99,1,2,0,0,0,0,0
12500,STU11018,20,88,1,1,1,1,0,29,16,0,84,82,1,2,1,1,1,0,0
12501,STU11019,20,88,1,1,1,1,0,21,3,1,73,89,1,2,0,0,0,1,0
12502,STU11020,25,96,1,0,1,1,0,18,20,1,57,79,1,2,1,1,0,0,1
12503,STU11021,25,96,1,0,1,1,0,20,8,1,82,91,1,0,0,0,1,0,0
12504,STU11022,25,96,1,0,1,1,0,19,20,1,72,94,1,2,0,0,0,0,0
12505,STU11023,25,96,1,0,1,1,0,20,20,1,90,60,1,0,2,2,0,1,0
12506,STU11024,29,69,1,1,1,1,1,20,19,1,100,61,1,2,2,2,0,1,0
12507,STU11025,29,69,1,1,1,1,1,25,17,1,78,51,1,1,3,3,0,0,1
12508,STU11026,29,69,1,1,1,1,1,26,7,1,83,64,1,2,2,2,0,1,0
12509,STU11027,29,67,0,0,1,0,0,20,0,1,91,91,1,2,0,0,0,0,1
12510,STU11028,29,67,2,0,1,0,0,20,0,1,91,91,1,2,0,0,0,0,1
12511,STU11029,29,67,0,1,1,1,0,20,0,1,91,91,1,2,0,0,0,0,1
12512,STU11030,5,69,1,1,1,0,0,19,14,1,61,94,1,1,0,0,1,0,0
12513,STU11031,5,69,1,1,1,0,0,24,6,0,88,86,1,2,0,0,1,0,0
12514,STU11032,5,69,1,1,1,0,0,22,18,1,99,58,1,2,2,2,0,0,0
12515,STU11033,28,80,1,0,0,1,1,27,16,0,96,62,0,2,2,2,0,1,0
12516,STU11034,28,80,2,0,2,1,1,27,16,0,96,62,0,2,2,2,0,1,0
12517,STU11035,28,80,2,0,1,1,1,27,16,0,96,62,0,2,2,2,0,1,0
12518,STU11036,13,98,1,1,2,1,1,23,9,0,90,50,1,2,3,3,0,0,0
12519,STU11037,13,98,1,1,2,1,1,29,7,1,58,49,0,0,3,3,0,1,0
12520,STU11038,13,98,0,1,1,1,1,23,9,0,90,50,1,2,3,3,0,0,0
12521,STU11039,13,98,0,1,1,1,1,29,7,1,58,49,0,0,3,3,0,1,0
12522,STU11040,30,62,2,1,1,1,1,18,1,0,87,50,1,2,3,3,0,0,0
12523,STU11041,13,73,2,1,2,1,0,27,20,0,76,41,1,0,3,3,0,1,0
12524,STU11042,13,73,2,0,1,1,0,27,20,0,76,41,1,0,3,3,0,1,0
12525,STU11043,31,96,0,0,0,1,0,24,7,1,99,63,1,1,2,2,0,0,1
12526,STU11044,31,96,0,0,0,1,0,20,11,0,90,46,1,0,3,3,1,0,0
12527,STU11045,31,96,0,0,0,1,0,24,10,1,67,89,0,2,0,0,1,0,0
12528,STU11046,31,96,1,1,1,1,0,24,7,1,99,63,1,1,2,2,0,0,1
12529,STU11047,31,96,1,1,1,1,0,20,11,0,90,46,1,0,3,3,1,0,0
12530,STU11048,31,96,1,1,1,1,0,24,10,1,67,89,0,2,0,0,1,0,0
12531,STU11049,13,65,2,0,0,1,0,21,0,1,78,91,0,2,0,0,0,0,1
12532,STU11050,13,65,2,0,0,1,0,24,3,0,65,58,1,0,2,2,1,0,0
12533,STU11051,13,65,2,0,0,1,0,28,3,0,94,86,1,1,0,0,0,0,0
12534,STU11052,13,65,2,0,0,1,0,19,5,0,73,73,0,0,1,1,0,0,1
12535,STU11053,13,65,2,0,0,1,0,19,17,0,80,100,1,2,0,0,0,1,0
12536,STU11054,13,65,2,1,1,1,0,21,0,1,78,91,0,2,0,0,0,0,1
12537,STU11055,13,65,2,1,1,1,0,24,3,0,65,58,1,0,2,2,1,0,0
12538,STU11056,13,65,2,1,1,1,0,28,3,0,94,86,1,1,0,0,0,0,0
12539,STU11057,13,65,2,1,1,1,0,19,5,0,73,73,0,0,1,1,0,0,1
12540,STU11058,13,65,2,1,1,1,0,19,17,0,80,100,1,2,0,0,0,1,0
12541,STU11059,34,84,2,1,1,1,1,27,12,0,72,48,0,2,3,3,1,0,0
12542,STU11060,34,84,2,1,1,1,1,29,15,1,89,94,0,2,0,0,1,0,0
12543,STU11061,34,84,2,1,1,1,1,29,8,1,83,91,0,2,0,0,0,0,0
12544,STU11062,34,84,2,1,1,1,1,22,9,1,96,83,0,2,1,1,0,0,0
12545,STU11063,34,84,2,1,1,1,1,24,13,1,60,78,0,2,1,1,0,0,1
12546,STU11064,21,94,1,1,1,1,0,26,8,1,56,77,1,0,1,1,0,0,1
12547,STU11065,21,94,1,1,1,1,0,24,15,1,70,71,1,2,1,1,0,0,1
12548,STU11066,21,94,2,0,0,1,0,26,8,1,56,77,1,0,1,1,0,0,1
12549,STU11067,21,94,2,0,0,1,0,24,15,1,70,71,1,2,1,1,0,0,1
12550,STU11068,21,94,0,1,0,1,0,26,8,1,56,77,1,0,1,1,0,0,1
12551,STU11069,21,94,0,1,0,1,0,24,15,1,70,71,1,2,1,1,0,0,1
12552,STU11070,21,94,1,0,0,1,0,26,8,1,56,77,1,0,1,1,0,0,1
12553,STU11071,21,94,1,0,0,1,0,24,15,1,70,71,1,2,1,1,0,0,1
12554,STU11072,20,63,2,1,1,1,1,20,14,1,51,99,1,0,0,0,0,0,0
12555,STU11073,20,63,2,1,1,1,1,18,6,1,66,94,1,0,0,0,0,0,1
12556,STU11074,20,63,1,1,1,1,1,20,14,1,51,99,1,0,0,0,0,0,0
12557,STU11075,20,63,1,1,1,1,1,18,6,1,66,94,1,0,0,0,0,0,1
12558,STU11076,20,63,1,0,0,1,1,20,14,1,51,99,1,0,0,0,0,0,0
12559,STU11077,20,63,1,0,0,1,1,18,6,1,66,94,1,0,0,0,0,0,1
12560,STU11078,20,63,1,0,2,1,1,20,14,1,51,99,1,0,0,0,0,0,0
12561,STU11079,20,63,1,0,2,1,1,18,6,1,66,94,1,0,0,0,0,0,1
12562,STU11080,20,63,0,0,0,1,1,20,14,1,51,99,1,0,0,0,0,0,0
12563,STU11081,20,63,0,0,0,1,1,18,6,1,66,94,1,0,0,0,0,0,1
12564,STU11082,20,63,1,1,0,1,1,20,14,1,51,99,1,0,0,0,0,0,0
12565,STU11083,20,63,1,1,0,1,1,18,6,1,66,94,1,0,0,0,0,0,1
12566,STU11084,12,76,1,1,1,1,1,18,6,1,78,64,1,2,2,2,0,1,0
12567,STU11085,12,76,1,1,1,1,1,22,8,1,77,74,1,2,1,1,1,0,0
12568,STU11086,12,76,1,1,1,1,1,22,9,0,55,76,1,1,1,1,1,0,0
12569,STU11087,12,76,0,1,0,1,1,18,6,1,78,64,1,2,2,2,0,1,0
12570,STU11088,12,76,0,1,0,1,1,22,8,1,77,74,1,2,1,1,1,0,0
12571,STU11089,12,76,0,1,0,1,1,22,9,0,55,76,1,1,1,1,1,0,0
12572,STU11090,14,72,2,0,1,1,1,24,17,1,72,46,1,0,3,3,0,1,0
12573,STU11091,14,72,0,0,2,1,1,24,17,1,72,46,1,0,3,3,0,1,0
12574,STU11092,27,79,0,1,2,1,0,26,15,0,80,49,1,2,3,3,0,0,1
12575,STU11093,27,79,0,1,2,1,0,24,19,1,65,62,1,2,2,2,0,0,1
12576,STU11094,27,79,2,1,2,1,0,26,15,0,80,49,1,2,3,3,0,0,1
12577,STU11095,27,79,2,1,2,1,0,24,19,1,65,62,1,2,2,2,0,0,1
12578,STU11096,14,78,2,1,1,1,1,19,7,1,57,100,0,1,0,0,0,0,0
12579,STU11097,14,78,2,1,1,1,1,28,20,0,94,71,1,2,1,1,0,0,0
12580,STU11098,14,78,2,1,1,1,1,26,17,1,98,79,1,2,1,1,0,1,0
12581,STU11099,14,78,1,0,1,1,1,19,7,1,57,100,0,1,0,0,0,0,0
12582,STU11100,14,78,1,0,1,1,1,28,20,0,94,71,1,2,1,1,0,0,0
12583,STU11101,14,78,1,0,1,1,1,26,17,1,98,79,1,2,1,1,0,1,0
12584,STU11102,18,85,1,1,1,1,0,24,20,1,69,78,1,0,1,1,1,0,0
12585,STU11103,18,85,1,1,1,1,0,20,9,1,75,45,1,0,3,3,0,1,0
12586,STU11104,18,85,2,1,2,0,0,24,20,1,69,78,1,0,1,1,1,0,0
12587,STU11105,18,85,2,1,2,0,0,20,9,1,75,45,1,0,3,3,0,1,0
12588,STU11106,18,85,2,1,2,1,0,24,20,1,69,78,1,0,1,1,1,0,0
12589,STU11107,18,85,2,1,2,1,0,20,9,1,75,45,1,0,3,3,0,1,0
12590,STU11108,7,62,1,1,0,1,1,29,5,1,92,81,1,2,1,1,0,0,1
12591,STU11109,7,62,1,1,0,1,1,22,5,0,81,45,1,2,3,3,0,0,0
12592,STU11110,7,62,1,1,0,1,1,20,7,1,74,97,1,1,0,0,0,0,0
12593,STU11111,13,81,2,0,0,1,1,20,1,1,78,48,0,2,3,3,1,0,0
12594,STU11112,13,81,2,0,0,1,1,23,13,1,78,93,1,2,0,0,0,0,1
12595,STU11113,13,81,2,0,0,1,1,24,18,0,55,74,0,0,1,1,0,0,0
12596,STU11114,13,81,2,0,0,1,1,24,2,1,70,43,1,1,3,3,0,0,0
12597,STU11115,13,81,2,0,0,1,1,20,0,0,56,93,1,0,0,0,0,0,1
12598,STU11116,13,81,1,1,0,1,1,20,1,1,78,48,0,2,3,3,1,0,0
12599,STU11117,13,81,1,1,0,1,1,23,13,1,78,93,1,2,0,0,0,0,1
12600,STU11118,13,81,1,1,0,1,1,24,18,0,55,74,0,0,1,1,0,0,0
12601,STU11119,13,81,1,1,0,1,1,24,2,1,70,43,1,1,3,3,0,0,0
12602,STU11120,13,81,1,1,0,1,1,20,0,0,56,93,1,0,0,0,0,0,1
12603,STU11121,9,89,2,1,1,1,1,23,1,0,85,56,1,2,2,2,0,0,1
12604,STU11122,9,89,2,1,1,1,1,23,15,1,70,84,1,0,1,1,1,0,0
12605,STU11123,9,89,2,1,1,1,1,20,1,0,98,74,1,1,1,1,0,1,0
12606,STU11124,9,89,2,1,1,1,1,21,3,0,81,93,1,2,0,0,0,0,0
12607,STU11125,9,89,1,1,1,1,1,23,1,0,85,56,1,2,2,2,0,0,1
12608,STU11126,9,89,1,1,1,1,1,23,15,1,70,84,1,0,1,1,1,0,0
12609,STU11127,9,89,1,1,1,1,1,20,1,0,98,74,1,1,1,1,0,1,0
12610,STU11128,9,89,1,1,1,1,1,21,3,0,81,93,1,2,0,0,0,0,0
12611,STU11129,12,69,0,0,1,1,1,28,20,1,68,57,0,0,2,2,0,0,1
12612,STU11130,12,69,0,0,1,1,1,25,16,1,51,90,1,2,0,0,0,1,0
12613,STU11131,12,69,0,0,1,1,1,22,1,1,85,47,0,1,3,3,1,0,0
12614,STU11132,12,69,0,0,1,1,1,26,20,1,76,87,1,2,0,0,0,1,0
12615,STU11133,12,69,2,1,0,1,1,28,20,1,68,57,0,0,2,2,0,0,1
12616,STU11134,12,69,2,1,0,1,1,25,16,1,51,90,1,2,0,0,0,1,0
12617,STU11135,12,69,2,1,0,1,1,22,1,1,85,47,0,1,3,3,1,0,0
12618,STU11136,12,69,2,1,0,1,1,26,20,1,76,87,1,2,0,0,0,1,0
12619,STU11137,32,80,1,0,0,1,1,26,12,0,87,43,1,2,3,3,1,0,0
12620,STU11138,29,83,2,0,1,1,0,20,2,1,52,91,1,1,0,0,1,0,0
12621,STU11139,29,83,2,0,1,1,0,22,18,1,62,54,1,2,3,3,0,0,1
12622,STU11140,29,83,2,0,1,1,0,28,4,0,83,52,1,0,3,3,0,0,1
12623,STU11141,29,83,1,0,2,1,0,20,2,1,52,91,1,1,0,0,1,0,0
12624,STU11142,29,83,1,0,2,1,0,22,18,1,62,54,1,2,3,3,0,0,1
12625,STU11143,29,83,1,0,2,1,0,28,4,0,83,52,1,0,3,3,0,0,1
12626,STU11144,31,70,0,1,2,1,0,24,15,0,66,98,1,2,0,0,0,0,0
12627,STU11145,10,77,2,1,2,1,0,20,3,0,52,75,1,1,1,1,0,0,0
12628,STU11146,10,77,2,1,2,1,0,28,20,1,56,66,0,1,2,2,0,0,1
12629,STU11147,10,77,2,1,2,1,0,26,19,0,68,100,0,2,0,0,1,0,0
12630,STU11148,10,77,2,1,2,1,0,26,15,1,69,95,1,1,0,0,0,0,1
12631,STU11149,10,77,2,1,2,1,0,19,5,1,97,42,1,0,3,3,0,0,0
12632,STU11150,10,77,2,1,1,1,0,20,3,0,52,75,1,1,1,1,0,0,0
12633,STU11151,10,77,2,1,1,1,0,28,20,1,56,66,0,1,2,2,0,0,1
12634,STU11152,10,77,2,1,1,1,0,26,19,0,68,100,0,2,0,0,1,0,0
12635,STU11153,10,77,2,1,1,1,0,26,15,1,69,95,1,1,0,0,0,0,1
12636,STU11154,10,77,2,1,1,1,0,19,5,1,97,42,1,0,3,3,0,0,0
12637,STU11155,23,60,1,1,0,0,0,25,11,1,98,61,1,2,2,2,1,0,0
12638,STU11156,23,60,1,1,0,0,0,19,11,1,72,41,1,2,3,3,0,0,0
12639,STU11157,23,60,1,0,0,1,0,25,11,1,98,61,1,2,2,2,1,0,0
12640,STU11158,23,60,1,0,0,1,0,19,11,1,72,41,1,2,3,3,0,0,0
12641,STU11159,27,64,1,1,0,1,0,29,18,0,93,55,1,2,2,2,0,0,1
12642,STU11160,27,64,1,1,1,1,0,29,18,0,93,55,1,2,2,2,0,0,1
12643,STU11161,27,64,1,0,2,1,0,29,18,0,93,55,1,2,2,2,0,0,1
12644,STU11162,21,70,2,1,0,1,0,29,16,1,80,91,1,1,0,0,0,1,0
12645,STU11163,21,70,2,1,0,1,0,21,0,1,77,85,0,2,0,0,0,1,0
12646,STU11164,21,70,0,0,2,1,0,29,16,1,80,91,1,1,0,0,0,1,0
12647,STU11165,21,70,0,0,2,1,0,21,0,1,77,85,0,2,0,0,0,1,0
12648,STU11166,21,70,2,1,1,1,0,29,16,1,80,91,1,1,0,0,0,1,0
12649,STU11167,21,70,2,1,1,1,0,21,0,1,77,85,0,2,0,0,0,1,0
12650,STU11168,11,72,1,0,2,1,1,21,4,0,86,63,0,2,2,2,0,0,1
12651,STU11169,11,72,1,0,2,1,1,29,20,1,96,64,1,2,2,2,0,1,0
12652,STU11170,11,72,1,1,0,1,1,21,4,0,86,63,0,2,2,2,0,0,1
12653,STU11171,11,72,1,1,0,1,1,29,20,1,96,64,1,2,2,2,0,1,0
12654,STU11172,11,72,0,0,2,1,1,21,4,0,86,63,0,2,2,2,0,0,1
12655,STU11173,11,72,0,0,2,1,1,29,20,1,96,64,1,2,2,2,0,1,0
12656,STU11174,15,82,1,1,1,1,0,23,13,0,92,65,0,1,2,2,1,0,0
12659,STU11175,32,87,1,1,1,1,0,22,1,1,65,47,1,2,3,3,0,1,0
12660,STU11176,32,87,1,1,1,1,0,24,15,1,89,70,1,2,1,1,0,1,0
12661,STU11177,29,83,0,0,0,1,1,29,11,1,79,64,0,2,2,2,0,0,0
12662,STU11178,29,83,0,0,0,1,1,28,0,0,71,85,1,0,0,0,0,0,1
12663,STU11179,29,83,0,1,2,1,1,29,11,1,79,64,0,2,2,2,0,0,0
12664,STU11180,29,83,0,1,2,1,1,28,0,0,71,85,1,0,0,0,0,0,1
12665,STU11181,29,83,2,1,1,1,1,29,11,1,79,64,0,2,2,2,0,0,0
12666,STU11182,29,83,2,1,1,1,1,28,0,0,71,85,1,0,0,0,0,0,1
12667,STU11183,34,77,2,0,1,1,0,20,9,0,64,72,1,2,1,1,0,1,0
12668,STU11184,5,95,2,1,0,1,0,19,4,0,85,60,1,2,2,2,0,0,1
12669,STU11185,32,76,1,0,1,1,0,29,1,1,61,76,0,2,1,1,0,0,1
12670,STU11186,32,76,1,0,1,1,0,28,9,1,82,90,1,2,0,0,0,0,0
12671,STU11187,32,76,0,1,0,1,0,29,1,1,61,76,0,2,1,1,0,0,1
12672,STU11188,32,76,0,1,0,1,0,28,9,1,82,90,1,2,0,0,0,0,0
12673,STU11189,17,100,1,0,0,1,0,20,8,1,81,68,1,2,2,2,0,1,0
12674,STU11190,17,100,1,0,0,1,0,26,13,1,85,74,1,2,1,1,0,1,0
12675,STU11191,17,100,1,0,0,1,0,20,5,1,57,96,0,1,0,0,0,0,1
12676,STU11192,12,61,0,1,0,1,0,26,5,0,89,78,0,0,1,1,1,0,0
12677,STU11193,17,64,1,0,1,1,1,18,1,1,90,51,1,2,3,3,0,1,0
12678,STU11194,17,64,1,0,1,1,1,19,4,1,73,81,1,1,1,1,0,0,0
12679,STU11195,17,64,1,0,1,1,1,21,6,1,82,55,1,0,2,2,1,0,0
12680,STU11196,17,64,2,1,1,1,1,18,1,1,90,51,1,2,3,3,0,1,0
12681,STU11197,17,64,2,1,1,1,1,19,4,1,73,81,1,1,1,1,0,0,0
12682,STU11198,17,64,2,1,1,1,1,21,6,1,82,55,1,0,2,2,1,0,0
12683,STU11199,17,64,2,0,0,1,1,18,1,1,90,51,1,2,3,3,0,1,0
12684,STU11200,17,64,2,0,0,1,1,19,4,1,73,81,1,1,1,1,0,0,0
12685,STU11201,17,64,2,0,0,1,1,21,6,1,82,55,1,0,2,2,1,0,0
12689,STU11202,17,64,0,0,2,1,1,18,1,1,90,51,1,2,3,3,0,1,0
12690,STU11203,17,64,0,0,2,1,1,19,4,1,73,81,1,1,1,1,0,0,0
12691,STU11204,17,64,0,0,2,1,1,21,6,1,82,55,1,0,2,2,1,0,0
12692,STU11205,17,64,1,1,1,1,1,18,1,1,90,51,1,2,3,3,0,1,0
12693,STU11206,17,64,1,1,1,1,1,19,4,1,73,81,1,1,1,1,0,0,0
12694,STU11207,17,64,1,1,1,1,1,21,6,1,82,55,1,0,2,2,1,0,0
12695,STU11208,17,64,1,1,2,1,1,18,1,1,90,51,1,2,3,3,0,1,0
12696,STU11209,17,64,1,1,2,1,1,19,4,1,73,81,1,1,1,1,0,0,0
12697,STU11210,17,64,1,1,2,1,1,21,6,1,82,55,1,0,2,2,1,0,0
12698,STU11211,9,70,1,1,0,1,1,27,18,1,75,99,0,2,0,0,0,0,0
12699,STU11212,34,93,1,0,0,1,0,18,3,0,71,48,0,2,3,3,1,0,0
12700,STU11213,34,93,1,0,0,1,0,22,13,0,76,86,1,0,0,0,1,0,0
12701,STU11214,34,93,1,0,0,1,0,29,17,1,99,73,1,2,1,1,0,1,0
12702,STU11215,34,93,1,0,0,1,0,25,8,0,89,89,1,2,0,0,0,0,0
12703,STU11216,21,78,2,0,1,0,0,28,17,1,60,99,0,1,0,0,1,0,0
12704,STU11217,21,78,2,0,1,0,0,27,18,0,97,40,0,2,3,3,0,0,1
12705,STU11218,21,78,2,0,1,0,0,26,13,0,61,76,1,2,1,1,0,0,1
12706,STU11219,21,78,2,0,2,1,0,28,17,1,60,99,0,1,0,0,1,0,0
12707,STU11220,21,78,2,0,2,1,0,27,18,0,97,40,0,2,3,3,0,0,1
12708,STU11221,21,78,2,0,2,1,0,26,13,0,61,76,1,2,1,1,0,0,1
12709,STU11222,21,78,1,1,1,1,0,28,17,1,60,99,0,1,0,0,1,0,0
12710,STU11223,21,78,1,1,1,1,0,27,18,0,97,40,0,2,3,3,0,0,1
12711,STU11224,21,78,1,1,1,1,0,26,13,0,61,76,1,2,1,1,0,0,1
12712,STU11225,30,97,2,1,2,1,1,19,1,0,66,90,1,1,0,0,0,1,0
12713,STU11226,30,97,2,0,1,1,1,19,1,0,66,90,1,1,0,0,0,1,0
12714,STU11227,13,64,0,0,1,1,0,18,10,0,81,94,0,1,0,0,0,0,0
12715,STU11228,13,64,0,0,1,1,0,28,9,0,70,42,1,2,3,3,1,0,0
12716,STU11229,13,64,0,0,1,1,0,24,10,0,52,72,1,2,1,1,0,0,0
12717,STU11230,13,64,2,1,1,1,0,18,10,0,81,94,0,1,0,0,0,0,0
12718,STU11231,13,64,2,1,1,1,0,28,9,0,70,42,1,2,3,3,1,0,0
12719,STU11232,13,64,2,1,1,1,0,24,10,0,52,72,1,2,1,1,0,0,0
12720,STU11233,13,64,2,0,0,1,0,18,10,0,81,94,0,1,0,0,0,0,0
12721,STU11234,13,64,2,0,0,1,0,28,9,0,70,42,1,2,3,3,1,0,0
12722,STU11235,13,64,2,0,0,1,0,24,10,0,52,72,1,2,1,1,0,0,0
12723,STU11236,32,63,2,0,1,0,0,27,9,1,91,79,0,0,1,1,0,0,0
12724,STU11237,32,63,2,0,1,0,0,22,11,1,75,40,1,2,3,3,0,0,1
12725,STU11238,30,72,2,1,1,1,0,28,6,1,72,96,1,2,0,0,0,1,0
12726,STU11239,30,72,1,1,2,1,0,28,6,1,72,96,1,2,0,0,0,1,0
12727,STU11240,21,83,0,1,0,0,0,20,10,1,72,44,1,1,3,3,1,0,0
12728,STU11241,21,83,0,1,0,0,0,18,7,1,94,96,1,1,0,0,1,0,0
12729,STU11242,21,83,0,1,0,0,0,22,14,1,64,73,0,1,1,1,0,1,0
12730,STU11243,21,83,0,1,0,0,0,19,9,0,58,64,1,1,2,2,0,0,0
12731,STU11244,21,83,1,0,2,1,0,20,10,1,72,44,1,1,3,3,1,0,0
12732,STU11245,21,83,1,0,2,1,0,18,7,1,94,96,1,1,0,0,1,0,0
12733,STU11246,21,83,1,0,2,1,0,22,14,1,64,73,0,1,1,1,0,1,0
12734,STU11247,21,83,1,0,2,1,0,19,9,0,58,64,1,1,2,2,0,0,0
12735,STU11248,21,83,1,0,1,1,0,20,10,1,72,44,1,1,3,3,1,0,0
12736,STU11249,21,83,1,0,1,1,0,18,7,1,94,96,1,1,0,0,1,0,0
12737,STU11250,21,83,1,0,1,1,0,22,14,1,64,73,0,1,1,1,0,1,0
12738,STU11251,21,83,1,0,1,1,0,19,9,0,58,64,1,1,2,2,0,0,0
12739,STU11252,12,65,2,1,2,1,1,20,15,0,52,88,1,2,0,0,0,0,1
12740,STU11253,12,65,2,1,2,1,1,27,6,0,99,40,1,2,3,3,0,0,1
12741,STU11254,12,65,2,1,2,1,1,24,19,1,92,75,0,2,1,1,0,0,1
12742,STU11255,12,65,2,0,1,1,1,20,15,0,52,88,1,2,0,0,0,0,1
12743,STU11256,12,65,2,0,1,1,1,27,6,0,99,40,1,2,3,3,0,0,1
12744,STU11257,12,65,2,0,1,1,1,24,19,1,92,75,0,2,1,1,0,0,1
12745,STU11258,12,65,1,0,1,1,1,20,15,0,52,88,1,2,0,0,0,0,1
12746,STU11259,12,65,1,0,1,1,1,27,6,0,99,40,1,2,3,3,0,0,1
12747,STU11260,12,65,1,0,1,1,1,24,19,1,92,75,0,2,1,1,0,0,1
12748,STU11261,7,61,2,1,2,1,0,18,18,1,77,66,0,2,2,2,0,0,1
12749,STU11262,7,61,2,1,2,1,0,27,4,0,58,47,0,0,3,3,0,1,0
12750,STU11263,14,93,0,1,0,1,0,18,11,0,82,68,0,0,2,2,0,0,1
12751,STU11264,17,97,1,0,0,1,0,26,13,1,73,71,1,2,1,1,0,1,0
12752,STU11265,17,97,1,0,0,1,0,26,18,0,100,54,1,2,3,3,0,1,0
12753,STU11266,17,97,1,0,0,1,0,19,16,0,78,59,0,2,2,2,0,0,1
12754,STU11267,17,97,1,1,1,0,0,26,13,1,73,71,1,2,1,1,0,1,0
12755,STU11268,17,97,1,1,1,0,0,26,18,0,100,54,1,2,3,3,0,1,0
12756,STU11269,17,97,1,1,1,0,0,19,16,0,78,59,0,2,2,2,0,0,1
12757,STU11270,32,64,0,1,1,1,1,27,14,0,94,76,1,2,1,1,0,1,0
12758,STU11271,32,64,0,1,1,1,1,23,16,1,89,41,1,2,3,3,1,0,0
12759,STU11272,20,96,1,1,1,1,0,28,11,1,93,59,0,0,2,2,0,0,1
12760,STU11273,20,96,1,1,1,1,0,26,17,1,96,100,1,2,0,0,0,1,0
12761,STU11274,20,96,1,1,2,1,0,28,11,1,93,59,0,0,2,2,0,0,1
12762,STU11275,20,96,1,1,2,1,0,26,17,1,96,100,1,2,0,0,0,1,0
12763,STU11276,23,88,2,0,2,1,0,19,18,1,92,46,1,1,3,3,1,0,0
12764,STU11277,23,88,1,0,1,1,0,19,18,1,92,46,1,1,3,3,1,0,0
12766,STU11278,28,77,2,1,1,1,1,22,12,1,96,75,1,0,1,1,0,0,0
12767,STU11279,28,77,2,1,1,1,1,24,2,0,85,59,1,2,2,2,1,0,0
12768,STU11280,7,60,2,1,0,1,0,19,1,1,65,93,1,2,0,0,0,0,0
12769,STU11281,13,100,1,0,1,0,1,28,14,1,91,53,1,2,3,3,1,0,0
12770,STU11282,13,100,1,0,1,0,1,24,2,0,59,42,1,1,3,3,0,1,0
12771,STU11283,13,100,1,0,1,0,1,20,20,1,71,58,1,2,2,2,0,0,0
12772,STU11284,13,100,1,0,1,0,1,24,18,0,50,66,1,0,2,2,0,0,0
12773,STU11285,13,100,0,1,0,1,1,28,14,1,91,53,1,2,3,3,1,0,0
12774,STU11286,13,100,0,1,0,1,1,24,2,0,59,42,1,1,3,3,0,1,0
12775,STU11287,13,100,0,1,0,1,1,20,20,1,71,58,1,2,2,2,0,0,0
12776,STU11288,13,100,0,1,0,1,1,24,18,0,50,66,1,0,2,2,0,0,0
12777,STU11289,19,95,1,1,2,0,0,20,13,1,88,86,1,1,0,0,1,0,0
12778,STU11290,19,95,1,1,2,0,0,28,19,1,71,65,1,2,2,2,0,1,0
12779,STU11291,19,95,1,1,2,0,0,29,2,0,72,94,0,0,0,0,0,1,0
12780,STU11292,19,95,1,1,2,0,0,18,2,1,92,82,0,1,1,1,0,0,1
12781,STU11293,19,95,1,1,2,0,0,29,11,0,60,85,0,2,0,0,0,0,0
12782,STU11294,19,95,1,1,2,0,0,20,6,0,75,41,0,1,3,3,1,0,0
12783,STU11295,19,95,2,1,1,1,0,20,13,1,88,86,1,1,0,0,1,0,0
12784,STU11296,19,95,2,1,1,1,0,28,19,1,71,65,1,2,2,2,0,1,0
12785,STU11297,19,95,2,1,1,1,0,29,2,0,72,94,0,0,0,0,0,1,0
12786,STU11298,19,95,2,1,1,1,0,18,2,1,92,82,0,1,1,1,0,0,1
12787,STU11299,19,95,2,1,1,1,0,29,11,0,60,85,0,2,0,0,0,0,0
12788,STU11300,19,95,2,1,1,1,0,20,6,0,75,41,0,1,3,3,1,0,0
12789,STU11301,32,100,2,1,1,0,1,21,8,1,78,44,0,1,3,3,0,0,1
12790,STU11302,33,72,1,0,0,1,1,28,7,1,93,49,1,1,3,3,1,0,0
12791,STU11303,33,72,1,0,0,1,1,22,19,1,53,46,0,2,3,3,0,0,1
12792,STU11304,30,95,1,1,1,1,1,22,0,1,75,55,1,0,2,2,0,1,0
12793,STU11305,15,61,0,1,1,1,0,20,12,0,68,54,1,2,3,3,0,0,1
12794,STU11306,15,61,0,1,1,1,0,24,11,1,60,96,1,2,0,0,1,0,0
12795,STU11307,15,61,0,1,1,1,0,24,0,1,62,44,1,1,3,3,0,0,1
12796,STU11308,15,61,0,1,1,1,0,20,15,1,66,67,1,2,2,2,0,0,1
12797,STU11309,15,61,0,1,1,1,0,26,0,1,72,58,1,0,2,2,1,0,0
12803,STU11310,15,61,1,0,2,1,0,20,12,0,68,54,1,2,3,3,0,0,1
12804,STU11311,15,61,1,0,2,1,0,24,11,1,60,96,1,2,0,0,1,0,0
12805,STU11312,15,61,1,0,2,1,0,24,0,1,62,44,1,1,3,3,0,0,1
12806,STU11313,15,61,1,0,2,1,0,20,15,1,66,67,1,2,2,2,0,0,1
12807,STU11314,15,61,1,0,2,1,0,26,0,1,72,58,1,0,2,2,1,0,0
12808,STU11315,15,61,1,1,2,1,0,20,12,0,68,54,1,2,3,3,0,0,1
12809,STU11316,15,61,1,1,2,1,0,24,11,1,60,96,1,2,0,0,1,0,0
12810,STU11317,15,61,1,1,2,1,0,24,0,1,62,44,1,1,3,3,0,0,1
12811,STU11318,15,61,1,1,2,1,0,20,15,1,66,67,1,2,2,2,0,0,1
12812,STU11319,15,61,1,1,2,1,0,26,0,1,72,58,1,0,2,2,1,0,0
12813,STU11320,28,76,1,1,0,1,0,25,13,1,85,90,1,2,0,0,0,1,0
12814,STU11321,28,76,1,1,0,1,0,21,9,1,59,92,1,2,0,0,0,0,0
12815,STU11322,28,76,1,1,0,1,0,25,8,1,56,77,1,2,1,1,1,0,0
12816,STU11323,28,76,1,1,0,1,0,26,1,0,80,42,1,1,3,3,0,0,1
12817,STU11324,28,76,1,1,1,1,0,25,13,1,85,90,1,2,0,0,0,1,0
12818,STU11325,28,76,1,1,1,1,0,21,9,1,59,92,1,2,0,0,0,0,0
12819,STU11326,28,76,1,1,1,1,0,25,8,1,56,77,1,2,1,1,1,0,0
12820,STU11327,28,76,1,1,1,1,0,26,1,0,80,42,1,1,3,3,0,0,1
12821,STU11328,9,97,1,1,1,1,0,27,15,1,72,63,0,1,2,2,1,0,0
12822,STU11329,9,97,1,1,1,1,0,19,4,1,50,43,1,0,3,3,0,0,1
12823,STU11330,9,97,1,1,1,1,0,22,10,1,58,89,1,1,0,0,0,1,0
12824,STU11331,9,97,1,1,1,1,0,28,14,0,86,40,1,1,3,3,0,0,0
12825,STU11332,9,97,1,1,1,1,0,18,18,1,77,77,0,2,1,1,0,0,1
12826,STU11333,21,100,2,0,1,0,0,23,19,0,72,42,0,0,3,3,0,0,1
12827,STU11334,21,100,2,0,1,0,0,26,17,1,67,57,1,0,2,2,1,0,0
12828,STU11335,21,100,2,0,1,0,0,25,17,1,96,96,0,2,0,0,0,0,1
12829,STU11336,21,100,2,0,1,0,0,23,13,0,62,92,1,1,0,0,0,1,0
12830,STU11337,21,100,2,0,1,0,0,24,19,1,63,44,1,2,3,3,0,0,1
12831,STU11338,21,100,1,1,1,1,0,23,19,0,72,42,0,0,3,3,0,0,1
12832,STU11339,21,100,1,1,1,1,0,26,17,1,67,57,1,0,2,2,1,0,0
12833,STU11340,21,100,1,1,1,1,0,25,17,1,96,96,0,2,0,0,0,0,1
12834,STU11341,21,100,1,1,1,1,0,23,13,0,62,92,1,1,0,0,0,1,0
12835,STU11342,21,100,1,1,1,1,0,24,19,1,63,44,1,2,3,3,0,0,1
12836,STU11343,7,62,2,0,1,1,0,21,13,1,94,71,1,1,1,1,0,1,0
12837,STU11344,7,62,2,0,1,1,0,20,19,0,93,80,1,0,1,1,0,0,0
12838,STU11345,7,62,1,1,1,1,0,21,13,1,94,71,1,1,1,1,0,1,0
12839,STU11346,7,62,1,1,1,1,0,20,19,0,93,80,1,0,1,1,0,0,0
12840,STU11347,28,94,0,1,1,1,0,24,15,1,53,92,0,1,0,0,0,1,0
12841,STU11348,28,94,1,1,1,1,0,24,15,1,53,92,0,1,0,0,0,1,0
12842,STU11349,28,94,2,1,2,1,0,24,15,1,53,92,0,1,0,0,0,1,0
12843,STU11350,14,90,2,1,1,1,0,18,14,1,90,75,1,2,1,1,0,0,0
12844,STU11351,14,90,1,1,1,1,0,18,14,1,90,75,1,2,1,1,0,0,0
12847,STU11352,34,81,1,1,0,1,1,27,9,0,73,84,1,1,1,1,1,0,0
12848,STU11353,27,84,1,0,1,1,1,23,10,1,80,77,1,2,1,1,0,1,0
12849,STU11354,27,84,1,0,1,1,1,18,3,0,64,92,0,2,0,0,0,0,1
12850,STU11355,27,84,1,0,1,1,1,28,3,1,55,53,1,1,3,3,0,1,0
12851,STU11356,32,98,2,0,1,1,1,23,16,1,84,68,1,2,2,2,0,0,0
12852,STU11357,32,98,2,0,1,1,1,25,7,1,99,50,1,2,3,3,0,1,0
12853,STU11358,32,98,2,0,1,1,1,21,15,1,54,62,1,0,2,2,0,0,1
12854,STU11359,8,95,1,0,0,1,1,23,17,0,96,91,1,2,0,0,0,0,1
12855,STU11360,8,95,1,0,0,1,1,25,13,0,90,71,1,2,1,1,0,0,0
12856,STU11361,31,68,1,0,0,1,0,26,2,1,90,84,0,1,1,1,0,0,1
12857,STU11362,31,68,1,0,0,1,0,23,12,1,63,68,0,1,2,2,1,0,0
12858,STU11363,31,68,1,0,0,1,0,29,14,1,67,62,1,0,2,2,0,0,0
12859,STU11364,31,68,1,0,1,1,0,26,2,1,90,84,0,1,1,1,0,0,1
12860,STU11365,31,68,1,0,1,1,0,23,12,1,63,68,0,1,2,2,1,0,0
12861,STU11366,31,68,1,0,1,1,0,29,14,1,67,62,1,0,2,2,0,0,0
12862,STU11367,11,67,1,1,0,1,0,25,5,1,95,55,1,0,2,2,1,0,0
12863,STU11368,11,67,1,1,0,1,0,24,0,0,62,91,1,0,0,0,0,0,1
12864,STU11369,11,67,1,1,0,1,0,19,13,0,54,95,1,2,0,0,1,0,0
12865,STU11370,11,67,2,0,2,1,0,25,5,1,95,55,1,0,2,2,1,0,0
12866,STU11371,11,67,2,0,2,1,0,24,0,0,62,91,1,0,0,0,0,0,1
12867,STU11372,11,67,2,0,2,1,0,19,13,0,54,95,1,2,0,0,1,0,0
12868,STU11373,24,99,1,1,1,1,0,29,18,0,51,42,0,2,3,3,0,0,1
12869,STU11374,22,62,1,1,1,1,0,23,14,1,53,97,1,2,0,0,1,0,0
12870,STU11375,22,62,1,1,0,1,0,23,14,1,53,97,1,2,0,0,1,0,0
12872,STU11376,23,72,1,0,1,0,0,26,4,0,95,82,1,2,1,1,0,1,0
12873,STU11377,23,72,1,0,1,0,0,23,6,1,75,78,0,1,1,1,1,0,0
12874,STU11378,23,72,1,0,1,0,0,29,2,1,80,47,0,2,3,3,0,1,0
12875,STU11379,23,72,1,1,0,1,0,26,4,0,95,82,1,2,1,1,0,1,0
12876,STU11380,23,72,1,1,0,1,0,23,6,1,75,78,0,1,1,1,1,0,0
12877,STU11381,23,72,1,1,0,1,0,29,2,1,80,47,0,2,3,3,0,1,0
12878,STU11382,23,72,1,1,0,0,0,26,4,0,95,82,1,2,1,1,0,1,0
12879,STU11383,23,72,1,1,0,0,0,23,6,1,75,78,0,1,1,1,1,0,0
12880,STU11384,23,72,1,1,0,0,0,29,2,1,80,47,0,2,3,3,0,1,0
12881,STU11385,23,72,2,1,1,1,0,26,4,0,95,82,1,2,1,1,0,1,0
12882,STU11386,23,72,2,1,1,1,0,23,6,1,75,78,0,1,1,1,1,0,0
12883,STU11387,23,72,2,1,1,1,0,29,2,1,80,47,0,2,3,3,0,1,0
12884,STU11388,19,74,1,0,2,1,0,19,7,0,83,97,0,2,0,0,0,0,1
12885,STU11389,19,74,1,0,2,1,0,22,8,1,91,63,1,2,2,2,0,0,0
12886,STU11390,19,74,1,0,2,1,0,23,17,1,72,49,0,2,3,3,1,0,0
12887,STU11391,19,74,1,0,2,1,0,27,18,0,61,96,0,2,0,0,0,0,0
12888,STU11392,19,74,2,1,1,1,0,19,7,0,83,97,0,2,0,0,0,0,1
12889,STU11393,19,74,2,1,1,1,0,22,8,1,91,63,1,2,2,2,0,0,0
12890,STU11394,19,74,2,1,1,1,0,23,17,1,72,49,0,2,3,3,1,0,0
12891,STU11395,19,74,2,1,1,1,0,27,18,0,61,96,0,2,0,0,0,0,0
12892,STU11396,19,74,1,1,2,1,0,19,7,0,83,97,0,2,0,0,0,0,1
12893,STU11397,19,74,1,1,2,1,0,22,8,1,91,63,1,2,2,2,0,0,0
12894,STU11398,19,74,1,1,2,1,0,23,17,1,72,49,0,2,3,3,1,0,0
12895,STU11399,19,74,1,1,2,1,0,27,18,0,61,96,0,2,0,0,0,0,0
12896,STU11400,19,74,2,1,2,1,0,19,7,0,83,97,0,2,0,0,0,0,1
12897,STU11401,19,74,2,1,2,1,0,22,8,1,91,63,1,2,2,2,0,0,0
12898,STU11402,19,74,2,1,2,1,0,23,17,1,72,49,0,2,3,3,1,0,0
12899,STU11403,19,74,2,1,2,1,0,27,18,0,61,96,0,2,0,0,0,0,0
12900,STU11404,7,99,2,1,0,0,0,20,19,1,73,48,1,2,3,3,1,0,0
12901,STU11405,33,66,1,1,1,1,0,22,13,0,98,95,1,2,0,0,0,0,1
12902,STU11406,12,80,2,1,2,1,1,22,1,1,54,42,0,1,3,3,0,0,0
12903,STU11407,12,80,2,1,2,1,1,27,8,1,98,60,1,1,2,2,0,1,0
12904,STU11408,12,80,2,1,2,1,1,24,5,1,91,67,1,1,2,2,0,1,0
12905,STU11409,12,80,2,1,2,1,1,26,13,0,51,87,0,2,0,0,1,0,0
12906,STU11410,12,80,2,1,2,1,1,27,16,1,95,54,1,2,3,3,0,1,0
12907,STU11411,12,80,0,0,1,1,1,22,1,1,54,42,0,1,3,3,0,0,0
12908,STU11412,12,80,0,0,1,1,1,27,8,1,98,60,1,1,2,2,0,1,0
12909,STU11413,12,80,0,0,1,1,1,24,5,1,91,67,1,1,2,2,0,1,0
12910,STU11414,12,80,0,0,1,1,1,26,13,0,51,87,0,2,0,0,1,0,0
12911,STU11415,12,80,0,0,1,1,1,27,16,1,95,54,1,2,3,3,0,1,0
12912,STU11416,12,80,2,1,1,1,1,22,1,1,54,42,0,1,3,3,0,0,0
12913,STU11417,12,80,2,1,1,1,1,27,8,1,98,60,1,1,2,2,0,1,0
12914,STU11418,12,80,2,1,1,1,1,24,5,1,91,67,1,1,2,2,0,1,0
12915,STU11419,12,80,2,1,1,1,1,26,13,0,51,87,0,2,0,0,1,0,0
12916,STU11420,12,80,2,1,1,1,1,27,16,1,95,54,1,2,3,3,0,1,0
12917,STU11421,13,79,2,1,0,0,0,20,9,0,90,86,1,2,0,0,0,1,0
12918,STU11422,13,79,2,1,0,0,0,19,18,0,68,64,1,1,2,2,1,0,0
12919,STU11423,13,79,2,1,0,0,0,29,0,1,73,76,0,0,1,1,0,0,0
12920,STU11424,13,79,2,1,0,0,0,29,2,1,96,41,0,2,3,3,1,0,0
12921,STU11425,13,79,2,1,0,0,0,22,6,0,60,65,1,1,2,2,0,0,0
12922,STU11426,13,79,2,0,2,1,0,20,9,0,90,86,1,2,0,0,0,1,0
12923,STU11427,13,79,2,0,2,1,0,19,18,0,68,64,1,1,2,2,1,0,0
12924,STU11428,13,79,2,0,2,1,0,29,0,1,73,76,0,0,1,1,0,0,0
12925,STU11429,13,79,2,0,2,1,0,29,2,1,96,41,0,2,3,3,1,0,0
12926,STU11430,13,79,2,0,2,1,0,22,6,0,60,65,1,1,2,2,0,0,0
12927,STU11431,13,79,0,0,1,0,0,20,9,0,90,86,1,2,0,0,0,1,0
12928,STU11432,13,79,0,0,1,0,0,19,18,0,68,64,1,1,2,2,1,0,0
12929,STU11433,13,79,0,0,1,0,0,29,0,1,73,76,0,0,1,1,0,0,0
12930,STU11434,13,79,0,0,1,0,0,29,2,1,96,41,0,2,3,3,1,0,0
12931,STU11435,13,79,0,0,1,0,0,22,6,0,60,65,1,1,2,2,0,0,0
12932,STU11436,27,98,0,1,0,1,1,29,9,1,75,96,1,0,0,0,0,0,1
12933,STU11437,27,98,0,1,0,1,1,20,17,0,76,54,1,0,3,3,0,0,1
12934,STU11438,27,98,0,1,0,1,1,22,4,1,59,47,0,2,3,3,0,0,0
12935,STU11439,35,68,2,1,1,1,1,26,2,1,67,61,1,1,2,2,0,0,1
12936,STU11440,35,68,2,1,1,1,1,26,8,1,82,88,0,1,0,0,0,0,0
12937,STU11441,35,68,2,1,1,1,1,18,4,0,56,89,0,1,0,0,0,1,0
12938,STU11442,17,85,1,1,1,1,1,27,8,0,51,64,1,2,2,2,0,0,1
12939,STU11443,17,85,1,1,1,1,1,18,10,0,82,70,1,1,1,1,0,1,0
12940,STU11444,17,85,0,0,1,1,1,27,8,0,51,64,1,2,2,2,0,0,1
12941,STU11445,17,85,0,0,1,1,1,18,10,0,82,70,1,1,1,1,0,1,0
12944,STU11446,28,95,1,0,2,1,1,25,3,1,81,43,0,2,3,3,0,1,0
12945,STU11447,28,95,1,0,2,1,1,25,5,0,96,100,0,2,0,0,0,1,0
12946,STU11448,28,95,1,0,2,1,1,25,15,1,62,48,1,2,3,3,0,0,1
12947,STU11449,28,95,1,0,2,1,1,19,15,0,91,50,1,1,3,3,0,1,0
12948,STU11450,28,95,1,0,1,1,1,25,3,1,81,43,0,2,3,3,0,1,0
12949,STU11451,28,95,1,0,1,1,1,25,5,0,96,100,0,2,0,0,0,1,0
12950,STU11452,28,95,1,0,1,1,1,25,15,1,62,48,1,2,3,3,0,0,1
12951,STU11453,28,95,1,0,1,1,1,19,15,0,91,50,1,1,3,3,0,1,0
12952,STU11454,28,95,1,0,0,1,1,25,3,1,81,43,0,2,3,3,0,1,0
12953,STU11455,28,95,1,0,0,1,1,25,5,0,96,100,0,2,0,0,0,1,0
12954,STU11456,28,95,1,0,0,1,1,25,15,1,62,48,1,2,3,3,0,0,1
12955,STU11457,28,95,1,0,0,1,1,19,15,0,91,50,1,1,3,3,0,1,0
12956,STU11458,11,76,1,1,0,1,0,28,6,1,55,92,1,1,0,0,1,0,0
12957,STU11459,11,76,1,1,0,1,0,20,1,1,68,49,1,0,3,3,0,0,1
12958,STU11460,11,76,1,1,0,1,0,21,13,0,81,55,1,1,2,2,0,1,0
12959,STU11461,11,76,1,0,2,1,0,28,6,1,55,92,1,1,0,0,1,0,0
12960,STU11462,11,76,1,0,2,1,0,20,1,1,68,49,1,0,3,3,0,0,1
12961,STU11463,11,76,1,0,2,1,0,21,13,0,81,55,1,1,2,2,0,1,0
12962,STU11464,7,92,1,1,1,1,0,19,0,1,76,66,1,2,2,2,0,0,1
12963,STU11465,7,92,1,1,1,1,0,19,11,1,57,87,1,2,0,0,1,0,0
12964,STU11466,7,92,1,1,1,1,0,29,1,1,78,94,1,0,0,0,0,0,1
12965,STU11467,7,92,1,1,1,1,0,23,19,1,56,54,1,1,3,3,1,0,0
12966,STU11468,7,92,1,1,1,1,0,25,10,0,78,67,1,0,2,2,0,0,1
12967,STU11469,26,72,0,0,0,1,0,20,0,0,65,98,1,2,0,0,0,1,0
12968,STU11470,26,72,0,0,0,1,0,25,3,1,87,74,0,2,1,1,0,0,0
12969,STU11471,26,72,0,0,0,1,0,19,19,0,68,47,1,0,3,3,0,0,1
12970,STU11472,26,72,0,0,1,1,0,20,0,0,65,98,1,2,0,0,0,1,0
12971,STU11473,26,72,0,0,1,1,0,25,3,1,87,74,0,2,1,1,0,0,0
12972,STU11474,26,72,0,0,1,1,0,19,19,0,68,47,1,0,3,3,0,0,1
12973,STU11475,39,90,2,0,2,1,0,25,10,1,56,93,1,2,0,0,0,0,0
12974,STU11476,39,90,2,0,2,1,0,28,5,0,56,48,0,2,3,3,0,0,0
12975,STU11477,34,72,2,1,0,1,1,18,18,0,63,56,1,2,2,2,0,1,0
12976,STU11478,19,77,1,0,0,1,0,28,4,1,91,86,0,2,0,0,0,0,0
12977,STU11479,19,77,1,0,0,1,0,18,3,0,57,47,1,2,3,3,0,1,0
12978,STU11480,19,77,1,0,0,1,0,20,12,1,85,84,0,2,1,1,1,0,0
12979,STU11481,19,77,0,1,1,1,0,28,4,1,91,86,0,2,0,0,0,0,0
12980,STU11482,19,77,0,1,1,1,0,18,3,0,57,47,1,2,3,3,0,1,0
12981,STU11483,19,77,0,1,1,1,0,20,12,1,85,84,0,2,1,1,1,0,0
12982,STU11484,19,77,0,1,0,1,0,28,4,1,91,86,0,2,0,0,0,0,0
12983,STU11485,19,77,0,1,0,1,0,18,3,0,57,47,1,2,3,3,0,1,0
12984,STU11486,19,77,0,1,0,1,0,20,12,1,85,84,0,2,1,1,1,0,0
12985,STU11487,19,77,1,1,2,1,0,28,4,1,91,86,0,2,0,0,0,0,0
12986,STU11488,19,77,1,1,2,1,0,18,3,0,57,47,1,2,3,3,0,1,0
12987,STU11489,19,77,1,1,2,1,0,20,12,1,85,84,0,2,1,1,1,0,0
12988,STU11490,19,77,0,0,0,1,0,28,4,1,91,86,0,2,0,0,0,0,0
12989,STU11491,19,77,0,0,0,1,0,18,3,0,57,47,1,2,3,3,0,1,0
12990,STU11492,19,77,0,0,0,1,0,20,12,1,85,84,0,2,1,1,1,0,0
12991,STU11493,30,89,1,0,1,1,1,22,11,1,99,62,1,1,2,2,1,0,0
12992,STU11494,30,89,1,0,1,1,1,24,6,1,84,90,1,1,0,0,0,1,0
12993,STU11495,30,89,1,0,1,1,1,25,16,1,74,70,0,2,1,1,0,0,0
12994,STU11496,9,93,0,1,0,1,0,19,12,0,50,52,0,2,3,3,0,0,0
12995,STU11497,9,93,0,1,0,1,0,28,12,1,98,85,0,1,0,0,0,0,1
12996,STU11498,9,93,0,1,0,1,0,19,15,1,75,42,0,2,3,3,0,0,0
12997,STU11499,9,93,0,1,0,1,0,24,10,1,54,48,0,2,3,3,0,0,0
12998,STU11500,9,93,0,1,0,1,0,26,18,0,53,72,1,0,1,1,0,1,0
12999,STU11501,9,93,0,1,0,1,0,22,8,1,96,56,1,2,2,2,0,0,0
13000,STU11502,9,93,0,1,0,1,0,18,0,1,94,88,0,1,0,0,1,0,0
13001,STU11503,16,100,2,0,1,1,0,27,19,1,87,59,0,0,2,2,1,0,0
13003,STU11504,16,100,1,1,2,1,0,27,19,1,87,59,0,0,2,2,1,0,0
13004,STU11505,26,92,2,0,1,1,1,19,1,1,88,68,0,2,2,2,0,0,1
13005,STU11506,26,92,2,0,1,1,1,25,12,1,53,76,1,1,1,1,0,0,0
13006,STU11507,26,92,2,0,1,1,1,18,16,1,93,74,1,2,1,1,0,0,1
13007,STU11508,26,92,1,1,1,1,1,19,1,1,88,68,0,2,2,2,0,0,1
13008,STU11509,26,92,1,1,1,1,1,25,12,1,53,76,1,1,1,1,0,0,0
13009,STU11510,26,92,1,1,1,1,1,18,16,1,93,74,1,2,1,1,0,0,1
13010,STU11511,26,92,2,0,2,1,1,19,1,1,88,68,0,2,2,2,0,0,1
13011,STU11512,26,92,2,0,2,1,1,25,12,1,53,76,1,1,1,1,0,0,0
13012,STU11513,26,92,2,0,2,1,1,18,16,1,93,74,1,2,1,1,0,0,1
13013,STU11514,26,92,1,0,1,1,1,19,1,1,88,68,0,2,2,2,0,0,1
13014,STU11515,26,92,1,0,1,1,1,25,12,1,53,76,1,1,1,1,0,0,0
13015,STU11516,26,92,1,0,1,1,1,18,16,1,93,74,1,2,1,1,0,0,1
13016,STU11517,6,90,1,1,1,1,1,27,19,1,99,67,1,0,2,2,0,1,0
13017,STU11518,6,90,1,1,1,1,1,25,4,1,77,94,1,1,0,0,0,0,1
13018,STU11519,16,84,0,0,0,0,1,20,13,1,99,65,1,0,2,2,0,1,0
13019,STU11520,16,84,0,0,0,0,1,18,2,1,54,75,0,1,1,1,0,0,0
13020,STU11521,16,84,1,0,0,1,1,20,13,1,99,65,1,0,2,2,0,1,0
13021,STU11522,16,84,1,0,0,1,1,18,2,1,54,75,0,1,1,1,0,0,0
13022,STU11523,16,84,2,1,1,0,1,20,13,1,99,65,1,0,2,2,0,1,0
13023,STU11524,16,84,2,1,1,0,1,18,2,1,54,75,0,1,1,1,0,0,0
13024,STU11525,16,84,2,1,1,1,1,20,13,1,99,65,1,0,2,2,0,1,0
13025,STU11526,16,84,2,1,1,1,1,18,2,1,54,75,0,1,1,1,0,0,0
13026,STU11527,16,84,2,0,0,1,1,20,13,1,99,65,1,0,2,2,0,1,0
13027,STU11528,16,84,2,0,0,1,1,18,2,1,54,75,0,1,1,1,0,0,0
13028,STU11529,14,61,1,1,1,0,1,26,2,1,59,92,1,1,0,0,0,1,0
13029,STU11530,14,61,1,1,1,0,1,29,13,1,54,81,1,2,1,1,0,0,0
13030,STU11531,14,61,1,1,1,0,1,18,2,0,86,96,1,2,0,0,0,0,1
13031,STU11532,14,61,1,1,1,0,1,19,11,1,74,78,0,2,1,1,0,0,1
13032,STU11533,14,61,1,1,0,1,1,26,2,1,59,92,1,1,0,0,0,1,0
13033,STU11534,14,61,1,1,0,1,1,29,13,1,54,81,1,2,1,1,0,0,0
13034,STU11535,14,61,1,1,0,1,1,18,2,0,86,96,1,2,0,0,0,0,1
13035,STU11536,14,61,1,1,0,1,1,19,11,1,74,78,0,2,1,1,0,0,1
13036,STU11537,28,63,2,1,0,1,0,23,18,0,70,51,0,2,3,3,0,0,0
13037,STU11538,28,63,2,1,0,1,0,18,2,0,88,71,1,2,1,1,0,1,0
13038,STU11539,28,63,2,1,0,1,0,25,0,0,68,58,1,1,2,2,0,1,0
13039,STU11540,8,82,2,1,1,0,0,27,11,1,60,96,1,1,0,0,0,0,0
13040,STU11541,8,66,2,1,1,1,1,23,5,1,67,64,1,0,2,2,1,0,0
13041,STU11542,14,73,2,0,1,1,1,29,15,0,94,90,1,0,0,0,0,0,0
13042,STU11543,14,73,2,0,1,1,1,23,10,1,91,72,1,0,1,1,0,0,1
13043,STU11544,14,73,2,0,1,1,1,28,4,1,81,72,1,1,1,1,1,0,0
13044,STU11545,20,100,1,1,1,1,1,25,2,1,55,70,1,2,1,1,0,1,0
13045,STU11546,20,100,1,1,1,1,1,27,19,1,50,99,1,1,0,0,0,0,0
13046,STU11547,20,100,1,1,1,1,1,19,2,1,60,55,1,1,2,2,0,0,1
13050,STU11548,20,100,1,1,2,0,1,25,2,1,55,70,1,2,1,1,0,1,0
13051,STU11549,20,100,1,1,2,0,1,27,19,1,50,99,1,1,0,0,0,0,0
13052,STU11550,20,100,1,1,2,0,1,19,2,1,60,55,1,1,2,2,0,0,1
13053,STU11551,12,68,2,0,2,1,0,19,11,1,51,75,1,2,1,1,1,0,0
13054,STU11552,12,68,2,0,2,1,0,20,8,0,89,64,1,2,2,2,0,1,0
13055,STU11553,11,100,2,0,1,1,0,22,20,1,58,52,1,2,3,3,0,0,0
13056,STU11554,11,100,2,0,1,1,0,24,2,0,84,85,1,2,0,0,1,0,0
13057,STU11555,11,100,2,1,2,1,0,22,20,1,58,52,1,2,3,3,0,0,0
13058,STU11556,11,100,2,1,2,1,0,24,2,0,84,85,1,2,0,0,1,0,0
13059,STU11557,12,61,1,1,1,1,1,27,6,1,94,96,1,2,0,0,0,0,1
13060,STU11558,12,61,1,1,1,1,1,25,19,0,66,53,1,2,3,3,1,0,0
13063,STU11559,30,82,1,1,0,1,0,22,14,1,96,77,1,0,1,1,0,0,1
13064,STU11560,30,82,1,1,0,1,0,21,8,0,62,61,1,1,2,2,0,0,0
13065,STU11561,30,82,2,1,1,1,0,22,14,1,96,77,1,0,1,1,0,0,1
13066,STU11562,30,82,2,1,1,1,0,21,8,0,62,61,1,1,2,2,0,0,0
13067,STU11563,13,91,1,1,1,1,1,27,2,1,85,96,0,1,0,0,0,0,0
13068,STU11564,13,91,1,1,1,1,1,28,17,0,81,70,1,2,1,1,0,0,0
13069,STU11565,13,91,0,1,0,1,1,27,2,1,85,96,0,1,0,0,0,0,0
13070,STU11566,13,91,0,1,0,1,1,28,17,0,81,70,1,2,1,1,0,0,0
13071,STU11567,16,91,2,0,0,1,1,29,20,0,75,56,0,2,2,2,0,0,1
13072,STU11568,16,91,2,1,0,1,1,29,20,0,75,56,0,2,2,2,0,0,1
13073,STU11569,16,91,1,1,1,1,1,29,20,0,75,56,0,2,2,2,0,0,1
13074,STU11570,22,97,1,1,0,1,0,28,10,1,78,100,1,0,0,0,1,0,0
13075,STU11571,22,97,1,1,0,1,0,22,8,0,79,88,1,2,0,0,1,0,0
13076,STU11572,22,97,1,1,0,1,0,18,8,1,78,96,1,2,0,0,1,0,0
13077,STU11573,22,97,1,1,0,1,0,20,4,1,54,91,0,0,0,0,0,0,1
13078,STU11574,22,97,1,1,0,1,0,22,13,1,76,52,1,2,3,3,0,1,0
13079,STU11575,22,97,1,1,0,1,0,24,5,0,95,92,0,0,0,0,1,0,0
13080,STU11576,22,97,1,0,2,1,0,28,10,1,78,100,1,0,0,0,1,0,0
13081,STU11577,22,97,1,0,2,1,0,22,8,0,79,88,1,2,0,0,1,0,0
13082,STU11578,22,97,1,0,2,1,0,18,8,1,78,96,1,2,0,0,1,0,0
13083,STU11579,22,97,1,0,2,1,0,20,4,1,54,91,0,0,0,0,0,0,1
13084,STU11580,22,97,1,0,2,1,0,22,13,1,76,52,1,2,3,3,0,1,0
13085,STU11581,22,97,1,0,2,1,0,24,5,0,95,92,0,0,0,0,1,0,0
13086,STU11582,9,97,1,0,0,1,1,19,6,1,74,45,0,2,3,3,0,1,0
13087,STU11583,7,90,1,1,0,1,1,29,10,0,82,81,1,2,1,1,0,1,0
13088,STU11584,22,60,0,0,1,0,0,26,7,1,95,86,1,2,0,0,0,0,0
13089,STU11585,22,60,1,1,1,1,0,26,7,1,95,86,1,2,0,0,0,0,0
13090,STU11586,30,100,2,0,1,1,1,21,10,0,51,78,0,1,1,1,0,1,0
13091,STU11587,30,100,2,0,1,1,1,28,2,0,57,90,1,2,0,0,0,1,0
13092,STU11588,30,100,2,1,0,1,1,21,10,0,51,78,0,1,1,1,0,1,0
13093,STU11589,30,100,2,1,0,1,1,28,2,0,57,90,1,2,0,0,0,1,0
13094,STU11590,30,70,0,0,2,1,1,18,20,1,72,96,0,1,0,0,0,0,1
13095,STU11591,30,70,0,0,2,1,1,19,7,0,56,46,1,2,3,3,0,0,1
13096,STU11592,30,70,0,0,2,1,1,19,6,1,80,50,1,2,3,3,0,0,1
13097,STU11593,30,70,0,0,2,1,1,18,6,0,91,95,1,0,0,0,0,1,0
13098,STU11594,30,70,0,0,2,1,1,20,7,1,75,82,1,0,1,1,0,0,1
13099,STU11595,30,70,0,0,2,1,1,29,12,1,61,76,1,2,1,1,0,1,0
13100,STU11596,31,85,1,1,0,1,0,21,18,1,61,92,1,2,0,0,1,0,0
13101,STU11597,31,85,1,1,0,1,0,25,8,1,72,72,0,2,1,1,0,1,0
13102,STU11598,10,73,1,1,2,1,1,24,4,0,77,68,1,0,2,2,0,1,0
13103,STU11599,10,73,0,1,0,1,1,24,4,0,77,68,1,0,2,2,0,1,0
13104,STU11600,25,66,1,1,1,1,0,26,6,0,84,56,0,2,2,2,1,0,0
13105,STU11601,25,66,1,1,1,1,0,28,4,1,76,98,1,2,0,0,1,0,0
13106,STU11602,25,66,2,0,2,1,0,26,6,0,84,56,0,2,2,2,1,0,0
13107,STU11603,25,66,2,0,2,1,0,28,4,1,76,98,1,2,0,0,1,0,0
13110,STU11604,6,98,0,0,1,1,0,20,11,1,57,66,1,0,2,2,0,0,1
13111,STU11605,6,98,0,0,1,1,0,18,14,0,96,69,1,0,2,2,1,0,0
13112,STU11606,6,98,0,0,1,1,0,18,6,1,58,78,1,2,1,1,1,0,0
13113,STU11607,18,92,1,1,0,1,0,20,19,0,76,92,1,1,0,0,0,1,0
13114,STU11608,12,66,2,1,0,1,1,19,5,1,50,78,1,1,1,1,1,0,0
13115,STU11609,12,66,2,1,0,1,1,19,15,1,70,42,1,0,3,3,0,0,1
13116,STU11610,12,66,2,1,1,0,1,19,5,1,50,78,1,1,1,1,1,0,0
13117,STU11611,12,66,2,1,1,0,1,19,15,1,70,42,1,0,3,3,0,0,1
13118,STU11612,33,74,0,0,1,1,1,23,13,1,53,94,1,0,0,0,0,0,0
13119,STU11613,33,74,1,1,1,1,1,23,13,1,53,94,1,0,0,0,0,0,0
13120,STU11614,31,94,1,0,0,1,1,25,11,1,99,62,1,0,2,2,0,1,0
13121,STU11615,32,66,2,1,2,1,1,23,6,1,84,74,1,2,1,1,0,1,0
13122,STU11616,32,66,2,1,2,1,1,23,11,0,64,47,1,1,3,3,0,0,0
13123,STU11617,23,93,2,0,2,1,0,22,14,0,62,59,1,1,2,2,0,0,0
13124,STU11618,23,93,2,0,2,1,0,26,10,0,72,51,1,1,3,3,0,0,0
13125,STU11619,23,93,2,0,2,1,0,24,15,0,62,94,1,2,0,0,1,0,0
13126,STU11620,23,93,2,0,2,1,0,25,5,0,61,75,0,0,1,1,0,0,0
13127,STU11621,23,93,2,0,2,1,0,27,11,0,96,81,1,2,1,1,1,0,0
13128,STU11622,23,93,2,1,2,1,0,22,14,0,62,59,1,1,2,2,0,0,0
13129,STU11623,23,93,2,1,2,1,0,26,10,0,72,51,1,1,3,3,0,0,0
13130,STU11624,23,93,2,1,2,1,0,24,15,0,62,94,1,2,0,0,1,0,0
13131,STU11625,23,93,2,1,2,1,0,25,5,0,61,75,0,0,1,1,0,0,0
13132,STU11626,23,93,2,1,2,1,0,27,11,0,96,81,1,2,1,1,1,0,0
13133,STU11627,23,93,0,1,2,1,0,22,14,0,62,59,1,1,2,2,0,0,0
13134,STU11628,23,93,0,1,2,1,0,26,10,0,72,51,1,1,3,3,0,0,0
13135,STU11629,23,93,0,1,2,1,0,24,15,0,62,94,1,2,0,0,1,0,0
13136,STU11630,23,93,0,1,2,1,0,25,5,0,61,75,0,0,1,1,0,0,0
13137,STU11631,23,93,0,1,2,1,0,27,11,0,96,81,1,2,1,1,1,0,0
13138,STU11632,23,93,1,0,1,1,0,22,14,0,62,59,1,1,2,2,0,0,0
13139,STU11633,23,93,1,0,1,1,0,26,10,0,72,51,1,1,3,3,0,0,0
13140,STU11634,23,93,1,0,1,1,0,24,15,0,62,94,1,2,0,0,1,0,0
13141,STU11635,23,93,1,0,1,1,0,25,5,0,61,75,0,0,1,1,0,0,0
13142,STU11636,23,93,1,0,1,1,0,27,11,0,96,81,1,2,1,1,1,0,0
13143,STU11637,28,62,2,0,1,1,0,19,17,1,87,64,0,1,2,2,0,0,0
13144,STU11638,28,62,2,0,1,1,0,26,5,0,64,46,1,1,3,3,0,0,0
13145,STU11639,28,62,2,0,1,1,0,26,13,0,72,95,1,0,0,0,0,0,0
13146,STU11640,28,62,2,0,1,1,0,29,12,1,53,62,1,2,2,2,0,0,0
13147,STU11641,28,62,2,0,1,1,0,27,10,0,90,86,1,2,0,0,1,0,0
13148,STU11642,28,62,2,0,1,1,0,21,14,1,100,72,1,2,1,1,0,0,0
13149,STU11643,30,76,1,1,1,1,1,20,6,1,62,58,1,2,2,2,0,0,0
13150,STU11644,39,75,2,1,2,1,1,29,11,1,77,58,1,2,2,2,0,0,1
13151,STU11645,39,75,2,1,2,1,1,18,17,1,69,94,0,2,0,0,1,0,0
13152,STU11646,39,75,2,1,2,1,1,29,0,1,97,83,1,1,1,1,0,0,0
13153,STU11647,8,90,2,0,2,1,1,26,18,0,72,70,1,2,1,1,0,0,1
13154,STU11648,8,90,2,0,2,1,1,24,18,1,62,71,1,1,1,1,0,1,0
13155,STU11649,8,90,2,0,2,1,1,21,1,0,65,67,1,1,2,2,0,0,1
13156,STU11650,8,90,2,0,2,1,1,24,19,0,95,91,1,1,0,0,0,0,0
13157,STU11651,8,90,2,0,2,1,1,26,6,1,96,52,1,1,3,3,0,0,0
13158,STU11652,8,90,1,0,2,1,1,26,18,0,72,70,1,2,1,1,0,0,1
13159,STU11653,8,90,1,0,2,1,1,24,18,1,62,71,1,1,1,1,0,1,0
13160,STU11654,8,90,1,0,2,1,1,21,1,0,65,67,1,1,2,2,0,0,1
13161,STU11655,8,90,1,0,2,1,1,24,19,0,95,91,1,1,0,0,0,0,0
13162,STU11656,8,90,1,0,2,1,1,26,6,1,96,52,1,1,3,3,0,0,0
13163,STU11657,32,81,1,0,2,1,0,21,14,1,61,100,0,2,0,0,0,0,0
13164,STU11658,32,81,1,0,2,1,0,19,11,0,65,93,1,1,0,0,0,0,1
13165,STU11659,32,81,1,0,2,1,0,29,6,1,65,83,1,1,1,1,0,0,0
13166,STU11660,8,78,1,1,1,1,1,18,15,1,54,50,0,1,3,3,0,0,0
13167,STU11661,8,78,1,1,1,1,1,28,15,1,72,92,0,0,0,0,0,1,0
13168,STU11662,20,87,2,1,1,1,0,27,12,1,55,99,1,2,0,0,0,0,1
13169,STU11663,20,87,2,1,1,1,0,29,19,0,78,97,1,2,0,0,1,0,0
13170,STU11664,20,87,1,0,1,1,0,27,12,1,55,99,1,2,0,0,0,0,1
13171,STU11665,20,87,1,0,1,1,0,29,19,0,78,97,1,2,0,0,1,0,0
13172,STU11666,20,87,2,0,0,1,0,27,12,1,55,99,1,2,0,0,0,0,1
13173,STU11667,20,87,2,0,0,1,0,29,19,0,78,97,1,2,0,0,1,0,0
13174,STU11668,20,87,0,0,1,0,0,27,12,1,55,99,1,2,0,0,0,0,1
13175,STU11669,20,87,0,0,1,0,0,29,19,0,78,97,1,2,0,0,1,0,0
13176,STU11670,24,74,0,1,2,1,1,21,0,1,71,78,1,2,1,1,0,0,1
13177,STU11671,24,74,1,1,0,1,1,21,0,1,71,78,1,2,1,1,0,0,1
13178,STU11672,20,100,1,1,1,1,0,23,0,0,97,59,1,2,2,2,0,0,0
13179,STU11673,20,100,1,1,1,1,0,26,15,0,52,75,0,2,1,1,0,0,0
13180,STU11674,9,69,1,1,1,1,1,18,13,0,59,41,1,2,3,3,0,0,1
13181,STU11675,9,69,1,1,1,1,1,19,13,0,50,44,1,0,3,3,0,0,0
13182,STU11676,9,69,2,1,1,1,1,18,13,0,59,41,1,2,3,3,0,0,1
13183,STU11677,9,69,2,1,1,1,1,19,13,0,50,44,1,0,3,3,0,0,0
13184,STU11678,30,91,1,0,0,1,0,18,14,1,58,82,1,0,1,1,0,0,1
13185,STU11679,30,91,1,0,0,1,0,21,12,1,73,79,0,2,1,1,1,0,0
13186,STU11680,30,91,1,0,0,1,0,26,12,1,89,79,0,1,1,1,0,0,0
13187,STU11681,30,91,2,1,0,1,0,18,14,1,58,82,1,0,1,1,0,0,1
13188,STU11682,30,91,2,1,0,1,0,21,12,1,73,79,0,2,1,1,1,0,0
13189,STU11683,30,91,2,1,0,1,0,26,12,1,89,79,0,1,1,1,0,0,0
13190,STU11684,30,91,0,1,1,1,0,18,14,1,58,82,1,0,1,1,0,0,1
13191,STU11685,30,91,0,1,1,1,0,21,12,1,73,79,0,2,1,1,1,0,0
13192,STU11686,30,91,0,1,1,1,0,26,12,1,89,79,0,1,1,1,0,0,0
13193,STU11687,10,95,0,1,2,1,1,18,1,1,51,70,1,2,1,1,1,0,0
13194,STU11688,10,95,1,0,2,1,1,18,1,1,51,70,1,2,1,1,1,0,0
13195,STU11689,10,95,2,1,2,1,1,18,1,1,51,70,1,2,1,1,1,0,0
13196,STU11690,26,70,1,0,0,1,1,25,2,1,100,71,0,2,1,1,0,0,1
13197,STU11691,26,70,1,0,0,1,1,27,8,1,69,76,1,1,1,1,0,0,0
13198,STU11692,26,70,1,0,0,1,1,26,8,0,53,41,0,1,3,3,0,0,0
13199,STU11693,26,70,1,0,0,1,1,24,17,0,72,67,0,2,2,2,0,0,0
13200,STU11694,26,70,2,1,1,1,1,25,2,1,100,71,0,2,1,1,0,0,1
13201,STU11695,26,70,2,1,1,1,1,27,8,1,69,76,1,1,1,1,0,0,0
13202,STU11696,26,70,2,1,1,1,1,26,8,0,53,41,0,1,3,3,0,0,0
13203,STU11697,26,70,2,1,1,1,1,24,17,0,72,67,0,2,2,2,0,0,0
13204,STU11698,37,73,2,1,1,1,1,22,7,0,90,68,0,2,2,2,0,0,0
13205,STU11699,26,88,2,0,1,1,0,20,18,0,65,58,1,1,2,2,0,0,1
13206,STU11700,26,88,2,0,1,1,0,29,4,1,72,45,0,2,3,3,1,0,0
13207,STU11701,26,88,2,1,2,0,0,20,18,0,65,58,1,1,2,2,0,0,1
13208,STU11702,26,88,2,1,2,0,0,29,4,1,72,45,0,2,3,3,1,0,0
13209,STU11703,14,72,2,0,1,1,0,18,17,0,61,77,0,0,1,1,0,1,0
13210,STU11704,14,72,2,0,1,1,0,26,12,1,60,77,1,1,1,1,1,0,0
13211,STU11705,11,100,1,1,0,1,1,19,1,1,53,91,1,0,0,0,0,1,0
13212,STU11706,11,100,1,1,0,1,1,20,8,1,52,40,0,1,3,3,0,0,0
13213,STU11707,11,100,1,1,0,1,1,27,5,0,68,83,1,2,1,1,0,0,1
13214,STU11708,8,65,1,0,1,1,1,23,20,0,51,63,1,0,2,2,1,0,0
13215,STU11709,8,65,1,0,1,1,1,22,8,0,71,70,1,2,1,1,0,0,1
13216,STU11710,16,87,1,0,2,1,1,20,14,0,62,78,1,2,1,1,1,0,0
13217,STU11711,16,87,1,0,2,1,1,29,18,1,90,52,0,1,3,3,1,0,0
13218,STU11712,16,87,1,1,1,0,1,20,14,0,62,78,1,2,1,1,1,0,0
13219,STU11713,16,87,1,1,1,0,1,29,18,1,90,52,0,1,3,3,1,0,0
13220,STU11714,27,71,1,1,1,0,0,18,16,0,50,58,1,0,2,2,0,0,1
13221,STU11715,27,71,1,1,1,0,0,26,16,1,80,86,1,1,0,0,0,0,1
13222,STU11716,11,86,2,1,1,1,1,24,17,1,69,43,1,2,3,3,1,0,0
13223,STU11717,11,86,1,1,1,1,1,24,17,1,69,43,1,2,3,3,1,0,0
13224,STU11718,14,95,1,1,1,1,1,20,12,0,99,55,1,1,2,2,0,0,1
13225,STU11719,14,95,1,1,1,1,1,22,9,0,52,69,0,0,2,2,0,0,0
13226,STU11720,15,79,2,1,1,1,0,26,19,1,62,82,1,0,1,1,0,0,1
13227,STU11721,15,79,2,1,1,1,0,25,0,1,73,58,1,2,2,2,0,0,0
13228,STU11722,15,79,2,1,1,1,0,27,15,1,83,73,1,2,1,1,0,0,0
13229,STU11723,15,79,2,1,1,1,0,20,9,0,74,46,0,1,3,3,0,0,1
13234,STU11724,31,99,0,1,2,1,0,21,1,0,79,49,1,1,3,3,0,0,1
13235,STU11725,31,99,0,1,2,1,0,29,6,1,64,63,1,1,2,2,0,1,0
13236,STU11726,30,84,1,1,1,1,0,27,16,1,55,63,1,1,2,2,1,0,0
13237,STU11727,30,84,1,1,1,1,0,24,8,0,94,97,1,2,0,0,0,1,0
13238,STU11728,30,84,1,1,1,1,0,19,5,0,66,75,0,1,1,1,0,0,1
13239,STU11729,30,84,0,1,0,1,0,27,16,1,55,63,1,1,2,2,1,0,0
13240,STU11730,30,84,0,1,0,1,0,24,8,0,94,97,1,2,0,0,0,1,0
13241,STU11731,30,84,0,1,0,1,0,19,5,0,66,75,0,1,1,1,0,0,1
13242,STU11732,11,66,1,1,1,1,0,18,15,0,96,58,0,1,2,2,0,1,0
13243,STU11733,11,66,1,1,1,1,0,18,11,1,61,85,1,0,0,0,0,0,1
13244,STU11734,11,66,1,1,1,1,0,29,13,1,70,54,1,1,3,3,0,0,0
13245,STU11735,17,70,1,0,1,1,1,23,18,1,85,54,1,2,3,3,0,1,0
13246,STU11736,17,70,1,0,1,1,1,25,8,1,74,73,0,2,1,1,1,0,0
13247,STU11737,17,70,1,0,1,1,1,21,6,0,95,89,1,2,0,0,1,0,0
13248,STU11738,17,70,1,0,1,1,1,28,15,1,97,82,1,0,1,1,0,0,0
13249,STU11739,31,83,2,1,1,1,1,20,13,0,53,100,1,0,0,0,0,0,1
13250,STU11740,16,65,0,1,2,1,0,27,2,0,62,63,1,0,2,2,0,1,0
13251,STU11741,34,61,0,0,0,1,0,20,18,0,76,57,1,2,2,2,1,0,0
13252,STU11742,34,61,0,0,0,1,0,19,9,1,70,86,1,1,0,0,0,0,1
13253,STU11743,34,61,0,0,0,1,0,26,5,1,64,62,0,2,2,2,0,0,0
13254,STU11744,34,61,0,0,0,1,0,24,7,1,51,48,1,1,3,3,0,1,0
13255,STU11745,28,90,1,1,1,1,0,23,18,0,59,43,1,1,3,3,0,0,1
13256,STU11746,28,90,1,1,1,1,0,19,17,1,67,72,1,2,1,1,0,1,0
13257,STU11747,28,90,1,1,1,1,0,21,8,0,78,96,1,1,0,0,0,1,0
13258,STU11748,5,93,1,1,1,0,0,24,20,0,60,69,0,2,2,2,0,0,0
13259,STU11749,5,93,1,1,1,0,0,21,6,1,66,47,1,1,3,3,0,0,0
13260,STU11750,6,69,1,1,1,0,0,29,18,1,79,89,1,2,0,0,0,0,0
13261,STU11751,6,69,1,1,1,0,0,28,16,1,85,84,1,2,1,1,0,1,0
13262,STU11752,11,91,1,0,1,1,0,25,11,1,84,86,0,1,0,0,0,0,0
13263,STU11753,11,91,1,0,1,1,0,29,4,0,87,84,1,0,1,1,0,1,0
13264,STU11754,13,82,1,1,1,1,0,27,8,1,68,96,0,2,0,0,0,0,1
13265,STU11755,13,82,1,1,1,1,0,29,0,0,59,55,1,1,2,2,0,1,0
13266,STU11756,13,82,1,1,1,1,0,26,18,0,93,96,1,2,0,0,0,0,1
13267,STU11757,13,82,1,1,1,1,0,21,15,1,64,84,1,2,1,1,1,0,0
13268,STU11758,13,82,1,1,1,1,0,20,12,0,73,42,1,1,3,3,1,0,0
13269,STU11759,13,82,1,1,1,1,0,29,11,1,66,52,0,2,3,3,0,1,0
13270,STU11760,13,82,2,0,1,1,0,27,8,1,68,96,0,2,0,0,0,0,1
13271,STU11761,13,82,2,0,1,1,0,29,0,0,59,55,1,1,2,2,0,1,0
13272,STU11762,13,82,2,0,1,1,0,26,18,0,93,96,1,2,0,0,0,0,1
13273,STU11763,13,82,2,0,1,1,0,21,15,1,64,84,1,2,1,1,1,0,0
13274,STU11764,13,82,2,0,1,1,0,20,12,0,73,42,1,1,3,3,1,0,0
13275,STU11765,13,82,2,0,1,1,0,29,11,1,66,52,0,2,3,3,0,1,0
13282,STU11766,9,96,0,1,0,1,0,29,18,1,74,74,1,0,1,1,0,1,0
13283,STU11767,9,96,0,1,0,1,0,25,1,0,92,99,0,2,0,0,0,1,0
13284,STU11768,25,61,2,1,0,1,0,21,20,1,58,60,1,2,2,2,0,1,0
13285,STU11769,25,61,1,0,2,1,0,21,20,1,58,60,1,2,2,2,0,1,0
13286,STU11770,25,61,2,0,1,1,0,21,20,1,58,60,1,2,2,2,0,1,0
13287,STU11771,31,63,2,0,1,1,0,25,1,1,97,99,0,0,0,0,0,0,1
13288,STU11772,31,63,2,0,1,1,0,27,11,0,91,97,1,0,0,0,0,0,1
13289,STU11773,9,80,0,0,1,1,1,25,3,0,69,100,1,0,0,0,1,0,0
13290,STU11774,33,92,2,1,0,1,0,19,3,1,57,93,1,2,0,0,0,0,0
13291,STU11775,33,92,2,1,0,1,0,24,9,0,98,79,1,2,1,1,0,0,0
13292,STU11776,33,92,2,1,0,1,0,26,15,0,57,60,1,1,2,2,0,0,0
13293,STU11777,33,92,2,1,0,1,0,21,14,0,60,58,1,2,2,2,0,0,0
13294,STU11778,33,92,2,1,0,1,0,18,16,0,86,63,0,0,2,2,0,1,0
13295,STU11779,8,60,1,1,2,1,0,20,9,0,68,90,0,2,0,0,0,0,0
13296,STU11780,8,60,1,1,2,1,0,24,16,1,96,52,0,2,3,3,0,0,0
13297,STU11781,8,78,2,0,0,1,0,18,16,0,97,62,0,1,2,2,0,0,1
13298,STU11782,8,78,2,0,0,1,0,29,5,1,88,50,1,0,3,3,0,0,1
13299,STU11783,33,63,2,1,1,1,1,29,6,1,70,79,1,2,1,1,1,0,0
13300,STU11784,14,86,1,0,1,1,0,29,2,1,60,84,0,2,1,1,0,1,0
13301,STU11785,14,86,1,0,1,1,0,18,3,0,54,53,0,1,3,3,1,0,0
13302,STU11786,14,86,1,1,1,1,0,29,2,1,60,84,0,2,1,1,0,1,0
13303,STU11787,14,86,1,1,1,1,0,18,3,0,54,53,0,1,3,3,1,0,0
13304,STU11788,12,89,0,1,0,1,0,20,14,0,70,53,1,2,3,3,1,0,0
13305,STU11789,12,89,0,1,0,1,0,21,1,0,86,87,1,2,0,0,0,0,1
13306,STU11790,12,89,2,1,0,1,0,20,14,0,70,53,1,2,3,3,1,0,0
13307,STU11791,12,89,2,1,0,1,0,21,1,0,86,87,1,2,0,0,0,0,1
13308,STU11792,10,70,2,1,1,1,0,26,13,0,54,73,1,0,1,1,1,0,0
13309,STU11793,10,70,2,1,1,1,0,28,9,0,97,64,1,1,2,2,0,0,0
13310,STU11794,10,70,2,1,1,1,0,28,6,0,90,70,1,1,1,1,1,0,0
13311,STU11795,10,70,2,1,1,1,0,19,8,1,95,58,1,1,2,2,0,0,0
13312,STU11796,26,95,1,0,1,1,1,27,1,0,79,95,0,0,0,0,0,0,1
13313,STU11797,26,95,1,0,1,1,1,27,12,0,87,94,1,1,0,0,1,0,0
13314,STU11798,26,95,1,0,1,1,1,26,3,0,82,80,1,2,1,1,0,0,0
13315,STU11799,26,65,1,1,0,1,1,27,8,0,83,62,0,2,2,2,0,0,0
13316,STU11800,26,65,1,1,0,1,1,25,9,1,74,97,1,2,0,0,0,0,1
13317,STU11801,26,65,1,1,0,1,1,22,15,1,66,65,0,0,2,2,0,0,0
13318,STU11802,26,65,1,1,0,1,1,18,20,0,93,52,1,2,3,3,0,1,0
13319,STU11803,26,65,1,1,1,1,1,27,8,0,83,62,0,2,2,2,0,0,0
13320,STU11804,26,65,1,1,1,1,1,25,9,1,74,97,1,2,0,0,0,0,1
13321,STU11805,26,65,1,1,1,1,1,22,15,1,66,65,0,0,2,2,0,0,0
13322,STU11806,26,65,1,1,1,1,1,18,20,0,93,52,1,2,3,3,0,1,0
13323,STU11807,8,83,0,1,0,1,0,24,10,0,54,56,0,2,2,2,1,0,0
13324,STU11808,26,69,2,1,1,1,0,24,4,0,91,64,1,2,2,2,0,0,0
13325,STU11809,26,69,2,1,1,1,0,28,4,1,84,69,1,2,2,2,0,1,0
13326,STU11810,26,69,2,1,1,1,0,21,20,1,77,74,1,1,1,1,0,1,0
13327,STU11811,26,69,2,0,0,0,0,24,4,0,91,64,1,2,2,2,0,0,0
13328,STU11812,26,69,2,0,0,0,0,28,4,1,84,69,1,2,2,2,0,1,0
13329,STU11813,26,69,2,0,0,0,0,21,20,1,77,74,1,1,1,1,0,1,0
13330,STU11814,26,69,1,1,1,1,0,24,4,0,91,64,1,2,2,2,0,0,0
13331,STU11815,26,69,1,1,1,1,0,28,4,1,84,69,1,2,2,2,0,1,0
13332,STU11816,26,69,1,1,1,1,0,21,20,1,77,74,1,1,1,1,0,1,0
13333,STU11817,26,69,1,0,1,1,0,24,4,0,91,64,1,2,2,2,0,0,0
13334,STU11818,26,69,1,0,1,1,0,28,4,1,84,69,1,2,2,2,0,1,0
13335,STU11819,26,69,1,0,1,1,0,21,20,1,77,74,1,1,1,1,0,1,0
13336,STU11820,32,85,0,1,0,0,1,26,5,1,100,55,1,2,2,2,0,1,0
13337,STU11821,32,85,0,1,0,0,1,24,0,0,76,72,1,1,1,1,0,0,0
13338,STU11822,11,84,1,1,2,1,1,24,19,1,73,52,1,2,3,3,0,0,0
13339,STU11823,11,84,1,1,2,1,1,19,15,1,81,59,0,1,2,2,1,0,0
13340,STU11824,11,84,1,1,2,1,1,18,9,1,80,88,1,2,0,0,1,0,0
13341,STU11825,8,87,2,0,0,1,1,29,15,0,64,76,1,2,1,1,0,1,0
13342,STU11826,8,87,2,0,0,1,1,18,18,1,82,74,1,2,1,1,1,0,0
13343,STU11827,8,87,2,0,0,1,1,21,12,0,60,94,1,2,0,0,0,0,1
13344,STU11828,8,87,2,0,0,1,1,28,19,0,99,57,1,2,2,2,0,0,0
13345,STU11829,21,73,2,0,1,1,0,26,9,1,58,76,1,2,1,1,0,0,0
13346,STU11830,21,73,2,0,1,1,0,20,6,0,63,88,0,2,0,0,1,0,0
13347,STU11831,21,73,2,0,1,1,0,24,3,1,90,57,1,2,2,2,1,0,0
13348,STU11832,21,73,2,0,1,1,0,26,4,1,53,99,1,2,0,0,0,0,0
13349,STU11833,21,73,2,0,1,1,0,25,4,1,95,85,1,1,0,0,1,0,0
13350,STU11834,21,73,2,0,1,1,0,24,19,0,86,76,1,1,1,1,0,1,0
13351,STU11835,10,66,2,0,1,1,1,24,15,0,73,49,1,2,3,3,0,0,0
13352,STU11836,10,66,2,0,1,1,1,28,17,0,60,54,1,0,3,3,0,0,1
13353,STU11837,10,66,2,0,1,1,1,24,10,0,96,66,0,2,2,2,0,1,0
13354,STU11838,10,66,2,0,1,1,1,25,0,1,56,85,1,2,0,0,0,0,0
13355,STU11839,10,66,1,0,0,1,1,24,15,0,73,49,1,2,3,3,0,0,0
13356,STU11840,10,66,1,0,0,1,1,28,17,0,60,54,1,0,3,3,0,0,1
13357,STU11841,10,66,1,0,0,1,1,24,10,0,96,66,0,2,2,2,0,1,0
13358,STU11842,10,66,1,0,0,1,1,25,0,1,56,85,1,2,0,0,0,0,0
13359,STU11843,6,85,1,1,2,1,0,24,8,0,61,63,1,2,2,2,0,0,0
13360,STU11844,6,85,1,1,2,1,0,23,2,1,86,93,1,1,0,0,0,1,0
13361,STU11845,6,85,1,1,2,1,0,20,12,0,59,90,1,1,0,0,0,1,0
13362,STU11846,6,85,1,1,2,1,0,25,20,1,74,61,1,2,2,2,0,0,1
13363,STU11847,17,70,1,0,0,1,0,26,5,0,60,84,1,2,1,1,0,0,1
13364,STU11848,17,70,1,0,0,1,0,24,2,1,78,73,1,2,1,1,0,0,1
13365,STU11849,17,70,1,0,0,1,0,23,12,1,70,89,1,2,0,0,1,0,0
13366,STU11850,17,70,1,1,0,1,0,26,5,0,60,84,1,2,1,1,0,0,1
13367,STU11851,17,70,1,1,0,1,0,24,2,1,78,73,1,2,1,1,0,0,1
13368,STU11852,17,70,1,1,0,1,0,23,12,1,70,89,1,2,0,0,1,0,0
13369,STU11853,14,99,1,1,2,1,0,18,6,0,65,95,1,1,0,0,0,0,1
13370,STU11854,14,99,1,1,2,1,0,23,16,1,50,99,1,2,0,0,0,0,0
13371,STU11855,14,99,1,1,2,1,0,20,2,0,73,41,1,0,3,3,1,0,0
13372,STU11856,14,99,1,1,2,1,0,25,20,0,88,60,0,2,2,2,0,0,1
13373,STU11857,14,99,1,0,2,0,0,18,6,0,65,95,1,1,0,0,0,0,1
13374,STU11858,14,99,1,0,2,0,0,23,16,1,50,99,1,2,0,0,0,0,0
13375,STU11859,14,99,1,0,2,0,0,20,2,0,73,41,1,0,3,3,1,0,0
13376,STU11860,14,99,1,0,2,0,0,25,20,0,88,60,0,2,2,2,0,0,1
13377,STU11861,15,92,1,0,1,1,1,27,16,1,86,88,0,1,0,0,0,1,0
13378,STU11862,15,92,1,0,1,1,1,28,9,1,68,44,1,0,3,3,1,0,0
13379,STU11863,15,92,0,1,0,1,1,27,16,1,86,88,0,1,0,0,0,1,0
13380,STU11864,15,92,0,1,0,1,1,28,9,1,68,44,1,0,3,3,1,0,0
13381,STU11865,5,62,2,0,0,1,1,20,3,1,53,43,1,2,3,3,0,1,0
13382,STU11866,9,66,1,0,0,1,1,27,15,1,94,62,0,0,2,2,0,0,0
13383,STU11867,8,72,2,1,2,1,1,26,17,0,63,43,1,2,3,3,1,0,0
13384,STU11868,8,72,2,1,2,1,1,29,15,0,78,67,0,0,2,2,0,1,0
13385,STU11869,13,68,2,0,1,1,0,29,0,0,67,73,1,2,1,1,0,0,1
13386,STU11870,13,68,2,0,1,1,0,29,7,1,92,48,0,2,3,3,0,1,0
13387,STU11871,13,68,2,0,1,1,0,29,2,1,86,47,1,2,3,3,0,0,1
13388,STU11872,13,68,2,0,1,1,0,29,17,1,91,84,1,0,1,1,1,0,0
13389,STU11873,13,68,2,0,1,1,0,25,10,1,98,43,0,1,3,3,0,1,0
13390,STU11874,13,68,2,0,1,1,0,25,7,1,55,40,0,0,3,3,0,0,0
13391,STU11875,13,68,2,0,1,1,0,25,5,0,66,92,1,2,0,0,0,0,1
13392,STU11876,13,68,2,0,1,1,0,23,8,0,87,82,0,1,1,1,0,0,1
13393,STU11877,25,81,2,1,0,1,0,18,15,0,72,40,0,2,3,3,0,1,0
13394,STU11878,25,81,2,1,0,1,0,26,1,0,60,66,1,2,2,2,0,1,0
13395,STU11879,25,81,1,0,0,1,0,18,15,0,72,40,0,2,3,3,0,1,0
13396,STU11880,25,81,1,0,0,1,0,26,1,0,60,66,1,2,2,2,0,1,0
13397,STU11881,25,81,1,1,2,1,0,18,15,0,72,40,0,2,3,3,0,1,0
13398,STU11882,25,81,1,1,2,1,0,26,1,0,60,66,1,2,2,2,0,1,0
13401,STU11883,12,83,1,1,1,1,1,25,14,0,72,73,1,2,1,1,0,1,0
13402,STU11884,12,83,1,1,1,1,1,25,20,0,57,49,1,2,3,3,0,0,1
13403,STU11885,12,83,2,0,1,1,1,25,14,0,72,73,1,2,1,1,0,1,0
13404,STU11886,12,83,2,0,1,1,1,25,20,0,57,49,1,2,3,3,0,0,1
13405,STU11887,13,89,2,0,0,1,1,24,0,1,75,68,1,0,2,2,1,0,0
13406,STU11888,13,89,2,0,0,1,1,27,9,0,97,88,1,2,0,0,0,0,1
13407,STU11889,13,89,2,1,1,1,1,24,0,1,75,68,1,0,2,2,1,0,0
13408,STU11890,13,89,2,1,1,1,1,27,9,0,97,88,1,2,0,0,0,0,1
13409,STU11891,7,98,0,1,1,1,1,19,7,0,58,41,1,1,3,3,0,0,1
13410,STU11892,7,98,0,1,1,1,1,22,13,0,80,92,1,2,0,0,0,1,0
13411,STU11893,7,98,0,1,1,1,1,18,5,1,63,97,1,1,0,0,0,0,1
13412,STU11894,10,67,1,1,1,1,0,18,20,0,95,78,1,0,1,1,1,0,0
13413,STU11895,10,67,1,1,1,1,0,25,3,1,73,54,0,0,3,3,1,0,0
13414,STU11896,10,67,1,1,1,1,0,18,16,0,61,62,1,2,2,2,1,0,0
13415,STU11897,10,67,1,1,1,1,0,26,19,0,67,60,1,1,2,2,1,0,0
13416,STU11898,10,67,1,1,1,1,0,28,12,1,99,68,1,1,2,2,0,0,1
13417,STU11899,10,67,2,0,1,1,0,18,20,0,95,78,1,0,1,1,1,0,0
13418,STU11900,10,67,2,0,1,1,0,25,3,1,73,54,0,0,3,3,1,0,0
13419,STU11901,10,67,2,0,1,1,0,18,16,0,61,62,1,2,2,2,1,0,0
13420,STU11902,10,67,2,0,1,1,0,26,19,0,67,60,1,1,2,2,1,0,0
13421,STU11903,10,67,2,0,1,1,0,28,12,1,99,68,1,1,2,2,0,0,1
13422,STU11904,28,71,2,0,1,1,1,18,15,1,88,92,1,2,0,0,0,1,0
13423,STU11905,28,71,2,0,1,1,1,24,6,0,89,95,1,2,0,0,0,1,0
13424,STU11906,28,71,2,0,1,1,1,28,2,1,79,93,0,2,0,0,0,0,0
13425,STU11907,17,95,1,0,2,1,1,28,9,1,67,79,1,1,1,1,0,1,0
13426,STU11908,17,95,1,0,2,1,1,26,2,0,88,87,0,1,0,0,0,0,1
13427,STU11909,17,95,1,0,2,1,1,27,18,1,99,83,1,1,1,1,0,0,0
13428,STU11910,17,95,1,0,2,1,1,19,10,1,96,99,1,2,0,0,0,0,1
13433,STU11911,14,97,1,1,1,1,1,26,18,0,97,79,0,2,1,1,0,0,1
13435,STU11912,7,97,2,0,1,1,0,20,5,1,79,87,1,0,0,0,0,0,0
13436,STU11913,7,97,2,0,1,1,0,25,10,1,100,41,1,1,3,3,0,1,0
13437,STU11914,28,60,1,1,0,1,1,27,12,1,74,79,1,0,1,1,0,1,0
13438,STU11915,28,60,1,1,0,1,1,29,5,0,57,73,1,1,1,1,1,0,0
13439,STU11916,28,60,1,1,0,1,1,29,11,0,92,98,0,1,0,0,1,0,0
13440,STU11917,28,61,0,1,0,1,0,25,0,1,63,56,1,2,2,2,1,0,0
13441,STU11918,28,61,1,1,0,1,0,25,0,1,63,56,1,2,2,2,1,0,0
13443,STU11919,15,62,2,0,2,1,0,29,9,1,88,50,0,1,3,3,0,0,0
13444,STU11920,15,62,2,0,2,1,0,29,10,0,79,57,1,0,2,2,0,0,0
13445,STU11921,15,62,1,0,2,1,0,29,9,1,88,50,0,1,3,3,0,0,0
13446,STU11922,15,62,1,0,2,1,0,29,10,0,79,57,1,0,2,2,0,0,0
13447,STU11923,8,61,0,1,1,1,0,26,16,0,67,47,1,2,3,3,0,0,0
13448,STU11924,29,98,1,1,0,1,0,26,12,0,68,74,1,2,1,1,0,0,0
13449,STU11925,18,88,1,0,0,1,1,24,5,0,78,56,0,1,2,2,0,0,0
13450,STU11926,18,88,1,0,0,1,1,21,5,1,68,56,1,2,2,2,0,1,0
13451,STU11927,18,88,1,0,0,1,1,23,2,0,50,93,1,2,0,0,0,0,1
13452,STU11928,18,88,1,0,0,1,1,23,17,1,70,70,1,2,1,1,0,1,0
13453,STU11929,18,88,1,0,2,1,1,24,5,0,78,56,0,1,2,2,0,0,0
13454,STU11930,18,88,1,0,2,1,1,21,5,1,68,56,1,2,2,2,0,1,0
13455,STU11931,18,88,1,0,2,1,1,23,2,0,50,93,1,2,0,0,0,0,1
13456,STU11932,18,88,1,0,2,1,1,23,17,1,70,70,1,2,1,1,0,1,0
13457,STU11933,18,88,2,0,1,1,1,24,5,0,78,56,0,1,2,2,0,0,0
13458,STU11934,18,88,2,0,1,1,1,21,5,1,68,56,1,2,2,2,0,1,0
13459,STU11935,18,88,2,0,1,1,1,23,2,0,50,93,1,2,0,0,0,0,1
13460,STU11936,18,88,2,0,1,1,1,23,17,1,70,70,1,2,1,1,0,1,0
13461,STU11937,11,83,1,0,2,1,0,25,2,1,66,90,1,2,0,0,0,1,0
13462,STU11938,11,83,0,1,0,1,0,25,2,1,66,90,1,2,0,0,0,1,0
13463,STU11939,8,67,0,0,0,1,1,18,4,0,68,48,1,0,3,3,1,0,0
13464,STU11940,8,67,0,0,0,1,1,21,8,0,76,60,1,2,2,2,0,1,0
13465,STU11941,8,67,1,1,1,1,1,18,4,0,68,48,1,0,3,3,1,0,0
13466,STU11942,8,67,1,1,1,1,1,21,8,0,76,60,1,2,2,2,0,1,0
13467,STU11943,24,86,2,1,2,1,1,23,0,1,63,99,1,1,0,0,1,0,0
13468,STU11944,24,86,2,1,2,1,1,18,1,0,57,42,0,2,3,3,1,0,0
13469,STU11945,24,86,2,1,2,1,1,22,11,1,76,82,1,2,1,1,1,0,0
13470,STU11946,24,86,2,1,2,1,1,22,17,1,62,100,1,0,0,0,1,0,0
13471,STU11947,24,86,2,0,1,1,1,23,0,1,63,99,1,1,0,0,1,0,0
13472,STU11948,24,86,2,0,1,1,1,18,1,0,57,42,0,2,3,3,1,0,0
13473,STU11949,24,86,2,0,1,1,1,22,11,1,76,82,1,2,1,1,1,0,0
13474,STU11950,24,86,2,0,1,1,1,22,17,1,62,100,1,0,0,0,1,0,0
13475,STU11951,24,86,0,1,1,1,1,23,0,1,63,99,1,1,0,0,1,0,0
13476,STU11952,24,86,0,1,1,1,1,18,1,0,57,42,0,2,3,3,1,0,0
13477,STU11953,24,86,0,1,1,1,1,22,11,1,76,82,1,2,1,1,1,0,0
13478,STU11954,24,86,0,1,1,1,1,22,17,1,62,100,1,0,0,0,1,0,0
13483,STU11955,24,86,1,1,1,1,1,23,0,1,63,99,1,1,0,0,1,0,0
13484,STU11956,24,86,1,1,1,1,1,18,1,0,57,42,0,2,3,3,1,0,0
13485,STU11957,24,86,1,1,1,1,1,22,11,1,76,82,1,2,1,1,1,0,0
13486,STU11958,24,86,1,1,1,1,1,22,17,1,62,100,1,0,0,0,1,0,0
13487,STU11959,10,72,1,1,1,1,1,22,10,0,83,55,0,1,2,2,0,0,0
13488,STU11960,28,99,0,0,1,1,0,28,0,1,98,99,1,2,0,0,0,1,0
13489,STU11961,28,99,0,0,1,1,0,25,17,1,89,54,1,1,3,3,0,0,0
13490,STU11962,28,99,0,0,1,1,0,20,7,1,57,42,0,2,3,3,0,0,1
13491,STU11963,28,99,1,1,1,1,0,28,0,1,98,99,1,2,0,0,0,1,0
13492,STU11964,28,99,1,1,1,1,0,25,17,1,89,54,1,1,3,3,0,0,0
13493,STU11965,28,99,1,1,1,1,0,20,7,1,57,42,0,2,3,3,0,0,1
13494,STU11966,11,74,2,1,0,1,1,22,15,0,73,67,1,1,2,2,0,1,0
13495,STU11967,11,74,2,1,0,1,1,19,13,0,57,48,0,2,3,3,0,1,0
13496,STU11968,11,74,2,1,0,1,1,25,9,0,67,76,1,2,1,1,0,1,0
13497,STU11969,11,74,1,0,0,1,1,22,15,0,73,67,1,1,2,2,0,1,0
13498,STU11970,11,74,1,0,0,1,1,19,13,0,57,48,0,2,3,3,0,1,0
13499,STU11971,11,74,1,0,0,1,1,25,9,0,67,76,1,2,1,1,0,1,0
13500,STU11972,28,67,2,0,0,1,0,18,16,1,85,85,1,2,0,0,0,0,1
13501,STU11973,28,67,2,0,0,1,0,27,16,1,62,56,1,2,2,2,1,0,0
13502,STU11974,28,67,2,0,0,1,0,28,17,1,53,82,1,2,1,1,0,1,0
13503,STU11975,28,67,1,0,2,1,0,18,16,1,85,85,1,2,0,0,0,0,1
13504,STU11976,28,67,1,0,2,1,0,27,16,1,62,56,1,2,2,2,1,0,0
13505,STU11977,28,67,1,0,2,1,0,28,17,1,53,82,1,2,1,1,0,1,0
13506,STU11978,28,67,1,1,1,1,0,18,16,1,85,85,1,2,0,0,0,0,1
13507,STU11979,28,67,1,1,1,1,0,27,16,1,62,56,1,2,2,2,1,0,0
13508,STU11980,28,67,1,1,1,1,0,28,17,1,53,82,1,2,1,1,0,1,0
13509,STU11981,34,75,1,1,1,1,1,23,15,1,58,52,1,2,3,3,0,0,0
13510,STU11982,13,60,2,1,1,1,0,23,0,1,63,70,1,1,1,1,0,0,0
13511,STU11983,13,60,2,1,1,1,0,28,5,1,87,57,1,2,2,2,1,0,0
13512,STU11984,13,60,2,1,1,1,0,23,7,1,97,90,1,0,0,0,0,1,0
13513,STU11985,13,60,2,0,1,1,0,23,0,1,63,70,1,1,1,1,0,0,0
13514,STU11986,13,60,2,0,1,1,0,28,5,1,87,57,1,2,2,2,1,0,0
13515,STU11987,13,60,2,0,1,1,0,23,7,1,97,90,1,0,0,0,0,1,0
13516,STU11988,25,66,2,1,0,1,1,19,18,1,62,72,1,2,1,1,0,0,0
13517,STU11989,25,66,2,1,0,1,1,20,19,1,78,54,0,2,3,3,1,0,0
13518,STU11990,25,66,2,1,0,1,1,25,16,0,61,83,1,2,1,1,0,0,0
13519,STU11991,25,66,1,1,1,0,1,19,18,1,62,72,1,2,1,1,0,0,0
13520,STU11992,25,66,1,1,1,0,1,20,19,1,78,54,0,2,3,3,1,0,0
13521,STU11993,25,66,1,1,1,0,1,25,16,0,61,83,1,2,1,1,0,0,0
13522,STU11994,25,66,2,1,1,1,1,19,18,1,62,72,1,2,1,1,0,0,0
13523,STU11995,25,66,2,1,1,1,1,20,19,1,78,54,0,2,3,3,1,0,0
13524,STU11996,25,66,2,1,1,1,1,25,16,0,61,83,1,2,1,1,0,0,0
13525,STU11997,25,66,1,1,1,1,1,19,18,1,62,72,1,2,1,1,0,0,0
13526,STU11998,25,66,1,1,1,1,1,20,19,1,78,54,0,2,3,3,1,0,0
13527,STU11999,25,66,1,1,1,1,1,25,16,0,61,83,1,2,1,1,0,0,0
13528,STU12000,6,73,1,0,0,1,0,19,9,1,91,55,1,1,2,2,0,0,0
13529,STU12001,6,73,1,0,0,1,0,18,9,1,55,87,0,2,0,0,1,0,0
13530,STU12002,37,69,2,1,1,0,0,21,14,1,82,95,0,1,0,0,1,0,0
13531,STU12003,7,72,1,1,1,1,1,19,12,0,79,76,1,2,1,1,0,0,0
13532,STU12004,7,72,1,1,1,1,1,20,3,1,76,82,0,1,1,1,0,0,0
13533,STU12005,8,97,2,1,2,1,0,23,14,1,75,47,1,0,3,3,0,0,1
13534,STU12006,8,97,2,1,2,1,0,28,6,0,62,66,0,1,2,2,0,1,0
13535,STU12007,8,97,2,1,2,1,0,27,8,0,56,48,1,1,3,3,1,0,0
13536,STU12008,8,98,1,1,1,1,0,25,19,1,86,74,1,1,1,1,0,0,0
13537,STU12009,8,98,1,1,1,1,0,29,6,0,74,97,1,2,0,0,0,1,0
13538,STU12010,34,87,0,0,2,1,1,18,0,0,78,95,1,2,0,0,0,1,0
13539,STU12011,34,87,0,0,2,1,1,27,19,1,92,66,1,1,2,2,0,1,0
13540,STU12012,10,71,2,1,1,1,1,22,10,1,52,78,1,2,1,1,0,0,1
13541,STU12013,38,90,1,1,0,1,1,22,13,1,68,70,1,0,1,1,0,1,0
13542,STU12014,13,76,1,1,2,1,1,19,18,0,97,70,1,2,1,1,1,0,0
13543,STU12015,13,76,1,1,2,1,1,23,19,1,75,73,1,2,1,1,0,0,1
13544,STU12016,13,76,1,1,2,1,1,24,14,0,82,63,1,2,2,2,0,0,1
13545,STU12017,18,60,2,0,0,1,1,29,16,1,56,76,0,2,1,1,1,0,0
13546,STU12018,18,60,2,0,0,1,1,25,16,0,86,83,1,2,1,1,1,0,0
13547,STU12019,18,60,2,0,0,1,1,22,2,1,86,90,1,2,0,0,1,0,0
13548,STU12020,12,85,2,1,1,1,1,28,12,0,67,58,1,2,2,2,0,1,0
13549,STU12021,12,85,2,1,1,1,1,26,1,1,80,99,1,2,0,0,0,1,0
13550,STU12022,12,85,2,1,1,1,1,25,10,1,74,40,1,1,3,3,0,1,0
13551,STU12023,12,85,1,1,2,1,1,28,12,0,67,58,1,2,2,2,0,1,0
13552,STU12024,12,85,1,1,2,1,1,26,1,1,80,99,1,2,0,0,0,1,0
13553,STU12025,12,85,1,1,2,1,1,25,10,1,74,40,1,1,3,3,0,1,0
13554,STU12026,12,85,2,0,0,1,1,28,12,0,67,58,1,2,2,2,0,1,0
13555,STU12027,12,85,2,0,0,1,1,26,1,1,80,99,1,2,0,0,0,1,0
13556,STU12028,12,85,2,0,0,1,1,25,10,1,74,40,1,1,3,3,0,1,0
13557,STU12029,12,85,1,1,1,1,1,28,12,0,67,58,1,2,2,2,0,1,0
13558,STU12030,12,85,1,1,1,1,1,26,1,1,80,99,1,2,0,0,0,1,0
13559,STU12031,12,85,1,1,1,1,1,25,10,1,74,40,1,1,3,3,0,1,0
13560,STU12032,26,82,1,1,1,1,1,24,15,1,53,56,1,1,2,2,0,0,0
13561,STU12033,26,82,1,1,1,1,1,19,0,1,86,52,1,1,3,3,0,1,0
13562,STU12034,26,82,1,0,0,1,1,24,15,1,53,56,1,1,2,2,0,0,0
13563,STU12035,26,82,1,0,0,1,1,19,0,1,86,52,1,1,3,3,0,1,0
13564,STU12036,22,78,2,1,2,1,0,21,16,1,80,83,1,1,1,1,0,0,0
13565,STU12037,22,78,2,1,2,1,0,24,2,1,100,51,1,1,3,3,1,0,0
13566,STU12038,7,74,1,1,0,1,0,21,19,1,51,93,1,2,0,0,0,0,1
13567,STU12039,7,74,1,1,0,1,0,28,11,1,89,68,0,2,2,2,0,0,1
13568,STU12040,29,72,1,0,0,1,0,18,14,1,66,55,1,2,2,2,1,0,0
13570,STU12041,11,73,0,1,2,1,0,23,9,1,77,59,1,1,2,2,0,1,0
13571,STU12042,11,73,0,1,2,1,0,27,2,0,85,95,1,0,0,0,1,0,0
13572,STU12043,7,79,2,1,1,1,1,23,14,1,55,68,1,2,2,2,0,0,0
13573,STU12044,7,79,2,1,1,1,1,28,12,0,64,87,1,2,0,0,0,0,1
13574,STU12045,30,83,1,1,1,1,0,22,2,0,90,71,1,2,1,1,0,0,1
13575,STU12046,30,83,1,1,1,1,0,23,13,0,85,77,1,2,1,1,0,0,0
13576,STU12047,30,83,1,1,1,1,0,25,16,1,56,91,1,1,0,0,0,1,0
13577,STU12048,30,83,1,1,1,1,0,28,13,1,54,88,0,1,0,0,1,0,0
13578,STU12049,34,91,0,0,1,1,1,21,17,0,90,45,1,1,3,3,0,0,0
13579,STU12050,34,91,0,0,1,1,1,26,10,1,67,85,0,2,0,0,0,0,1
13580,STU12051,34,91,1,0,1,0,1,21,17,0,90,45,1,1,3,3,0,0,0
13581,STU12052,34,91,1,0,1,0,1,26,10,1,67,85,0,2,0,0,0,0,1
13582,STU12053,7,63,1,0,1,1,0,27,16,1,58,80,0,2,1,1,0,0,0
13583,STU12054,7,63,1,0,1,1,0,29,0,1,59,47,0,1,3,3,1,0,0
13584,STU12055,7,63,1,0,1,1,0,21,9,1,74,71,1,0,1,1,0,0,0
13585,STU12056,7,63,1,0,1,1,0,23,6,1,78,51,1,2,3,3,0,0,1
13586,STU12057,7,86,1,0,1,1,1,26,9,1,60,45,1,0,3,3,0,0,1
13587,STU12058,7,86,1,0,1,1,1,21,15,0,62,92,1,2,0,0,0,0,0
13588,STU12059,34,97,1,0,1,1,1,19,14,1,60,83,1,2,1,1,0,1,0
13589,STU12060,34,97,1,0,1,1,1,24,14,1,63,72,1,1,1,1,0,0,0
13590,STU12061,34,97,1,0,1,1,1,27,1,0,61,62,1,0,2,2,0,0,1
13591,STU12062,34,97,1,0,1,1,1,29,5,1,71,46,1,0,3,3,0,0,0
13592,STU12063,13,97,1,1,1,1,1,19,0,1,98,85,1,1,0,0,0,0,0
13593,STU12064,13,97,1,1,1,1,1,23,20,0,60,78,1,0,1,1,0,1,0
13594,STU12065,34,92,1,0,0,1,0,27,0,1,81,80,1,1,1,1,1,0,0
13595,STU12066,34,92,1,0,0,1,0,21,9,1,92,68,0,1,2,2,0,0,0
13596,STU12067,18,90,0,0,2,1,1,22,13,1,93,100,1,2,0,0,0,0,0
13597,STU12068,18,90,0,0,2,1,1,29,18,0,54,90,1,2,0,0,1,0,0
13598,STU12069,18,90,0,0,2,1,1,26,5,0,76,76,1,2,1,1,0,0,1
13599,STU12070,18,90,2,0,2,1,1,22,13,1,93,100,1,2,0,0,0,0,0
13600,STU12071,18,90,2,0,2,1,1,29,18,0,54,90,1,2,0,0,1,0,0
13601,STU12072,18,90,2,0,2,1,1,26,5,0,76,76,1,2,1,1,0,0,1
13602,STU12073,18,90,1,0,1,1,1,22,13,1,93,100,1,2,0,0,0,0,0
13603,STU12074,18,90,1,0,1,1,1,29,18,0,54,90,1,2,0,0,1,0,0
13604,STU12075,18,90,1,0,1,1,1,26,5,0,76,76,1,2,1,1,0,0,1
13605,STU12076,18,90,1,1,0,1,1,22,13,1,93,100,1,2,0,0,0,0,0
13606,STU12077,18,90,1,1,0,1,1,29,18,0,54,90,1,2,0,0,1,0,0
13607,STU12078,18,90,1,1,0,1,1,26,5,0,76,76,1,2,1,1,0,0,1
13608,STU12079,11,90,0,1,0,1,1,20,2,1,63,49,1,2,3,3,0,1,0
13609,STU12080,9,88,1,1,0,1,1,26,13,0,99,45,1,2,3,3,0,0,0
13610,STU12081,18,100,0,0,0,1,0,23,7,1,62,65,1,1,2,2,0,0,0
13611,STU12082,18,100,0,0,0,1,0,25,19,1,66,94,1,2,0,0,0,0,1
13612,STU12083,35,86,1,0,1,1,0,23,12,0,100,89,0,0,0,0,0,1,0
13613,STU12084,34,79,0,1,0,1,1,27,4,1,52,55,1,1,2,2,0,0,1
13614,STU12085,34,79,0,1,0,1,1,22,4,1,96,94,1,2,0,0,0,1,0
13615,STU12086,34,79,0,1,0,1,1,25,10,0,57,86,0,2,0,0,0,1,0
13616,STU12087,34,79,0,1,0,1,1,22,8,1,76,67,0,0,2,2,0,0,1
13617,STU12088,8,82,0,0,1,1,1,22,14,1,72,41,1,2,3,3,0,0,1
13618,STU12089,8,82,0,0,1,1,1,22,4,1,75,71,1,1,1,1,1,0,0
13619,STU12090,8,82,0,0,1,1,1,28,2,1,66,100,1,0,0,0,1,0,0
13620,STU12091,31,77,1,0,1,1,1,26,0,1,81,87,0,2,0,0,0,0,0
13621,STU12092,8,91,0,0,1,1,0,25,19,0,85,93,1,2,0,0,0,0,0
13622,STU12093,8,91,0,0,1,1,0,29,13,0,96,87,1,1,0,0,0,0,0
13623,STU12094,8,91,0,0,1,1,0,28,14,1,50,73,1,2,1,1,0,0,1
13624,STU12095,8,91,0,0,1,1,0,22,2,1,57,53,1,1,3,3,0,1,0
13625,STU12096,14,99,1,0,0,1,1,23,11,1,88,71,1,2,1,1,0,0,0
13626,STU12097,14,99,1,0,0,1,1,22,19,1,88,94,1,2,0,0,0,1,0
13627,STU12098,14,99,1,0,0,1,1,20,15,0,95,72,1,2,1,1,0,1,0
13628,STU12099,14,99,1,1,1,1,1,23,11,1,88,71,1,2,1,1,0,0,0
13629,STU12100,14,99,1,1,1,1,1,22,19,1,88,94,1,2,0,0,0,1,0
13630,STU12101,14,99,1,1,1,1,1,20,15,0,95,72,1,2,1,1,0,1,0
13631,STU12102,9,72,2,1,1,0,0,22,2,1,86,100,0,2,0,0,0,0,0
13632,STU12103,15,60,1,0,0,1,0,28,14,1,86,54,1,2,3,3,0,0,1
13633,STU12104,15,60,1,0,0,1,0,26,16,0,81,82,1,1,1,1,0,1,0
13634,STU12105,15,60,1,0,0,1,0,28,0,0,84,99,0,0,0,0,0,0,1
13635,STU12106,15,60,1,0,0,1,0,19,5,1,66,88,1,1,0,0,0,0,0
13636,STU12107,34,78,2,1,1,1,1,18,0,1,60,89,1,0,0,0,0,0,0
13637,STU12108,34,78,2,1,1,1,1,20,12,1,63,73,1,1,1,1,0,1,0
13638,STU12109,31,82,1,1,1,0,1,23,15,0,60,70,1,1,1,1,0,0,0
13639,STU12110,31,82,1,1,1,0,1,22,18,0,54,66,1,1,2,2,0,1,0
13640,STU12111,31,82,2,1,1,1,1,23,15,0,60,70,1,1,1,1,0,0,0
13641,STU12112,31,82,2,1,1,1,1,22,18,0,54,66,1,1,2,2,0,1,0
13642,STU12113,38,80,1,0,1,1,0,19,18,1,51,93,0,1,0,0,0,0,1
13643,STU12114,38,80,1,0,1,1,0,18,18,1,93,83,1,1,1,1,0,1,0
13644,STU12115,38,80,1,0,1,1,0,21,15,1,85,94,1,0,0,0,0,0,0
13645,STU12116,38,80,1,0,1,1,0,18,17,1,68,93,0,2,0,0,0,0,1
13646,STU12117,31,79,2,0,1,1,1,23,20,1,59,75,1,2,1,1,1,0,0
13647,STU12118,31,79,2,0,1,1,1,22,4,0,51,45,1,0,3,3,0,0,1
13648,STU12119,25,100,0,0,0,1,1,25,10,1,81,91,1,2,0,0,1,0,0
13649,STU12120,25,100,0,0,0,1,1,23,10,0,72,45,0,2,3,3,0,0,0
13650,STU12121,11,78,2,1,1,1,0,19,9,0,56,91,1,1,0,0,0,0,0
13651,STU12122,11,78,2,1,1,1,0,21,6,1,80,92,1,2,0,0,0,1,0
13652,STU12123,11,78,2,1,1,1,0,25,18,0,100,87,1,2,0,0,0,1,0
13653,STU12124,11,78,2,1,1,1,0,27,14,1,65,40,1,1,3,3,0,1,0
13654,STU12125,11,78,2,1,1,1,0,28,15,1,59,82,1,1,1,1,0,0,0
13655,STU12126,11,78,2,1,1,1,0,18,19,1,71,49,1,2,3,3,1,0,0
13656,STU12127,11,78,2,1,1,1,0,27,8,0,66,75,1,2,1,1,0,1,0
13657,STU12128,11,78,0,1,0,1,0,19,9,0,56,91,1,1,0,0,0,0,0
13658,STU12129,11,78,0,1,0,1,0,21,6,1,80,92,1,2,0,0,0,1,0
13659,STU12130,11,78,0,1,0,1,0,25,18,0,100,87,1,2,0,0,0,1,0
13660,STU12131,11,78,0,1,0,1,0,27,14,1,65,40,1,1,3,3,0,1,0
13661,STU12132,11,78,0,1,0,1,0,28,15,1,59,82,1,1,1,1,0,0,0
13662,STU12133,11,78,0,1,0,1,0,18,19,1,71,49,1,2,3,3,1,0,0
13663,STU12134,11,78,0,1,0,1,0,27,8,0,66,75,1,2,1,1,0,1,0
13664,STU12135,11,78,2,0,0,1,0,19,9,0,56,91,1,1,0,0,0,0,0
13665,STU12136,11,78,2,0,0,1,0,21,6,1,80,92,1,2,0,0,0,1,0
13666,STU12137,11,78,2,0,0,1,0,25,18,0,100,87,1,2,0,0,0,1,0
13667,STU12138,11,78,2,0,0,1,0,27,14,1,65,40,1,1,3,3,0,1,0
13668,STU12139,11,78,2,0,0,1,0,28,15,1,59,82,1,1,1,1,0,0,0
13669,STU12140,11,78,2,0,0,1,0,18,19,1,71,49,1,2,3,3,1,0,0
13670,STU12141,11,78,2,0,0,1,0,27,8,0,66,75,1,2,1,1,0,1,0
13671,STU12142,15,70,2,0,2,1,1,26,6,0,94,40,1,2,3,3,0,1,0
13672,STU12143,15,70,2,0,2,1,1,24,19,0,70,68,0,0,2,2,0,1,0
13673,STU12144,15,70,2,0,2,1,1,24,18,1,72,81,1,2,1,1,0,0,0
13674,STU12145,15,70,2,0,2,1,1,25,4,1,75,57,1,2,2,2,1,0,0
13675,STU12146,15,70,1,0,0,1,1,26,6,0,94,40,1,2,3,3,0,1,0
13676,STU12147,15,70,1,0,0,1,1,24,19,0,70,68,0,0,2,2,0,1,0
13677,STU12148,15,70,1,0,0,1,1,24,18,1,72,81,1,2,1,1,0,0,0
13678,STU12149,15,70,1,0,0,1,1,25,4,1,75,57,1,2,2,2,1,0,0
13679,STU12150,27,84,2,0,0,1,0,23,7,1,54,73,0,1,1,1,0,0,1
13680,STU12151,36,70,2,0,1,1,1,25,18,1,56,84,1,0,1,1,0,0,0
13681,STU12152,12,71,2,1,0,1,0,25,2,0,90,98,1,1,0,0,1,0,0
13682,STU12153,12,71,2,1,0,1,0,26,8,1,66,61,0,2,2,2,1,0,0
13683,STU12154,12,71,2,1,2,1,0,25,2,0,90,98,1,1,0,0,1,0,0
13684,STU12155,12,71,2,1,2,1,0,26,8,1,66,61,0,2,2,2,1,0,0
13685,STU12156,28,96,1,0,2,1,1,21,5,1,69,68,1,2,2,2,0,1,0
13686,STU12157,28,96,1,0,2,1,1,20,9,1,72,40,1,2,3,3,1,0,0
13687,STU12158,28,96,1,0,2,1,1,21,10,1,87,56,0,2,2,2,0,1,0
13688,STU12159,28,96,0,1,2,1,1,21,5,1,69,68,1,2,2,2,0,1,0
13689,STU12160,28,96,0,1,2,1,1,20,9,1,72,40,1,2,3,3,1,0,0
13690,STU12161,28,96,0,1,2,1,1,21,10,1,87,56,0,2,2,2,0,1,0
13691,STU12162,25,68,1,1,0,1,0,22,2,1,98,47,1,0,3,3,1,0,0
13692,STU12163,25,68,1,0,0,1,0,22,2,1,98,47,1,0,3,3,1,0,0
13693,STU12164,10,98,1,0,0,0,0,21,15,1,90,52,1,2,3,3,1,0,0
13694,STU12165,10,98,1,0,0,0,0,22,12,1,91,46,1,2,3,3,1,0,0
13695,STU12166,10,98,0,1,0,1,0,21,15,1,90,52,1,2,3,3,1,0,0
13696,STU12167,10,98,0,1,0,1,0,22,12,1,91,46,1,2,3,3,1,0,0
13697,STU12168,7,93,2,1,2,1,0,21,9,0,98,57,1,1,2,2,1,0,0
13698,STU12169,7,93,2,1,2,1,0,21,18,0,94,73,0,0,1,1,0,1,0
13699,STU12170,10,100,1,0,0,1,0,25,16,1,98,85,1,2,0,0,1,0,0
13700,STU12171,9,89,0,0,2,1,0,21,6,1,84,87,1,0,0,0,0,0,0
13701,STU12172,9,89,0,0,2,1,0,22,1,1,72,48,1,1,3,3,1,0,0
13702,STU12173,13,62,1,1,1,1,1,20,14,0,85,90,1,1,0,0,0,0,1
13703,STU12174,13,62,1,1,1,1,1,28,5,0,54,75,0,0,1,1,0,0,0
13704,STU12175,13,62,1,1,1,1,1,18,13,0,86,66,0,2,2,2,0,0,1
13705,STU12176,13,62,1,1,1,1,1,18,0,0,55,77,1,2,1,1,0,1,0
13706,STU12177,13,62,0,0,2,1,1,20,14,0,85,90,1,1,0,0,0,0,1
13707,STU12178,13,62,0,0,2,1,1,28,5,0,54,75,0,0,1,1,0,0,0
13708,STU12179,13,62,0,0,2,1,1,18,13,0,86,66,0,2,2,2,0,0,1
13709,STU12180,13,62,0,0,2,1,1,18,0,0,55,77,1,2,1,1,0,1,0
13710,STU12181,35,63,2,1,0,1,1,23,5,0,92,74,1,2,1,1,0,1,0
13711,STU12182,35,63,2,1,0,1,1,19,12,0,68,55,1,0,2,2,1,0,0
13712,STU12183,30,92,1,1,1,1,1,22,15,0,58,61,1,0,2,2,0,1,0
13713,STU12184,7,88,2,1,1,1,0,22,8,1,64,85,1,1,0,0,0,0,0
13714,STU12185,7,88,2,1,1,1,0,21,15,0,65,64,0,2,2,2,0,0,1
13715,STU12186,9,90,1,1,1,1,1,19,8,1,95,73,0,0,1,1,0,0,0
13716,STU12187,9,90,1,1,1,1,1,29,15,1,70,82,0,1,1,1,1,0,0
13717,STU12188,9,90,2,1,0,1,1,19,8,1,95,73,0,0,1,1,0,0,0
13718,STU12189,9,90,2,1,0,1,1,29,15,1,70,82,0,1,1,1,1,0,0
13719,STU12190,25,79,0,1,1,1,1,21,17,1,88,92,0,2,0,0,0,0,1
13720,STU12191,25,79,0,1,1,1,1,28,15,1,89,45,0,2,3,3,1,0,0
13721,STU12192,25,79,1,0,0,0,1,21,17,1,88,92,0,2,0,0,0,0,1
13722,STU12193,25,79,1,0,0,0,1,28,15,1,89,45,0,2,3,3,1,0,0
13723,STU12194,30,71,0,0,0,1,0,27,8,0,96,45,0,2,3,3,0,0,0
13724,STU12195,30,71,2,0,0,1,0,27,8,0,96,45,0,2,3,3,0,0,0
13725,STU12196,13,66,1,1,0,1,0,22,13,0,95,44,1,0,3,3,0,1,0
13726,STU12197,13,66,1,1,0,1,0,25,14,1,93,57,1,2,2,2,0,0,1
13727,STU12198,28,65,1,0,2,0,0,24,1,1,97,94,1,2,0,0,0,0,0
13728,STU12199,24,83,0,0,1,1,1,20,13,1,76,73,1,1,1,1,0,0,0
13729,STU12200,24,83,0,0,1,1,1,29,10,1,51,100,0,1,0,0,0,0,1
13730,STU12201,24,83,1,0,2,1,1,20,13,1,76,73,1,1,1,1,0,0,0
13731,STU12202,24,83,1,0,2,1,1,29,10,1,51,100,0,1,0,0,0,0,1
13732,STU12203,32,91,1,1,1,1,0,19,9,0,81,45,1,1,3,3,0,0,0
13733,STU12204,6,76,1,1,1,1,1,29,1,0,81,94,0,2,0,0,0,0,0
13734,STU12205,26,79,2,1,2,1,0,29,0,1,73,65,0,2,2,2,0,0,0
13735,STU12206,26,79,2,1,2,1,0,19,4,0,93,89,1,0,0,0,0,1,0
13736,STU12207,26,79,2,1,2,1,0,18,5,0,82,89,1,2,0,0,0,1,0
13737,STU12208,26,79,2,1,2,1,0,28,2,0,83,93,1,1,0,0,1,0,0
13738,STU12209,26,79,2,1,2,1,0,21,3,0,60,74,0,2,1,1,0,0,1
13739,STU12210,32,64,2,1,0,0,0,18,20,1,58,41,1,2,3,3,0,1,0
13740,STU12211,32,64,2,1,0,0,0,19,0,1,95,41,0,2,3,3,0,0,1
13741,STU12212,32,64,2,1,0,0,0,27,11,1,65,99,0,2,0,0,1,0,0
13742,STU12213,32,64,2,1,0,0,0,19,0,0,50,54,1,2,3,3,0,0,1
13743,STU12214,12,97,1,1,1,0,1,29,6,1,64,42,1,1,3,3,0,1,0
13744,STU12215,12,97,0,1,1,1,1,29,6,1,64,42,1,1,3,3,0,1,0
13745,STU12216,7,68,1,0,1,1,0,22,17,0,99,80,0,0,1,1,0,1,0
13746,STU12217,7,68,1,0,1,1,0,23,6,1,90,83,0,2,1,1,1,0,0
13747,STU12218,24,85,0,1,1,1,1,21,9,1,62,53,1,2,3,3,0,0,0
13748,STU12219,24,85,0,1,1,1,1,29,14,0,99,62,0,2,2,2,0,1,0
13749,STU12220,24,85,0,1,1,1,1,24,13,0,77,48,0,2,3,3,1,0,0
13750,STU12221,11,75,2,0,1,1,0,18,18,1,78,92,1,0,0,0,1,0,0
13751,STU12222,11,75,1,0,1,0,0,18,18,1,78,92,1,0,0,0,1,0,0
13752,STU12223,35,67,2,1,0,1,1,23,17,1,58,66,1,2,2,2,0,0,1
13753,STU12224,12,90,1,1,0,1,0,21,20,1,59,53,0,2,3,3,0,0,1
13754,STU12225,12,90,1,1,0,1,0,22,17,0,61,98,0,2,0,0,0,1,0
13755,STU12226,12,90,1,1,0,1,0,29,17,0,58,96,1,0,0,0,0,0,1
13756,STU12227,12,90,1,1,0,1,0,19,12,0,92,54,1,0,3,3,0,0,1
13757,STU12228,12,90,1,1,0,1,0,27,19,1,52,86,1,0,0,0,0,1,0
13758,STU12229,12,90,1,1,0,1,0,18,9,1,67,67,0,1,2,2,0,0,0
13759,STU12230,12,90,1,1,0,1,0,23,5,0,50,43,1,0,3,3,0,1,0
13760,STU12231,12,90,1,1,0,1,0,24,20,0,95,43,1,2,3,3,0,0,0
13761,STU12232,12,90,2,0,0,1,0,21,20,1,59,53,0,2,3,3,0,0,1
13762,STU12233,12,90,2,0,0,1,0,22,17,0,61,98,0,2,0,0,0,1,0
13763,STU12234,12,90,2,0,0,1,0,29,17,0,58,96,1,0,0,0,0,0,1
13764,STU12235,12,90,2,0,0,1,0,19,12,0,92,54,1,0,3,3,0,0,1
13765,STU12236,12,90,2,0,0,1,0,27,19,1,52,86,1,0,0,0,0,1,0
13766,STU12237,12,90,2,0,0,1,0,18,9,1,67,67,0,1,2,2,0,0,0
13767,STU12238,12,90,2,0,0,1,0,23,5,0,50,43,1,0,3,3,0,1,0
13768,STU12239,12,90,2,0,0,1,0,24,20,0,95,43,1,2,3,3,0,0,0
13769,STU12240,27,60,2,0,2,1,0,28,4,1,59,63,1,1,2,2,1,0,0
13770,STU12241,27,60,2,0,2,1,0,27,14,1,86,98,1,2,0,0,0,1,0
13771,STU12242,27,60,2,0,0,1,0,28,4,1,59,63,1,1,2,2,1,0,0
13772,STU12243,27,60,2,0,0,1,0,27,14,1,86,98,1,2,0,0,0,1,0
13773,STU12244,10,75,2,1,1,1,1,27,7,1,82,88,1,2,0,0,1,0,0
13774,STU12245,10,75,2,1,1,1,1,21,1,1,67,100,1,0,0,0,0,0,0
13775,STU12246,10,75,1,1,1,1,1,27,7,1,82,88,1,2,0,0,1,0,0
13776,STU12247,10,75,1,1,1,1,1,21,1,1,67,100,1,0,0,0,0,0,0
13777,STU12248,5,97,0,1,1,1,0,20,8,1,84,46,0,0,3,3,0,0,1
13778,STU12249,10,91,2,1,1,1,1,27,1,1,89,71,1,0,1,1,0,0,1
13779,STU12250,29,81,1,1,1,0,0,19,13,0,81,79,0,1,1,1,0,1,0
13780,STU12251,29,81,1,1,1,0,0,20,16,0,68,59,1,2,2,2,0,0,0
13781,STU12252,28,96,2,0,2,0,0,25,15,0,90,82,1,1,1,1,0,0,1
13782,STU12253,35,91,1,1,0,1,1,18,12,0,100,62,1,1,2,2,1,0,0
13783,STU12254,35,91,1,1,0,1,1,24,13,0,67,51,1,2,3,3,0,0,0
13784,STU12255,35,91,1,1,0,1,1,26,8,1,72,40,1,1,3,3,0,0,1
13785,STU12256,35,91,1,1,0,1,1,24,10,1,56,94,0,1,0,0,0,0,0
13786,STU12257,35,91,1,1,0,1,1,29,0,1,62,94,1,2,0,0,0,0,0
13787,STU12258,35,91,1,1,0,1,1,29,18,1,77,45,1,1,3,3,1,0,0
13788,STU12259,7,89,0,1,1,1,1,22,5,1,80,83,1,2,1,1,0,0,1
13789,STU12260,7,89,0,1,1,1,1,24,18,1,55,49,0,2,3,3,0,0,1
13790,STU12261,9,88,1,1,1,1,0,27,2,0,50,99,1,2,0,0,1,0,0
13791,STU12262,32,83,1,1,1,0,0,25,3,1,98,55,1,0,2,2,0,1,0
13792,STU12263,32,83,1,1,1,0,0,20,1,0,60,97,1,1,0,0,1,0,0
13793,STU12264,32,83,1,1,1,0,0,29,8,0,57,80,1,0,1,1,0,0,0
13794,STU12265,32,83,1,1,1,0,0,26,9,1,86,62,1,0,2,2,1,0,0
13795,STU12266,5,73,0,1,2,1,1,29,0,1,54,79,1,2,1,1,1,0,0
13796,STU12267,5,73,0,1,2,1,1,23,9,1,73,96,1,2,0,0,0,1,0
13797,STU12268,5,73,0,1,2,1,1,21,11,1,94,60,1,1,2,2,0,1,0
13798,STU12269,39,78,1,0,1,1,1,27,15,1,79,40,1,1,3,3,1,0,0
13799,STU12270,39,78,1,0,1,1,1,22,7,1,64,100,1,2,0,0,0,0,0
13800,STU12271,16,85,2,1,0,1,0,22,18,0,99,68,0,2,2,2,1,0,0
13801,STU12272,16,85,2,1,0,1,0,29,14,0,94,80,1,1,1,1,0,0,0
13802,STU12273,6,66,1,1,0,1,1,22,7,1,95,71,0,1,1,1,0,1,0
13803,STU12274,6,66,1,1,0,1,1,24,15,1,54,41,0,2,3,3,0,0,1
13804,STU12275,6,66,1,1,0,1,1,25,9,1,64,66,1,2,2,2,0,0,0
13805,STU12276,36,89,0,1,0,1,1,22,14,1,79,63,1,2,2,2,0,0,0
13806,STU12277,36,89,0,1,0,1,1,27,1,0,69,79,1,1,1,1,0,1,0
13807,STU12278,5,93,0,0,1,1,1,28,7,1,63,61,1,1,2,2,0,1,0
13808,STU12279,5,93,0,0,1,1,1,27,18,0,59,74,1,2,1,1,1,0,0
13809,STU12280,5,93,0,0,1,1,1,27,13,1,62,56,1,1,2,2,1,0,0
13810,STU12281,5,93,0,0,1,1,1,24,5,1,87,81,1,1,1,1,0,0,1
13811,STU12282,10,65,2,0,1,1,0,20,13,1,71,95,1,2,0,0,1,0,0
13812,STU12283,10,65,2,0,1,1,0,20,9,0,73,57,1,2,2,2,0,1,0
13813,STU12284,13,78,2,0,2,1,0,26,11,1,61,54,1,2,3,3,1,0,0
13814,STU12285,9,81,1,1,1,1,0,18,20,0,95,83,1,2,1,1,1,0,0
13815,STU12286,9,81,1,1,1,1,0,22,4,1,77,75,1,2,1,1,0,0,1
13816,STU12287,9,81,1,1,1,1,0,22,20,0,100,65,0,2,2,2,0,0,1
13817,STU12288,29,60,2,0,1,1,1,25,17,1,77,43,0,0,3,3,0,0,0
13818,STU12289,29,60,2,0,1,1,1,24,5,0,50,90,1,2,0,0,0,0,1
13819,STU12290,29,60,2,0,1,1,1,29,8,1,64,90,0,2,0,0,0,0,0
13820,STU12291,11,68,1,1,1,1,1,22,5,1,69,98,0,2,0,0,1,0,0
13821,STU12292,11,68,2,1,2,0,1,22,5,1,69,98,0,2,0,0,1,0,0
13822,STU12293,38,98,1,0,1,1,0,18,5,1,74,86,0,2,0,0,0,0,0
13823,STU12294,38,98,1,0,1,1,0,22,14,0,75,56,1,1,2,2,0,1,0
13824,STU12295,38,98,1,0,1,1,0,28,12,0,51,80,0,0,1,1,0,1,0
13825,STU12296,38,98,1,0,1,1,0,26,19,1,86,77,1,2,1,1,0,0,1
13826,STU12297,9,93,0,1,1,1,1,29,8,1,84,72,0,2,1,1,0,0,0
13827,STU12298,6,80,1,1,0,1,1,19,7,0,100,78,1,1,1,1,1,0,0
13828,STU12299,6,80,1,1,0,1,1,18,9,1,80,66,0,1,2,2,0,0,0
13829,STU12300,30,68,2,1,2,1,0,23,19,1,84,42,0,1,3,3,0,1,0
13830,STU12301,6,92,1,1,1,1,1,20,6,1,67,44,1,0,3,3,1,0,0
13831,STU12302,6,92,1,1,1,1,1,20,1,1,70,79,0,2,1,1,0,0,0
13832,STU12303,6,92,1,1,1,1,1,19,8,0,64,43,1,1,3,3,1,0,0
13833,STU12304,5,61,1,0,2,1,1,20,14,0,71,44,0,2,3,3,0,1,0
13834,STU12305,5,61,1,0,2,1,1,26,15,0,55,90,1,0,0,0,1,0,0
13835,STU12306,5,61,1,0,2,1,1,19,0,1,52,60,1,2,2,2,1,0,0
13836,STU12307,9,67,2,1,1,1,1,27,13,0,86,82,0,2,1,1,1,0,0
13837,STU12308,9,67,2,1,1,1,1,22,13,0,54,77,1,1,1,1,1,0,0
13838,STU12309,9,67,2,1,1,1,1,22,0,1,62,52,1,1,3,3,0,0,1
13839,STU12310,6,83,1,0,1,1,0,29,17,0,77,55,1,0,2,2,1,0,0
13840,STU12311,6,83,1,0,1,1,0,27,14,1,92,95,1,2,0,0,0,0,0
13841,STU12312,6,83,1,0,1,1,0,21,8,1,84,100,1,2,0,0,0,0,1
13842,STU12313,30,99,1,0,1,1,1,18,6,0,88,62,1,2,2,2,1,0,0
13843,STU12314,30,99,1,0,1,1,1,20,9,0,88,44,1,1,3,3,0,1,0
13844,STU12315,30,99,1,0,1,1,1,20,10,1,56,93,1,2,0,0,0,0,1
13845,STU12316,30,99,1,1,1,1,1,18,6,0,88,62,1,2,2,2,1,0,0
13846,STU12317,30,99,1,1,1,1,1,20,9,0,88,44,1,1,3,3,0,1,0
13847,STU12318,30,99,1,1,1,1,1,20,10,1,56,93,1,2,0,0,0,0,1
13848,STU12319,27,76,2,1,1,1,0,28,3,0,90,94,0,0,0,0,0,0,1
13849,STU12320,27,76,2,1,1,1,0,25,1,0,63,77,1,0,1,1,0,0,0
13850,STU12321,27,76,2,0,1,1,0,28,3,0,90,94,0,0,0,0,0,0,1
13851,STU12322,27,76,2,0,1,1,0,25,1,0,63,77,1,0,1,1,0,0,0
13854,STU12323,27,76,1,0,1,1,0,28,3,0,90,94,0,0,0,0,0,0,1
13855,STU12324,27,76,1,0,1,1,0,25,1,0,63,77,1,0,1,1,0,0,0
13856,STU12325,33,66,1,0,1,1,1,27,9,0,91,80,1,0,1,1,0,0,1
13857,STU12326,33,66,1,0,1,1,1,22,5,1,95,55,1,2,2,2,0,1,0
13858,STU12327,33,66,1,0,1,1,1,26,13,1,68,90,0,2,0,0,0,1,0
13859,STU12328,33,66,1,0,1,1,1,20,1,1,80,55,1,0,2,2,1,0,0
13860,STU12329,27,100,1,1,0,1,0,22,11,1,78,86,0,1,0,0,1,0,0
13861,STU12330,27,100,1,1,0,1,0,18,20,1,61,67,0,2,2,2,0,0,1
13862,STU12331,33,78,0,0,1,1,1,22,17,0,60,94,1,1,0,0,1,0,0
13863,STU12332,33,78,0,0,1,1,1,25,18,0,95,77,1,0,1,1,0,0,1
13864,STU12333,33,78,0,0,1,1,1,24,11,0,67,98,1,2,0,0,0,0,0
13865,STU12334,33,78,1,0,1,1,1,22,17,0,60,94,1,1,0,0,1,0,0
13866,STU12335,33,78,1,0,1,1,1,25,18,0,95,77,1,0,1,1,0,0,1
13867,STU12336,33,78,1,0,1,1,1,24,11,0,67,98,1,2,0,0,0,0,0
13868,STU12337,7,94,0,1,2,1,0,28,0,1,67,93,1,0,0,0,0,0,0
13869,STU12338,7,94,0,1,2,1,0,29,10,1,70,52,0,2,3,3,0,0,1
13870,STU12339,32,90,1,1,2,1,1,25,4,1,53,41,1,2,3,3,0,0,1
13871,STU12340,30,97,1,1,2,1,0,27,5,1,79,47,1,0,3,3,0,0,0
13872,STU12341,30,97,1,1,2,1,0,23,6,1,68,99,1,1,0,0,0,1,0
13873,STU12342,30,97,1,1,2,1,0,23,0,0,78,80,1,2,1,1,0,0,0
13874,STU12343,30,97,1,1,2,1,0,25,12,0,78,47,1,2,3,3,0,1,0
13875,STU12344,30,97,1,1,2,1,0,28,15,1,56,79,1,1,1,1,1,0,0
13876,STU12345,15,94,1,1,0,1,0,20,6,0,66,45,1,2,3,3,0,1,0
13877,STU12346,15,94,1,1,0,1,0,21,4,1,94,79,1,0,1,1,0,0,0
13880,STU12347,27,93,0,1,0,1,1,23,15,0,81,76,1,1,1,1,0,0,0
13881,STU12348,13,72,2,0,0,1,0,22,14,1,89,91,0,2,0,0,0,0,1
13882,STU12349,13,72,2,0,0,1,0,29,17,0,70,54,1,2,3,3,0,0,1
13883,STU12350,33,61,0,1,1,1,1,25,0,1,75,40,1,1,3,3,0,1,0
13884,STU12351,12,86,1,1,0,0,0,27,19,1,58,92,0,1,0,0,0,1,0
13885,STU12352,12,86,1,1,0,0,0,28,11,0,77,60,1,0,2,2,0,0,1
13886,STU12353,12,86,1,1,0,0,0,23,6,1,69,92,1,2,0,0,0,0,1
13887,STU12354,36,82,0,1,1,1,1,21,6,0,54,95,1,1,0,0,0,1,0
13888,STU12355,36,82,0,1,1,1,1,20,15,1,71,78,0,0,1,1,0,1,0
13889,STU12356,36,82,0,1,1,1,1,18,3,0,63,74,0,0,1,1,0,0,0
13890,STU12357,36,82,0,1,1,1,1,25,14,1,71,78,1,2,1,1,1,0,0
13891,STU12358,34,99,1,1,1,1,1,24,2,0,68,63,1,0,2,2,0,1,0
13892,STU12359,22,100,1,0,1,1,1,25,4,1,57,85,1,1,0,0,1,0,0
13893,STU12360,27,80,1,0,0,1,0,29,14,1,71,81,1,0,1,1,1,0,0
13894,STU12361,27,80,1,0,0,1,0,23,13,0,58,40,1,2,3,3,0,1,0
13895,STU12362,29,79,2,0,1,1,0,29,3,0,69,82,1,2,1,1,1,0,0
13896,STU12363,29,79,2,0,1,1,0,22,2,0,88,55,1,1,2,2,0,1,0
13897,STU12364,29,79,2,0,1,1,0,19,17,1,90,52,1,2,3,3,0,0,0
13898,STU12365,11,77,0,1,0,1,1,25,18,0,87,48,1,2,3,3,1,0,0
13899,STU12366,11,77,0,1,0,1,1,19,5,1,81,52,0,1,3,3,0,1,0
13900,STU12367,11,77,0,1,0,1,1,18,20,0,62,50,0,0,3,3,1,0,0
13901,STU12368,11,77,0,1,0,1,1,21,13,0,84,52,1,2,3,3,0,0,1
13902,STU12369,31,95,1,0,1,1,0,28,11,1,98,45,1,2,3,3,0,1,0
13903,STU12370,15,80,1,1,0,1,1,18,8,0,96,71,1,2,1,1,0,1,0
13904,STU12371,15,80,1,1,0,1,1,28,18,1,50,67,1,2,2,2,0,0,0
13905,STU12372,15,80,1,1,0,1,1,25,18,1,53,42,0,2,3,3,0,0,0
13906,STU12373,15,80,1,1,0,1,1,27,9,1,80,78,1,2,1,1,0,1,0
13907,STU12374,15,80,2,1,1,1,1,18,8,0,96,71,1,2,1,1,0,1,0
13908,STU12375,15,80,2,1,1,1,1,28,18,1,50,67,1,2,2,2,0,0,0
13909,STU12376,15,80,2,1,1,1,1,25,18,1,53,42,0,2,3,3,0,0,0
13910,STU12377,15,80,2,1,1,1,1,27,9,1,80,78,1,2,1,1,0,1,0
13911,STU12378,17,74,0,1,0,1,0,19,8,1,95,79,1,0,1,1,0,0,0
13912,STU12379,17,74,0,1,0,1,0,26,14,1,73,77,0,1,1,1,0,1,0
13913,STU12380,17,74,0,1,0,1,0,25,4,1,74,59,1,1,2,2,0,1,0
13914,STU12381,17,74,1,0,1,1,0,19,8,1,95,79,1,0,1,1,0,0,0
13915,STU12382,17,74,1,0,1,1,0,26,14,1,73,77,0,1,1,1,0,1,0
13916,STU12383,17,74,1,0,1,1,0,25,4,1,74,59,1,1,2,2,0,1,0
13917,STU12384,11,95,1,1,1,0,0,27,4,1,50,83,1,0,1,1,0,0,0
13918,STU12385,11,95,1,1,1,0,0,27,12,1,91,55,1,1,2,2,1,0,0
13919,STU12386,11,95,1,1,0,1,0,27,4,1,50,83,1,0,1,1,0,0,0
13920,STU12387,11,95,1,1,0,1,0,27,12,1,91,55,1,1,2,2,1,0,0
13921,STU12388,31,73,2,1,2,1,0,21,5,1,65,62,1,0,2,2,0,1,0
13922,STU12389,12,93,2,0,1,1,0,29,3,0,50,45,1,2,3,3,0,0,1
13923,STU12390,12,93,2,0,1,1,0,22,5,0,77,99,0,1,0,0,0,1,0
13924,STU12391,12,93,2,0,1,1,0,18,2,1,95,77,1,1,1,1,1,0,0
13925,STU12392,12,93,2,0,1,1,0,19,17,0,55,89,1,2,0,0,1,0,0
13926,STU12393,32,94,2,1,2,1,1,19,12,1,82,67,1,1,2,2,0,1,0
13927,STU12394,32,94,2,1,2,1,1,19,8,1,97,45,1,1,3,3,0,0,0
13928,STU12395,34,93,1,1,2,1,1,19,11,0,82,43,1,2,3,3,0,0,0
13929,STU12396,29,93,1,0,1,1,0,18,10,0,60,83,0,0,1,1,1,0,0
13930,STU12397,29,93,1,0,1,1,0,22,0,0,53,56,1,2,2,2,0,1,0
13931,STU12398,29,93,1,0,1,1,0,18,5,1,55,89,1,0,0,0,1,0,0
13932,STU12399,29,93,1,0,1,1,0,25,12,1,59,71,1,2,1,1,0,0,1
13933,STU12400,10,94,2,0,1,1,0,24,8,1,96,75,1,2,1,1,0,1,0
13934,STU12401,10,94,2,0,1,1,0,23,14,1,78,52,1,1,3,3,1,0,0
13935,STU12402,10,94,2,0,1,1,0,24,0,1,85,68,1,1,2,2,1,0,0
13936,STU12403,20,91,1,1,2,1,0,24,3,1,85,85,1,0,0,0,0,0,0
13937,STU12404,28,88,2,1,1,1,0,20,17,1,76,56,1,1,2,2,0,0,0
13938,STU12405,5,96,0,1,0,1,1,22,3,1,86,61,1,1,2,2,0,0,0
13939,STU12406,5,96,0,1,0,1,1,25,14,1,66,79,1,2,1,1,0,0,1
13940,STU12407,5,96,0,1,0,1,1,23,6,1,76,97,1,2,0,0,1,0,0
13941,STU12408,5,96,0,1,0,1,1,27,16,0,92,78,0,1,1,1,0,0,1
13942,STU12409,5,96,0,1,0,1,1,25,12,0,80,82,1,2,1,1,0,0,0
13943,STU12410,28,68,0,1,1,1,1,29,15,1,94,75,1,1,1,1,0,0,0
13944,STU12411,28,68,0,1,1,1,1,20,20,1,89,94,1,2,0,0,0,0,0
13945,STU12412,28,68,0,1,1,1,1,29,12,1,68,46,0,2,3,3,0,1,0
13946,STU12413,28,68,0,1,1,1,1,29,1,0,50,54,1,2,3,3,0,1,0
13947,STU12414,28,68,1,1,1,1,1,29,15,1,94,75,1,1,1,1,0,0,0
13948,STU12415,28,68,1,1,1,1,1,20,20,1,89,94,1,2,0,0,0,0,0
13949,STU12416,28,68,1,1,1,1,1,29,12,1,68,46,0,2,3,3,0,1,0
13950,STU12417,28,68,1,1,1,1,1,29,1,0,50,54,1,2,3,3,0,1,0
13951,STU12418,10,88,1,0,1,1,0,19,8,1,58,65,1,2,2,2,0,0,1
13952,STU12419,10,88,1,0,1,1,0,20,7,1,66,90,0,2,0,0,1,0,0
13953,STU12420,36,90,2,1,0,1,1,25,18,1,54,78,0,0,1,1,0,0,0
13954,STU12421,7,73,1,1,1,1,1,22,4,1,74,44,1,2,3,3,0,1,0
13955,STU12422,34,82,2,1,2,1,0,20,0,1,68,59,0,2,2,2,0,1,0
13956,STU12423,28,85,1,1,1,1,0,19,12,1,91,66,0,2,2,2,0,1,0
13957,STU12424,28,85,1,1,1,1,0,27,18,1,54,71,1,2,1,1,0,1,0
13958,STU12425,37,96,1,0,1,1,0,20,19,1,61,46,1,2,3,3,0,0,0
13959,STU12426,37,96,1,0,1,1,0,21,1,0,76,55,1,2,2,2,1,0,0
13960,STU12427,37,96,1,0,1,1,0,26,12,1,97,40,1,1,3,3,0,0,0
13961,STU12428,8,65,1,0,0,1,0,22,14,0,68,46,1,2,3,3,1,0,0
13962,STU12429,8,65,1,0,0,1,0,23,17,1,89,77,1,0,1,1,0,1,0
13963,STU12430,8,65,1,0,0,1,0,28,12,1,53,54,1,2,3,3,1,0,0
13964,STU12431,8,65,1,0,0,1,0,23,2,1,76,50,1,2,3,3,1,0,0
13965,STU12432,8,64,1,1,1,1,1,19,3,1,91,50,1,2,3,3,1,0,0
13966,STU12433,8,64,1,1,1,1,1,24,10,1,53,57,1,2,2,2,0,0,0
13967,STU12434,8,64,1,1,1,1,1,22,7,0,68,73,1,2,1,1,0,1,0
13968,STU12435,6,84,1,1,1,1,1,19,11,1,55,80,1,2,1,1,0,0,1
13969,STU12436,32,94,2,1,1,1,0,18,3,1,52,42,1,1,3,3,0,1,0
13970,STU12437,32,94,2,1,1,1,0,27,18,0,65,94,0,1,0,0,0,1,0
13971,STU12438,32,94,2,1,1,1,0,28,5,0,84,95,1,1,0,0,0,0,1
13972,STU12439,28,90,0,1,1,1,1,24,9,1,71,81,0,2,1,1,0,1,0
13973,STU12440,28,90,0,1,1,1,1,22,14,0,58,94,0,2,0,0,0,0,0
13974,STU12441,8,96,1,1,2,1,1,23,8,1,84,51,0,1,3,3,0,1,0
13975,STU12442,8,96,1,1,2,1,1,19,13,1,63,96,0,2,0,0,0,0,0
13976,STU12443,8,96,1,1,2,1,1,28,0,0,60,85,1,1,0,0,0,0,0
13977,STU12444,28,93,1,0,2,1,1,20,18,1,84,99,1,2,0,0,1,0,0
13978,STU12445,28,93,1,0,2,1,1,23,3,0,54,63,1,2,2,2,0,0,0
13979,STU12446,29,75,1,1,0,1,1,18,13,1,69,72,1,0,1,1,0,1,0
13980,STU12447,29,75,1,1,0,1,1,28,4,1,93,45,0,2,3,3,0,0,0
13981,STU12448,9,78,1,0,0,1,0,24,12,1,85,88,1,1,0,0,0,1,0
13982,STU12449,6,67,0,1,0,1,1,24,8,1,93,70,1,2,1,1,1,0,0
13983,STU12450,6,67,0,1,0,1,1,23,3,0,77,62,1,2,2,2,0,1,0
13984,STU12451,13,75,2,1,1,1,0,22,1,1,65,70,1,0,1,1,1,0,0
13985,STU12452,13,75,2,1,1,1,0,20,11,1,100,44,1,2,3,3,1,0,0
13986,STU12453,6,88,2,1,1,1,1,21,2,1,96,54,1,1,3,3,0,0,1
13987,STU12454,26,87,2,0,0,1,0,22,13,1,53,48,1,2,3,3,0,0,0
13988,STU12455,35,84,1,1,2,1,1,25,16,0,93,83,1,2,1,1,0,0,1
13989,STU12456,29,65,1,1,1,0,0,21,1,1,68,83,1,1,1,1,0,0,0
13990,STU12457,29,65,1,1,1,0,0,22,16,0,60,47,1,1,3,3,0,1,0
13991,STU12458,12,91,0,1,0,1,1,18,15,1,59,85,0,2,0,0,0,0,0
13992,STU12459,33,95,0,1,0,1,0,28,17,1,70,65,1,0,2,2,0,0,1
13993,STU12460,33,95,0,1,0,1,0,19,1,0,52,99,1,2,0,0,0,1,0
13994,STU12461,33,95,0,1,0,1,0,18,6,1,99,41,1,2,3,3,0,0,1
13995,STU12462,33,95,0,1,0,1,0,19,7,0,77,47,0,2,3,3,0,0,0
13996,STU12463,33,95,0,1,0,1,0,26,6,1,77,90,0,0,0,0,0,1,0
13997,STU12464,30,62,0,1,1,1,0,27,18,1,67,40,0,2,3,3,0,0,0
13998,STU12465,30,62,0,1,1,1,0,22,2,1,100,71,1,2,1,1,0,1,0
13999,STU12466,30,62,0,1,1,1,0,23,12,1,72,55,1,1,2,2,0,0,1
14000,STU12467,22,90,2,0,1,1,0,23,0,1,80,56,0,0,2,2,0,0,1
14001,STU12468,22,90,2,0,1,1,0,29,16,0,50,62,1,2,2,2,0,1,0
14002,STU12469,10,86,2,1,2,1,0,18,8,1,66,77,1,2,1,1,0,1,0
